shell-init: error retrieving current directory: getcwd: cannot access parent directories: Operation not permitted
shell-init: error retrieving current directory: getcwd: cannot access parent directories: Operation not permitted
/bin/bash: ./publicar.sh: Operation not permitted
shell-init: error retrieving current directory: getcwd: cannot access parent directories: Operation not permitted
shell-init: error retrieving current directory: getcwd: cannot access parent directories: Operation not permitted
/bin/bash: ./publicar.sh: Operation not permitted

==================================================
  PUBLICAR — 19/09/2026 01:30
==================================================

[1/5] Executando SCRIPT_Unificado.R...
Linking to GEOS 3.13.0, GDAL 3.8.5, PROJ 9.5.1; sf_use_s2() is TRUE

Anexando pacote: ‘dplyr’

Os seguintes objetos são mascarados por ‘package:stats’:

    filter, lag

Os seguintes objetos são mascarados por ‘package:base’:

    intersect, setdiff, setequal, union


Anexando pacote: ‘readr’

O seguinte objeto é mascarado por ‘package:scales’:

    col_factor


Anexando pacote: ‘lubridate’

Os seguintes objetos são mascarados por ‘package:base’:

    date, intersect, setdiff, union

Municípios: 30 | Pop. total: 909.489
Mensagen de aviso:
In prettyNum(.Internal(format(x, trim, digits, nsmall, width, 3L,  :
  'big.mark' e 'decimal.mark' são ambos '.', o que pode ser confuso
Saída: graficos

Carregando anos: 2024, 2025, 2026
  Baixando via API dados.gov.br (SRAG 2024)...
  Baixando via API dados.gov.br: https://s3.sa-east-1.amazonaws.com/ckan.saude.gov.br/SRAG/2024/INFLUD24-23-03-2026.csv
tentando a URL 'https://s3.sa-east-1.amazonaws.com/ckan.saude.gov.br/SRAG/2024/INFLUD24-23-03-2026.csv'
Content type 'text/csv' length 302245508 bytes (288.2 MB)
==================================================
downloaded 288.2 MB

  [OK] 267986 registros (via API)
  Baixando via API dados.gov.br (SRAG 2025)...
  Baixando via API dados.gov.br: https://s3.sa-east-1.amazonaws.com/ckan.saude.gov.br/SRAG/2025/INFLUD25-14-09-2026.csv
tentando a URL 'https://s3.sa-east-1.amazonaws.com/ckan.saude.gov.br/SRAG/2025/INFLUD25-14-09-2026.csv'
Content type 'text/csv' length 382062541 bytes (364.4 MB)
==================================================
downloaded 364.4 MB

  [OK] 336391 registros (via API)
  Baixando via API dados.gov.br (SRAG 2026)...
  Baixando via API dados.gov.br: https://s3.sa-east-1.amazonaws.com/ckan.saude.gov.br/SRAG/2026/INFLUD26-14-09-2026.csv
tentando a URL 'https://s3.sa-east-1.amazonaws.com/ckan.saude.gov.br/SRAG/2026/INFLUD26-14-09-2026.csv'
Content type 'text/csv' length 237470416 bytes (226.5 MB)
==================================================
downloaded 226.5 MB

  [OK] 212278 registros (via API)
Total de registros: 816.655
Mensagen de aviso:
In prettyNum(.Internal(format(x, trim, digits, nsmall, width, 3L,  :
  'big.mark' e 'decimal.mark' são ambos '.', o que pode ser confuso
Escopo    : 15ª Regional de Saúde de Maringá
Registros : 1.424
Mensagen de aviso:
In prettyNum(.Internal(format(x, trim, digits, nsmall, width, 3L,  :
  'big.mark' e 'decimal.mark' são ambos '.', o que pode ser confuso
Pop. IBGE : 909.489
Mensagen de aviso:
In prettyNum(.Internal(format(x, trim, digits, nsmall, width, 3L,  :
  'big.mark' e 'decimal.mark' são ambos '.', o que pode ser confuso

Carregando anos históricos para gráfico de vírus: 2019, 2020, 2021, 2022, 2023
  Baixando via API dados.gov.br (SRAG 2019)...
  Baixando via API dados.gov.br: https://s3.sa-east-1.amazonaws.com/ckan.saude.gov.br/SRAG/2019/INFLUD19-23-03-2026.csv
tentando a URL 'https://s3.sa-east-1.amazonaws.com/ckan.saude.gov.br/SRAG/2019/INFLUD19-23-03-2026.csv'
Content type 'text/csv' length 51658150 bytes (49.3 MB)
==================================================
downloaded 49.3 MB

  [OK] 48941 registros (via API)
  Baixando via API dados.gov.br (SRAG 2020)...
  Baixando via API dados.gov.br: https://s3.sa-east-1.amazonaws.com/ckan.saude.gov.br/SRAG/2020/INFLUD20-23-03-2026.csv
tentando a URL 'https://s3.sa-east-1.amazonaws.com/ckan.saude.gov.br/SRAG/2020/INFLUD20-23-03-2026.csv'
Content type 'text/csv' length 1259748695 bytes (1201.4 MB)
==============================================
downloaded 1117.7 MB

  [erro] Falha ao baixar via API para 2020: download from 'https://s3.sa-east-1.amazonaws.com/ckan.saude.gov.br/SRAG/2020/INFLUD20-23-03-2026.csv' failed
  Baixando via API dados.gov.br (SRAG 2021)...
  Baixando via API dados.gov.br: https://s3.sa-east-1.amazonaws.com/ckan.saude.gov.br/SRAG/2021/INFLUD21-23-03-2026.csv
tentando a URL 'https://s3.sa-east-1.amazonaws.com/ckan.saude.gov.br/SRAG/2021/INFLUD21-23-03-2026.csv'
Content type 'text/csv' length 1825519583 bytes (1741.0 MB)
=======================
downloaded 825.4 MB

  [erro] Falha ao baixar via API para 2021: download from 'https://s3.sa-east-1.amazonaws.com/ckan.saude.gov.br/SRAG/2021/INFLUD21-23-03-2026.csv' failed
  Baixando via API dados.gov.br (SRAG 2022)...
  Baixando via API dados.gov.br: https://s3.sa-east-1.amazonaws.com/ckan.saude.gov.br/SRAG/2022/INFLUD22-23-03-2026.csv
tentando a URL 'https://s3.sa-east-1.amazonaws.com/ckan.saude.gov.br/SRAG/2022/INFLUD22-23-03-2026.csv'
Content type 'text/csv' length 623026503 bytes (594.2 MB)
===============
downloaded 178.9 MB

  [erro] Falha ao baixar via API para 2022: download from 'https://s3.sa-east-1.amazonaws.com/ckan.saude.gov.br/SRAG/2022/INFLUD22-23-03-2026.csv' failed
  Baixando via API dados.gov.br (SRAG 2023)...
  Baixando via API dados.gov.br: https://s3.sa-east-1.amazonaws.com/ckan.saude.gov.br/SRAG/2023/INFLUD23-23-03-2026.csv
tentando a URL 'https://s3.sa-east-1.amazonaws.com/ckan.saude.gov.br/SRAG/2023/INFLUD23-23-03-2026.csv'
Content type 'text/csv' length 316216304 bytes (301.6 MB)
==================================================
downloaded 301.6 MB

  [OK] 279453 registros (via API)
[OK] base_15rs_historica: 5 anos | 8.177 registros
Mensagens de aviso:
1: In download.file(link, destfile = destino, mode = "wb") :
  downloaded length 1171945112 != reported length 1259748695
2: In download.file(link, destfile = destino, mode = "wb") :
  URL 'https://s3.sa-east-1.amazonaws.com/ckan.saude.gov.br/SRAG/2020/INFLUD20-23-03-2026.csv': Timeout of 60 seconds was reached
3: In download.file(link, destfile = destino, mode = "wb") :
  downloaded length 865480130 != reported length 1825519583
4: In download.file(link, destfile = destino, mode = "wb") :
  URL 'https://s3.sa-east-1.amazonaws.com/ckan.saude.gov.br/SRAG/2021/INFLUD21-23-03-2026.csv': Timeout of 60 seconds was reached
5: In download.file(link, destfile = destino, mode = "wb") :
  downloaded length 187634559 != reported length 623026503
6: In download.file(link, destfile = destino, mode = "wb") :
  URL 'https://s3.sa-east-1.amazonaws.com/ckan.saude.gov.br/SRAG/2022/INFLUD22-23-03-2026.csv': Timeout of 60 seconds was reached
7: In prettyNum(.Internal(format(x, trim, digits, nsmall, width, 3L,  :
  'big.mark' e 'decimal.mark' são ambos '.', o que pode ser confuso
Salvo: graficos/06_curva_epidemica_comparativa.png
Mensagen de aviso:
In prettyNum(.Internal(format(x, trim, digits, nsmall, width, 3L,  :
  'big.mark' e 'decimal.mark' são ambos '.', o que pode ser confuso
Canal endêmico — anos de referência: 2022, 2023, 2024, 2025
Salvo: graficos/06b_canal_endemico.png
Mensagen de aviso:
In prettyNum(.Internal(format(x, trim, digits, nsmall, width, 3L,  :
  'big.mark' e 'decimal.mark' são ambos '.', o que pode ser confuso
Mensagens de aviso:
1: In prettyNum(.Internal(format(x, trim, digits, nsmall, width, 3L,  :
  'big.mark' e 'decimal.mark' são ambos '.', o que pode ser confuso
2: In prettyNum(.Internal(format(x, trim, digits, nsmall, width, 3L,  :
  'big.mark' e 'decimal.mark' são ambos '.', o que pode ser confuso
3: In prettyNum(.Internal(format(x, trim, digits, nsmall, width, 3L,  :
  'big.mark' e 'decimal.mark' são ambos '.', o que pode ser confuso
Salvo: graficos/07_notificacoes_semana_epi.png
Salvo: graficos/07b_variacao_semanal.png
Mensagens de aviso:
1: In prettyNum(.Internal(format(x, trim, digits, nsmall, width, 3L,  :
  'big.mark' e 'decimal.mark' são ambos '.', o que pode ser confuso
2: In prettyNum(.Internal(format(x, trim, digits, nsmall, width, 3L,  :
  'big.mark' e 'decimal.mark' são ambos '.', o que pode ser confuso
Salvo: graficos/08_confirmados_semana_epi.png
Mensagens de aviso:
1: In prettyNum(.Internal(format(x, trim, digits, nsmall, width, 3L,  :
  'big.mark' e 'decimal.mark' são ambos '.', o que pode ser confuso
2: In prettyNum(.Internal(format(x, trim, digits, nsmall, width, 3L,  :
  'big.mark' e 'decimal.mark' são ambos '.', o que pode ser confuso
Salvo: graficos/09_incidencia_por_municipio.png
Salvo: graficos/10_notificacoes_regionais_pr.png
Mensagens de aviso:
1: In prettyNum(.Internal(format(x, trim, digits, nsmall, width, 3L,  :
  'big.mark' e 'decimal.mark' são ambos '.', o que pode ser confuso
2: In prettyNum(.Internal(format(x, trim, digits, nsmall, width, 3L,  :
  'big.mark' e 'decimal.mark' são ambos '.', o que pode ser confuso
Mensagen de aviso:
In prettyNum(.Internal(format(x, trim, digits, nsmall, width, 3L,  :
  'big.mark' e 'decimal.mark' são ambos '.', o que pode ser confuso
Salvo: graficos/11_distribuicao_sexo.png
Mensagen de aviso:
In prettyNum(.Internal(format(x, trim, digits, nsmall, width, 3L,  :
  'big.mark' e 'decimal.mark' são ambos '.', o que pode ser confuso
Salvo: graficos/12_classificacao_final.png
Mensagen de aviso:
In prettyNum(.Internal(format(x, trim, digits, nsmall, width, 3L,  :
  'big.mark' e 'decimal.mark' são ambos '.', o que pode ser confuso
Salvo: graficos/13_circulacao_viral_total.png
Salvo: graficos/14_tendencia_viral_semanal.png
Mensagen de aviso:
In prettyNum(.Internal(format(x, trim, digits, nsmall, width, 3L,  :
  'big.mark' e 'decimal.mark' são ambos '.', o que pode ser confuso
Salvo: graficos/D13_virus_faixa_etaria_heatmap.png
Salvo: graficos/D13_virus_faixa_etaria_barras.png
Gráficos D13 salvos.
Salvo: graficos/15_tipos_linhagens_influenza.png
Mensagen de aviso:
In prettyNum(.Internal(format(x, trim, digits, nsmall, width, 3L,  :
  'big.mark' e 'decimal.mark' são ambos '.', o que pode ser confuso
Salvo: graficos/22_virus_tendencia_anual.png
[OK] Gráfico 22 salvo.
Mensagens de aviso:
1: In prettyNum(.Internal(format(x, trim, digits, nsmall, width, 3L,  :
  'big.mark' e 'decimal.mark' são ambos '.', o que pode ser confuso
2: In prettyNum(.Internal(format(x, trim, digits, nsmall, width, 3L,  :
  'big.mark' e 'decimal.mark' são ambos '.', o que pode ser confuso
Salvo: graficos/16_faixa_etaria_notif_confirmados.png
Mensagen de aviso:
In prettyNum(.Internal(format(x, trim, digits, nsmall, width, 3L,  :
  'big.mark' e 'decimal.mark' são ambos '.', o que pode ser confuso
Salvo: graficos/17_piramide_etaria_notificados.png
Salvo: graficos/18_piramide_etaria_obitos.png
Mensagen de aviso:
In prettyNum(.Internal(format(x, trim, digits, nsmall, width, 3L,  :
  'big.mark' e 'decimal.mark' são ambos '.', o que pode ser confuso
Mensagen de aviso:
In prettyNum(.Internal(format(x, trim, digits, nsmall, width, 3L,  :
  'big.mark' e 'decimal.mark' são ambos '.', o que pode ser confuso
Salvo: graficos/19_evolucao_desfecho.png
Mensagen de aviso:
In prettyNum(.Internal(format(x, trim, digits, nsmall, width, 3L,  :
  'big.mark' e 'decimal.mark' são ambos '.', o que pode ser confuso
Salvo: graficos/20_raca_cor.png
Salvo: graficos/srag_serie_classificacao_2026.png
ℹ tmap modes "plot" - "view"
ℹ toggle with `tmap::ttm()`
This message is displayed once per session.

Gerando mapa por município...
Map saved to graficos/mapa_srag_casos_2026.png
Resolution: 2400 by 2000 pixels
Size: 8 by 6.666667 inches (300 dpi)
[plot mode] fit legend/component: Some legend items or map compoments do not
fit well, and are therefore rescaled.
ℹ Set the tmap option `component.autoscale = FALSE` to disable rescaling.
Map saved to graficos/mapa_srag_incidencia_2026.png
Resolution: 2400 by 2000 pixels
Size: 8 by 6.666667 inches (300 dpi)
Mapas por município salvos.
Mensagen de aviso:
Nenhuma coluna de estabelecimento (NO_UNIDADE/NM_UNIDADE/ID_UNIDADE) encontrada na base. Exportação para o filtro do site foi pulada. 

============================================================
RESUMO
============================================================
Escopo              : 15ª Regional de Saúde de Maringá
Ano(s) analisados   : 2026
Pop. IBGE 2025      : 909.489
Mensagen de aviso:
In prettyNum(.Internal(format(x, trim, digits, nsmall, width, 3L,  :
  'big.mark' e 'decimal.mark' são ambos '.', o que pode ser confuso
Total notificações  : 1.424
Mensagen de aviso:
In prettyNum(.Internal(format(x, trim, digits, nsmall, width, 3L,  :
  'big.mark' e 'decimal.mark' são ambos '.', o que pode ser confuso
Tx notif. /100k hab.: 156.6
Confirmados PCR     : 486
Mensagen de aviso:
In prettyNum(.Internal(format(x, trim, digits, nsmall, width, 3L,  :
  'big.mark' e 'decimal.mark' são ambos '.', o que pode ser confuso
Óbitos (EVOLUCAO=2) : 95
Mensagen de aviso:
In prettyNum(.Internal(format(x, trim, digits, nsmall, width, 3L,  :
  'big.mark' e 'decimal.mark' são ambos '.', o que pode ser confuso
Letalidade          : 6.67%
Saída               : graficos
============================================================
Concluído. Rode quarto render e git push para atualizar o site.
      Gráficos gerados.

[2/5] Dados novos detectados — limpando cache do freeze...
      Cache removido.

[3/5] Renderizando projeto Quarto...
[1m[34m[1/6] arquivo/painel_15rs.qmd[39m[22m
[1m[34m[2/6] arquivo/painel_parana.qmd[39m[22m
[1m[34m[3/6] arquivo/srag.qmd[39m[22m
[1m[34m[4/6] descritiva.qmd[39m[22m
[31m

processing file: descritiva.qmd
[39m1/29                        
2/29 [setup]                
[31mtentando a URL 'https://s3.sa-east-1.amazonaws.com/ckan.saude.gov.br/SRAG/2022/INFLUD22-23-03-2026.csv'
[39m[31mContent type 'text/csv' length 623026503 bytes (594.2 MB)
[39m[31m=[39m[31m=[39m[31m=[39m[31m=[39m[31m=[39m[31m=[39m[31m=[39m[31m=[39m[31m=[39m[31m=[39m[31m=[39m[31m=[39m[31m=[39m[31m=[39m[31m=[39m[31m=[39m[31m=[39m[31m=[39m[31m=[39m[31m=[39m[31m=[39m[31m=[39m[31m=[39m[31m=[39m[31m=[39m[31m=[39m[31m=[39m[31m=[39m[31m=[39m[31m=[39m[31m=[39m[31m=[39m[31m=[39m[31m=[39m[31m=[39m[31m=[39m[31m=[39m[31m=[39m[31m=[39m[31m=[39m[31m=[39m[31m=[39m[31m=[39m[31m=[39m[31m=[39m[31m=[39m[31m=[39m[31m=[39m[31m=[39m[31m=
downloaded 594.2 MB

[39m3/29                        
4/29 [completitude]         
5/29                        
6/29 [oportunidade-notif]   
7/29                        
8/29 [oportunidade-desf]    
9/29                        
10/29 [comorbidades-total]   
11/29                        
12/29 [comorbidades-obitos]  
13/29                        
14/29 [letalidade-faixa]     
15/29                        
16/29 [letalidade-sexo]      
17/29                        
18/29 [uti-faixa]            
19/29                        
20/29 [criterio]             
21/29                        
22/29 [antiviral]            
23/29                        
24/29 [vacinal]              
25/29                        
26/29 [mortalidade-municipio]
27/29                        
28/29 [tabela-mun]           
29/29                        
[31moutput file: descritiva.knit.md

[39m[1m[34m[5/6] index.qmd[39m[22m
[1m[34m[6/6] sobre.qmd[39m[22m

Output created: docs/index.html


[4/5] Enviando para o GitHub...
[main a29f150] Atualização de dados — 19/09/2026
 113 files changed, 991 insertions(+), 635 deletions(-)
 create mode 100644 com.valentim.vigilancia-publicar.plist
 rename docs/{ => arquivo}/painel_15rs.html (92%)
 rename docs/{ => arquivo}/painel_parana.html (92%)
 rename docs/{ => arquivo}/srag.html (97%)
 delete mode 100644 docs/graficos/graficos_15rs_2026/15rs_faixa_desfecho_2026.png
 delete mode 100644 docs/graficos/graficos_15rs_2026/15rs_mapa_incidencia_2026.png
 delete mode 100644 docs/graficos/graficos_15rs_2026/15rs_serie_2026.png
 delete mode 100644 docs/graficos/graficos_15rs_2026/15rs_viral_comparativo.png
 delete mode 100644 docs/graficos/graficos_parana/pr_mapa_casos.png
 delete mode 100644 docs/graficos/graficos_parana/pr_mapa_incidencia.png
 delete mode 100644 docs/graficos/graficos_parana_2026/pr_circulacao_viral_2026.png
 delete mode 100644 docs/graficos/graficos_parana_2026/pr_faixa_desfecho_2026.png
 delete mode 100644 docs/graficos/graficos_parana_2026/pr_serie_2026.png
 delete mode 100644 docs/graficos/graficos_parana_2026/pr_viral_comparativo_anual.png
 create mode 100644 docs/site_libs/bootstrap/bootstrap-30e9a4428f9d282bf6329f78bbea72b8.min.css
 delete mode 100644 docs/site_libs/bootstrap/bootstrap-8a5b0047cf64b6df0ea2a3b5b393159a.min.css
 create mode 100644 docs/site_libs/bootstrap/bootstrap-bfe5bbce511c90f9940a3aaa7a0bbe31.min.css
 delete mode 100644 docs/site_libs/bootstrap/bootstrap-e71002fb930de0bba6cdb4c100f8fae3.min.css
 create mode 100644 docs/site_libs/quarto-html/axe/axe-check.js
 rename docs/site_libs/quarto-html/{quarto-syntax-highlighting-64a204ab8560d761af7679ceaba22944.css => quarto-syntax-highlighting-ed96de9b727972fe78a7b5d16c58bf87.css} (98%)
 create mode 100644 graficos/mapa_srag_casos_2026.png
 create mode 100644 graficos/mapa_srag_incidencia_2026.png
 create mode 100644 publicar.log
To github.com:valentim1979/vigilancia-epidemiologica.git
   4058ba0..a29f150  main -> main

[5/5] Publicado.
==================================================
  Site: https://valentim1979.github.io/vigilancia-epidemiologica
==================================================


==================================================
  PUBLICAR — 19/09/2026 02:58
==================================================

[1/5] Executando SCRIPT_Unificado.R...
Linking to GEOS 3.13.0, GDAL 3.8.5, PROJ 9.5.1; sf_use_s2() is TRUE

Anexando pacote: ‘dplyr’

Os seguintes objetos são mascarados por ‘package:stats’:

    filter, lag

Os seguintes objetos são mascarados por ‘package:base’:

    intersect, setdiff, setequal, union


Anexando pacote: ‘readr’

O seguinte objeto é mascarado por ‘package:scales’:

    col_factor


Anexando pacote: ‘lubridate’

Os seguintes objetos são mascarados por ‘package:base’:

    date, intersect, setdiff, union

Municípios: 30 | Pop. total: 909.489
Mensagen de aviso:
In prettyNum(.Internal(format(x, trim, digits, nsmall, width, 3L,  :
  'big.mark' e 'decimal.mark' são ambos '.', o que pode ser confuso
Saída: graficos

Carregando anos: 2024, 2025, 2026
  Baixando via API dados.gov.br (SRAG 2024)...
  [cache] Usando CSV já baixado (SRAG_API_2024.csv) — ano encerrado, não muda mais
  [OK] 267986 registros (via API)
  Baixando via API dados.gov.br (SRAG 2025)...
  [cache] Usando CSV já baixado (SRAG_API_2025.csv) — ano encerrado, não muda mais
  [OK] 336391 registros (via API)
  Baixando via API dados.gov.br (SRAG 2026)...
  [cache] Usando CSV já baixado (SRAG_API_2026.csv) — atualizado hoje
  [OK] 212278 registros (via API)
Total de registros: 816.655
Mensagen de aviso:
In prettyNum(.Internal(format(x, trim, digits, nsmall, width, 3L,  :
  'big.mark' e 'decimal.mark' são ambos '.', o que pode ser confuso
Escopo    : 15ª Regional de Saúde de Maringá
Registros : 1.424
Mensagen de aviso:
In prettyNum(.Internal(format(x, trim, digits, nsmall, width, 3L,  :
  'big.mark' e 'decimal.mark' são ambos '.', o que pode ser confuso
Pop. IBGE : 909.489
Mensagen de aviso:
In prettyNum(.Internal(format(x, trim, digits, nsmall, width, 3L,  :
  'big.mark' e 'decimal.mark' são ambos '.', o que pode ser confuso

Carregando anos históricos para gráfico de vírus: 2019, 2020, 2021, 2022, 2023
  Baixando via API dados.gov.br (SRAG 2019)...
  [cache] Usando CSV já baixado (SRAG_API_2019.csv) — ano encerrado, não muda mais
  [OK] 48941 registros (via API)
  Baixando via API dados.gov.br (SRAG 2020)...
  [cache] Usando CSV já baixado (SRAG_API_2020.csv) — ano encerrado, não muda mais
  [OK] 1206920 registros (via API)
  Baixando via API dados.gov.br (SRAG 2021)...
  [cache] Usando CSV já baixado (SRAG_API_2021.csv) — ano encerrado, não muda mais
  [OK] 1745672 registros (via API)
  Baixando via API dados.gov.br (SRAG 2022)...
  [cache] Usando CSV já baixado (SRAG_API_2022.csv) — ano encerrado, não muda mais
  [OK] 560577 registros (via API)
  Baixando via API dados.gov.br (SRAG 2023)...
  [cache] Usando CSV já baixado (SRAG_API_2023.csv) — ano encerrado, não muda mais
  [OK] 279453 registros (via API)
[OK] base_15rs_historica: 8 anos | 34.270 registros
Mensagen de aviso:
In prettyNum(.Internal(format(x, trim, digits, nsmall, width, 3L,  :
  'big.mark' e 'decimal.mark' são ambos '.', o que pode ser confuso
Salvo: graficos/06_curva_epidemica_comparativa.png
Mensagen de aviso:
In prettyNum(.Internal(format(x, trim, digits, nsmall, width, 3L,  :
  'big.mark' e 'decimal.mark' são ambos '.', o que pode ser confuso
Canal endêmico — anos de referência: 2022, 2023, 2024, 2025
Salvo: graficos/06b_canal_endemico.png
Mensagen de aviso:
In prettyNum(.Internal(format(x, trim, digits, nsmall, width, 3L,  :
  'big.mark' e 'decimal.mark' são ambos '.', o que pode ser confuso
Mensagens de aviso:
1: In prettyNum(.Internal(format(x, trim, digits, nsmall, width, 3L,  :
  'big.mark' e 'decimal.mark' são ambos '.', o que pode ser confuso
2: In prettyNum(.Internal(format(x, trim, digits, nsmall, width, 3L,  :
  'big.mark' e 'decimal.mark' são ambos '.', o que pode ser confuso
3: In prettyNum(.Internal(format(x, trim, digits, nsmall, width, 3L,  :
  'big.mark' e 'decimal.mark' são ambos '.', o que pode ser confuso
Salvo: graficos/07_notificacoes_semana_epi.png
Salvo: graficos/07b_variacao_semanal.png
Mensagens de aviso:
1: In prettyNum(.Internal(format(x, trim, digits, nsmall, width, 3L,  :
  'big.mark' e 'decimal.mark' são ambos '.', o que pode ser confuso
2: In prettyNum(.Internal(format(x, trim, digits, nsmall, width, 3L,  :
  'big.mark' e 'decimal.mark' são ambos '.', o que pode ser confuso
Salvo: graficos/08_confirmados_semana_epi.png
Mensagens de aviso:
1: In prettyNum(.Internal(format(x, trim, digits, nsmall, width, 3L,  :
  'big.mark' e 'decimal.mark' são ambos '.', o que pode ser confuso
2: In prettyNum(.Internal(format(x, trim, digits, nsmall, width, 3L,  :
  'big.mark' e 'decimal.mark' são ambos '.', o que pode ser confuso
Salvo: graficos/09_incidencia_por_municipio.png
Salvo: graficos/10_notificacoes_regionais_pr.png
Mensagens de aviso:
1: In prettyNum(.Internal(format(x, trim, digits, nsmall, width, 3L,  :
  'big.mark' e 'decimal.mark' são ambos '.', o que pode ser confuso
2: In prettyNum(.Internal(format(x, trim, digits, nsmall, width, 3L,  :
  'big.mark' e 'decimal.mark' são ambos '.', o que pode ser confuso
Mensagen de aviso:
In prettyNum(.Internal(format(x, trim, digits, nsmall, width, 3L,  :
  'big.mark' e 'decimal.mark' são ambos '.', o que pode ser confuso
Salvo: graficos/11_distribuicao_sexo.png
Mensagen de aviso:
In prettyNum(.Internal(format(x, trim, digits, nsmall, width, 3L,  :
  'big.mark' e 'decimal.mark' são ambos '.', o que pode ser confuso
Salvo: graficos/12_classificacao_final.png
Mensagen de aviso:
In prettyNum(.Internal(format(x, trim, digits, nsmall, width, 3L,  :
  'big.mark' e 'decimal.mark' são ambos '.', o que pode ser confuso
Salvo: graficos/13_circulacao_viral_total.png
Salvo: graficos/14_tendencia_viral_semanal.png
Mensagen de aviso:
In prettyNum(.Internal(format(x, trim, digits, nsmall, width, 3L,  :
  'big.mark' e 'decimal.mark' são ambos '.', o que pode ser confuso
Salvo: graficos/D13_virus_faixa_etaria_heatmap.png
Salvo: graficos/D13_virus_faixa_etaria_barras.png
Gráficos D13 salvos.
Salvo: graficos/15_tipos_linhagens_influenza.png
Mensagen de aviso:
In prettyNum(.Internal(format(x, trim, digits, nsmall, width, 3L,  :
  'big.mark' e 'decimal.mark' são ambos '.', o que pode ser confuso
Salvo: graficos/22_virus_tendencia_anual.png
[OK] Gráfico 22 salvo.
Mensagens de aviso:
1: In prettyNum(.Internal(format(x, trim, digits, nsmall, width, 3L,  :
  'big.mark' e 'decimal.mark' são ambos '.', o que pode ser confuso
2: In prettyNum(.Internal(format(x, trim, digits, nsmall, width, 3L,  :
  'big.mark' e 'decimal.mark' são ambos '.', o que pode ser confuso
Salvo: graficos/16_faixa_etaria_notif_confirmados.png
Mensagen de aviso:
In prettyNum(.Internal(format(x, trim, digits, nsmall, width, 3L,  :
  'big.mark' e 'decimal.mark' são ambos '.', o que pode ser confuso
Salvo: graficos/17_piramide_etaria_notificados.png
Salvo: graficos/18_piramide_etaria_obitos.png
Mensagen de aviso:
In prettyNum(.Internal(format(x, trim, digits, nsmall, width, 3L,  :
  'big.mark' e 'decimal.mark' são ambos '.', o que pode ser confuso
Mensagen de aviso:
In prettyNum(.Internal(format(x, trim, digits, nsmall, width, 3L,  :
  'big.mark' e 'decimal.mark' são ambos '.', o que pode ser confuso
Salvo: graficos/19_evolucao_desfecho.png
Mensagen de aviso:
In prettyNum(.Internal(format(x, trim, digits, nsmall, width, 3L,  :
  'big.mark' e 'decimal.mark' são ambos '.', o que pode ser confuso
Salvo: graficos/20_raca_cor.png
Salvo: graficos/srag_serie_classificacao_2026.png
ℹ tmap modes "plot" - "view"
ℹ toggle with `tmap::ttm()`
This message is displayed once per session.

Gerando mapa por município...
Map saved to /Users/valentimsalajunior/Documents/vigilancia-epidemiologica/graficos/mapa_srag_casos_2026.png
Resolution: 2400 by 2000 pixels
Size: 8 by 6.666667 inches (300 dpi)
[plot mode] fit legend/component: Some legend items or map compoments do not
fit well, and are therefore rescaled.
ℹ Set the tmap option `component.autoscale = FALSE` to disable rescaling.
Map saved to /Users/valentimsalajunior/Documents/vigilancia-epidemiologica/graficos/mapa_srag_incidencia_2026.png
Resolution: 2400 by 2000 pixels
Size: 8 by 6.666667 inches (300 dpi)
Mapas por município salvos.
  [aviso] Usando NM_UN_INTE (unidade de internação) como aproximação de estabelecimento — cobre só os casos hospitalizados.
Dados por estabelecimento exportados: 603 linhas, 34 estabelecimentos.
Circulação viral por estabelecimento exportada: 409 linhas.
Mensagens de aviso:
1: In prettyNum(.Internal(format(x, trim, digits, nsmall, width, 3L,  :
  'big.mark' e 'decimal.mark' são ambos '.', o que pode ser confuso
2: In prettyNum(.Internal(format(x, trim, digits, nsmall, width, 3L,  :
  'big.mark' e 'decimal.mark' são ambos '.', o que pode ser confuso

============================================================
RESUMO
============================================================
Escopo              : 15ª Regional de Saúde de Maringá
Ano(s) analisados   : 2026
Pop. IBGE 2025      : 909.489
Mensagen de aviso:
In prettyNum(.Internal(format(x, trim, digits, nsmall, width, 3L,  :
  'big.mark' e 'decimal.mark' são ambos '.', o que pode ser confuso
Total notificações  : 1.424
Mensagen de aviso:
In prettyNum(.Internal(format(x, trim, digits, nsmall, width, 3L,  :
  'big.mark' e 'decimal.mark' são ambos '.', o que pode ser confuso
Tx notif. /100k hab.: 156.6
Confirmados PCR     : 486
Mensagen de aviso:
In prettyNum(.Internal(format(x, trim, digits, nsmall, width, 3L,  :
  'big.mark' e 'decimal.mark' são ambos '.', o que pode ser confuso
Óbitos (EVOLUCAO=2) : 95
Mensagen de aviso:
In prettyNum(.Internal(format(x, trim, digits, nsmall, width, 3L,  :
  'big.mark' e 'decimal.mark' são ambos '.', o que pode ser confuso
Letalidade          : 6.67%
Saída               : graficos
============================================================
Concluído. Rode quarto render e git push para atualizar o site.
      Gráficos gerados.

[2/5] Dados novos detectados — limpando cache do freeze...
      Cache removido.

[3/5] Renderizando projeto Quarto...
[1m[34m[1/9] arquivo/painel_15rs.qmd[39m[22m
[1m[34m[2/9] arquivo/painel_parana.qmd[39m[22m
[1m[34m[3/9] arquivo/srag.qmd[39m[22m
[1m[34m[4/9] descritiva.qmd[39m[22m
[31m

processing file: descritiva.qmd
[39m1/29                        
2/29 [setup]                
3/29                        
4/29 [completitude]         
5/29                        
6/29 [oportunidade-notif]   
7/29                        
8/29 [oportunidade-desf]    
9/29                        
10/29 [comorbidades-total]   
11/29                        
12/29 [comorbidades-obitos]  
13/29                        
14/29 [letalidade-faixa]     
15/29                        
16/29 [letalidade-sexo]      
17/29                        
18/29 [uti-faixa]            
19/29                        
20/29 [criterio]             
21/29                        
22/29 [antiviral]            
23/29                        
24/29 [vacinal]              
25/29                        
26/29 [mortalidade-municipio]
27/29                        
28/29 [tabela-mun]           
29/29                        
[31moutput file: descritiva.knit.md

[39m[1m[34m[5/9] index.qmd[39m[22m
[1m[34m[6/9] sobre.qmd[39m[22m
[1m[34m[7/9] vigilancia-sentinela/circulacao-viral.qmd[39m[22m
[1m[34m[8/9] vigilancia-sentinela/index.qmd[39m[22m
[1m[34m[9/9] vigilancia-sentinela/indicadores.qmd[39m[22m
[31m

processing file: indicadores.qmd
[39m1/9                  
2/9 [setup]          
3/9                  
4/9 [unnamed-chunk-1]
5/9                  
6/9 [unnamed-chunk-2]
7/9                  
8/9 [unnamed-chunk-3]
9/9                  
[31moutput file: indicadores.knit.md

[39m
Output created: docs/index.html


[4/5] Enviando para o GitHub...
warning: adding embedded git repository: vigilancia-sentinela
hint: You've added another git repository inside your current repository.
hint: Clones of the outer repository will not contain the contents of
hint: the embedded repository and will not know how to obtain it.
hint: If you meant to add a submodule, use:
hint:
hint: 	git submodule add <url> vigilancia-sentinela
hint:
hint: If you added this path by mistake, you can remove it from the
hint: index with:
hint:
hint: 	git rm --cached vigilancia-sentinela
hint:
hint: See "git help submodule" for more information.
hint: Disable this message with "git config set advice.addEmbeddedRepo false"
[main fb1b137] Atualização de dados — 19/09/2026
 37 files changed, 4331 insertions(+), 140 deletions(-)
 create mode 100644 _freeze/vigilancia-sentinela/indicadores/execute-results/html.json
 create mode 100644 docs/vigilancia-sentinela/circulacao-viral.html
 create mode 100644 docs/vigilancia-sentinela/dados/circulacao_viral_especifica.csv
 create mode 100644 docs/vigilancia-sentinela/dados/circulacao_viral_especifica_faixa.csv
 create mode 100644 docs/vigilancia-sentinela/dados/indicador_02.csv
 create mode 100644 docs/vigilancia-sentinela/dados/indicador_03.csv
 create mode 100644 docs/vigilancia-sentinela/dados/indicador_04.csv
 create mode 100644 docs/vigilancia-sentinela/dados/indicador_05.csv
 create mode 100644 docs/vigilancia-sentinela/dados/indicador_06.csv
 create mode 100644 docs/vigilancia-sentinela/dados/indicador_07.csv
 create mode 100644 docs/vigilancia-sentinela/dados/indicador_08.csv
 create mode 100644 docs/vigilancia-sentinela/dados/indicador_09.csv
 create mode 100644 docs/vigilancia-sentinela/dados/indicador_11.csv
 create mode 100644 docs/vigilancia-sentinela/dados/indicador_12.csv
 create mode 100644 docs/vigilancia-sentinela/dados/indicador_13.csv
 create mode 100644 docs/vigilancia-sentinela/dados/indicador_14.csv
 create mode 100644 docs/vigilancia-sentinela/img/amostras_semanais.png
 create mode 100644 docs/vigilancia-sentinela/img/circulacao_viral_especifica.png
 create mode 100644 docs/vigilancia-sentinela/img/circulacao_viral_especifica_faixa.png
 create mode 100644 docs/vigilancia-sentinela/img/indicador_05_semanal.png
 create mode 100644 docs/vigilancia-sentinela/img/indicador_06_semanal.png
 create mode 100644 docs/vigilancia-sentinela/img/indicador_07_semanal.png
 create mode 100644 docs/vigilancia-sentinela/img/indicador_08_semanal.png
 create mode 100644 docs/vigilancia-sentinela/img/indicador_09_semanal.png
 create mode 100644 docs/vigilancia-sentinela/img/indicador_11_semanal.png
 create mode 100644 docs/vigilancia-sentinela/img/indicador_12_semanal.png
 create mode 100644 docs/vigilancia-sentinela/img/indicador_13_faixa.png
 create mode 100644 docs/vigilancia-sentinela/img/indicador_14_semanal.png
 create mode 100644 docs/vigilancia-sentinela/index.html
 create mode 100644 docs/vigilancia-sentinela/indicadores.html
 create mode 160000 vigilancia-sentinela
To https://github.com/valentim1979/vigilancia-epidemiologica.git
   3ac3416..fb1b137  main -> main

[5/5] Publicado.
==================================================
  Site: https://valentim1979.github.io/vigilancia-epidemiologica
==================================================


==================================================
  PUBLICAR — 19/09/2026 23:09
==================================================

[1/5] Executando SCRIPT_Unificado.R...
Linking to GEOS 3.13.0, GDAL 3.8.5, PROJ 9.5.1; sf_use_s2() is TRUE

Anexando pacote: ‘dplyr’

Os seguintes objetos são mascarados por ‘package:stats’:

    filter, lag

Os seguintes objetos são mascarados por ‘package:base’:

    intersect, setdiff, setequal, union


Anexando pacote: ‘readr’

O seguinte objeto é mascarado por ‘package:scales’:

    col_factor


Anexando pacote: ‘lubridate’

Os seguintes objetos são mascarados por ‘package:base’:

    date, intersect, setdiff, union

Municípios: 30 | Pop. total: 909.489
Mensagen de aviso:
In prettyNum(.Internal(format(x, trim, digits, nsmall, width, 3L,  :
  'big.mark' e 'decimal.mark' são ambos '.', o que pode ser confuso
Tabela de referência PR: 399 municípios, 22 regionais, 4 macrorregiões.
Saída: graficos

Carregando anos: 2024, 2025, 2026
  Baixando via API dados.gov.br (SRAG 2024)...
  [cache] Usando CSV já baixado (SRAG_API_2024.csv) — ano encerrado, não muda mais
  [OK] 267986 registros (via API)
  Baixando via API dados.gov.br (SRAG 2025)...
  [cache] Usando CSV já baixado (SRAG_API_2025.csv) — ano encerrado, não muda mais
  [OK] 336391 registros (via API)
  Baixando via API dados.gov.br (SRAG 2026)...
  [cache] Usando CSV já baixado (SRAG_API_2026.csv) — atualizado hoje
  [OK] 212278 registros (via API)
Total de registros: 816.655
Mensagen de aviso:
In prettyNum(.Internal(format(x, trim, digits, nsmall, width, 3L,  :
  'big.mark' e 'decimal.mark' são ambos '.', o que pode ser confuso
Escopo    : 15ª Regional de Saúde de Maringá
Registros : 1.424
Mensagen de aviso:
In prettyNum(.Internal(format(x, trim, digits, nsmall, width, 3L,  :
  'big.mark' e 'decimal.mark' são ambos '.', o que pode ser confuso
Pop. IBGE : 909.489
Mensagen de aviso:
In prettyNum(.Internal(format(x, trim, digits, nsmall, width, 3L,  :
  'big.mark' e 'decimal.mark' são ambos '.', o que pode ser confuso

Carregando anos históricos para gráfico de vírus: 2019, 2020, 2021, 2022, 2023
  Baixando via API dados.gov.br (SRAG 2019)...
  [cache] Usando CSV já baixado (SRAG_API_2019.csv) — ano encerrado, não muda mais
  [OK] 48941 registros (via API)
  Baixando via API dados.gov.br (SRAG 2020)...
  [cache] Usando CSV já baixado (SRAG_API_2020.csv) — ano encerrado, não muda mais
  [OK] 1206920 registros (via API)
  Baixando via API dados.gov.br (SRAG 2021)...
  [cache] Usando CSV já baixado (SRAG_API_2021.csv) — ano encerrado, não muda mais
  [OK] 1745672 registros (via API)
  Baixando via API dados.gov.br (SRAG 2022)...
  [cache] Usando CSV já baixado (SRAG_API_2022.csv) — ano encerrado, não muda mais
  [OK] 560577 registros (via API)
  Baixando via API dados.gov.br (SRAG 2023)...
  [cache] Usando CSV já baixado (SRAG_API_2023.csv) — ano encerrado, não muda mais
  [OK] 279453 registros (via API)
[OK] base_15rs_historica: 8 anos | 34.270 registros
Mensagen de aviso:
In prettyNum(.Internal(format(x, trim, digits, nsmall, width, 3L,  :
  'big.mark' e 'decimal.mark' são ambos '.', o que pode ser confuso
Salvo: graficos/06_curva_epidemica_comparativa.png
Mensagen de aviso:
In prettyNum(.Internal(format(x, trim, digits, nsmall, width, 3L,  :
  'big.mark' e 'decimal.mark' são ambos '.', o que pode ser confuso
Canal endêmico — anos de referência: 2022, 2023, 2024, 2025
Salvo: graficos/06b_canal_endemico.png
Mensagen de aviso:
In prettyNum(.Internal(format(x, trim, digits, nsmall, width, 3L,  :
  'big.mark' e 'decimal.mark' são ambos '.', o que pode ser confuso
Mensagens de aviso:
1: In prettyNum(.Internal(format(x, trim, digits, nsmall, width, 3L,  :
  'big.mark' e 'decimal.mark' são ambos '.', o que pode ser confuso
2: In prettyNum(.Internal(format(x, trim, digits, nsmall, width, 3L,  :
  'big.mark' e 'decimal.mark' são ambos '.', o que pode ser confuso
3: In prettyNum(.Internal(format(x, trim, digits, nsmall, width, 3L,  :
  'big.mark' e 'decimal.mark' são ambos '.', o que pode ser confuso
Salvo: graficos/07_notificacoes_semana_epi.png
Salvo: graficos/07b_variacao_semanal.png
Mensagens de aviso:
1: In prettyNum(.Internal(format(x, trim, digits, nsmall, width, 3L,  :
  'big.mark' e 'decimal.mark' são ambos '.', o que pode ser confuso
2: In prettyNum(.Internal(format(x, trim, digits, nsmall, width, 3L,  :
  'big.mark' e 'decimal.mark' são ambos '.', o que pode ser confuso
Salvo: graficos/08_confirmados_semana_epi.png
Mensagens de aviso:
1: In prettyNum(.Internal(format(x, trim, digits, nsmall, width, 3L,  :
  'big.mark' e 'decimal.mark' são ambos '.', o que pode ser confuso
2: In prettyNum(.Internal(format(x, trim, digits, nsmall, width, 3L,  :
  'big.mark' e 'decimal.mark' são ambos '.', o que pode ser confuso
Salvo: graficos/09_incidencia_por_municipio.png
Salvo: graficos/10_notificacoes_regionais_pr.png
Mensagens de aviso:
1: In prettyNum(.Internal(format(x, trim, digits, nsmall, width, 3L,  :
  'big.mark' e 'decimal.mark' são ambos '.', o que pode ser confuso
2: In prettyNum(.Internal(format(x, trim, digits, nsmall, width, 3L,  :
  'big.mark' e 'decimal.mark' são ambos '.', o que pode ser confuso
Mensagen de aviso:
In prettyNum(.Internal(format(x, trim, digits, nsmall, width, 3L,  :
  'big.mark' e 'decimal.mark' são ambos '.', o que pode ser confuso
Salvo: graficos/11_distribuicao_sexo.png
Mensagen de aviso:
In prettyNum(.Internal(format(x, trim, digits, nsmall, width, 3L,  :
  'big.mark' e 'decimal.mark' são ambos '.', o que pode ser confuso
Salvo: graficos/12_classificacao_final.png
Mensagen de aviso:
In prettyNum(.Internal(format(x, trim, digits, nsmall, width, 3L,  :
  'big.mark' e 'decimal.mark' são ambos '.', o que pode ser confuso
Salvo: graficos/13_circulacao_viral_total.png
Salvo: graficos/14_tendencia_viral_semanal.png
Mensagen de aviso:
In prettyNum(.Internal(format(x, trim, digits, nsmall, width, 3L,  :
  'big.mark' e 'decimal.mark' são ambos '.', o que pode ser confuso
Salvo: graficos/D13_virus_faixa_etaria_heatmap.png
Salvo: graficos/D13_virus_faixa_etaria_barras.png
Gráficos D13 salvos.
Salvo: graficos/15_tipos_linhagens_influenza.png
Mensagen de aviso:
In prettyNum(.Internal(format(x, trim, digits, nsmall, width, 3L,  :
  'big.mark' e 'decimal.mark' são ambos '.', o que pode ser confuso
Salvo: graficos/22_virus_tendencia_anual.png
[OK] Gráfico 22 salvo.
Mensagens de aviso:
1: In prettyNum(.Internal(format(x, trim, digits, nsmall, width, 3L,  :
  'big.mark' e 'decimal.mark' são ambos '.', o que pode ser confuso
2: In prettyNum(.Internal(format(x, trim, digits, nsmall, width, 3L,  :
  'big.mark' e 'decimal.mark' são ambos '.', o que pode ser confuso
Salvo: graficos/16_faixa_etaria_notif_confirmados.png
Mensagen de aviso:
In prettyNum(.Internal(format(x, trim, digits, nsmall, width, 3L,  :
  'big.mark' e 'decimal.mark' são ambos '.', o que pode ser confuso
Salvo: graficos/17_piramide_etaria_notificados.png
Salvo: graficos/18_piramide_etaria_obitos.png
Mensagen de aviso:
In prettyNum(.Internal(format(x, trim, digits, nsmall, width, 3L,  :
  'big.mark' e 'decimal.mark' são ambos '.', o que pode ser confuso
Mensagen de aviso:
In prettyNum(.Internal(format(x, trim, digits, nsmall, width, 3L,  :
  'big.mark' e 'decimal.mark' são ambos '.', o que pode ser confuso
Salvo: graficos/19_evolucao_desfecho.png
Mensagen de aviso:
In prettyNum(.Internal(format(x, trim, digits, nsmall, width, 3L,  :
  'big.mark' e 'decimal.mark' são ambos '.', o que pode ser confuso
Salvo: graficos/20_raca_cor.png
Salvo: graficos/srag_serie_classificacao_2026.png
ℹ tmap modes "plot" - "view"
ℹ toggle with `tmap::ttm()`
This message is displayed once per session.

Gerando mapa por município...
Map saved to /Users/valentimsalajunior/Documents/vigilancia-epidemiologica/graficos/mapa_srag_casos_2026.png
Resolution: 2400 by 2000 pixels
Size: 8 by 6.666667 inches (300 dpi)
[plot mode] fit legend/component: Some legend items or map compoments do not
fit well, and are therefore rescaled.
ℹ Set the tmap option `component.autoscale = FALSE` to disable rescaling.
Map saved to /Users/valentimsalajunior/Documents/vigilancia-epidemiologica/graficos/mapa_srag_incidencia_2026.png
Resolution: 2400 by 2000 pixels
Size: 8 by 6.666667 inches (300 dpi)
Mapas por município salvos.
  [aviso] Usando NM_UN_INTE (unidade de internação) como aproximação de estabelecimento — cobre só os casos hospitalizados.
Dados por estabelecimento exportados (Paraná): 3.850 linhas, 243 estabelecimentos, 22 regionais.
Circulação viral por estabelecimento exportada: 4.173 linhas.
Mensagens de aviso:
1: In prettyNum(.Internal(format(x, trim, digits, nsmall, width, 3L,  :
  'big.mark' e 'decimal.mark' são ambos '.', o que pode ser confuso
2: In prettyNum(.Internal(format(x, trim, digits, nsmall, width, 3L,  :
  'big.mark' e 'decimal.mark' são ambos '.', o que pode ser confuso

============================================================
RESUMO
============================================================
Escopo              : 15ª Regional de Saúde de Maringá
Ano(s) analisados   : 2026
Pop. IBGE 2025      : 909.489
Mensagen de aviso:
In prettyNum(.Internal(format(x, trim, digits, nsmall, width, 3L,  :
  'big.mark' e 'decimal.mark' são ambos '.', o que pode ser confuso
Total notificações  : 1.424
Mensagen de aviso:
In prettyNum(.Internal(format(x, trim, digits, nsmall, width, 3L,  :
  'big.mark' e 'decimal.mark' são ambos '.', o que pode ser confuso
Tx notif. /100k hab.: 156.6
Confirmados PCR     : 486
Mensagen de aviso:
In prettyNum(.Internal(format(x, trim, digits, nsmall, width, 3L,  :
  'big.mark' e 'decimal.mark' são ambos '.', o que pode ser confuso
Óbitos (EVOLUCAO=2) : 95
Mensagen de aviso:
In prettyNum(.Internal(format(x, trim, digits, nsmall, width, 3L,  :
  'big.mark' e 'decimal.mark' são ambos '.', o que pode ser confuso
Letalidade          : 6.67%
Saída               : graficos
============================================================
Concluído. Rode quarto render e git push para atualizar o site.
      Gráficos gerados.

[2/5] Dados novos detectados — limpando cache do freeze...
      Cache removido.

[3/5] Renderizando projeto Quarto...
[1m[34m[1/3] descritiva.qmd[39m[22m
[31m

processing file: descritiva.qmd
[39m1/29                        
2/29 [setup]                
[31mtentando a URL 'https://s3.sa-east-1.amazonaws.com/ckan.saude.gov.br/SRAG/2026/INFLUD26-14-09-2026.csv'
[39m[31mContent type 'text/csv' length 237470416 bytes (226.5 MB)
[39m[31m=[39m[31m=[39m[31m=[39m[31m=[39m[31m=[39m[31m=[39m[31m=[39m[31m=[39m[31m=[39m[31m=[39m[31m=[39m[31m=[39m[31m=[39m[31m=[39m[31m=[39m[31m=[39m[31m=[39m[31m=[39m[31m=[39m[31m=[39m[31m=[39m[31m=[39m[31m=[39m[31m=[39m[31m=[39m[31m=[39m[31m=[39m[31m=[39m[31m=[39m[31m=[39m[31m=[39m[31m=[39m[31m=[39m[31m=[39m[31m=[39m[31m=[39m[31m=[39m[31m=[39m[31m=[39m[31m=[39m[31m=[39m[31m=[39m[31m=[39m[31m=[39m[31m=[39m[31m=[39m[31m=[39m[31m=[39m[31m=[39m[31m=
downloaded 226.5 MB

[39m3/29                        
4/29 [completitude]         
5/29                        
6/29 [oportunidade-notif]   
7/29                        
8/29 [oportunidade-desf]    
9/29                        
10/29 [comorbidades-total]   
11/29                        
12/29 [comorbidades-obitos]  
13/29                        
14/29 [letalidade-faixa]     
15/29                        
16/29 [letalidade-sexo]      
17/29                        
18/29 [uti-faixa]            
19/29                        
20/29 [criterio]             
21/29                        
22/29 [antiviral]            
23/29                        
24/29 [vacinal]              
25/29                        
26/29 [mortalidade-municipio]
27/29                        
28/29 [tabela-mun]           
29/29                        
[31moutput file: descritiva.knit.md

[39m[1m[34m[2/3] index.qmd[39m[22m
[1m[34m[3/3] sobre.qmd[39m[22m

Output created: docs/index.html


[4/5] Enviando para o GitHub...
[main aceecdd] Atualização de dados — 20/09/2026
 81 files changed, 271 insertions(+), 1 deletion(-)
To https://github.com/valentim1979/virus-respiratorios.git
   6c55c76..aceecdd  main -> main

[5/5] Publicado.
==================================================
  Site: https://valentim1979.github.io/virus-respiratorios
==================================================


==================================================
  PUBLICAR — 20/09/2026 23:00
==================================================

[1/5] Executando SCRIPT_Unificado.R...
Linking to GEOS 3.13.0, GDAL 3.8.5, PROJ 9.5.1; sf_use_s2() is TRUE

Anexando pacote: ‘dplyr’

Os seguintes objetos são mascarados por ‘package:stats’:

    filter, lag

Os seguintes objetos são mascarados por ‘package:base’:

    intersect, setdiff, setequal, union


Anexando pacote: ‘readr’

O seguinte objeto é mascarado por ‘package:scales’:

    col_factor


Anexando pacote: ‘lubridate’

Os seguintes objetos são mascarados por ‘package:base’:

    date, intersect, setdiff, union

Municípios: 30 | Pop. total: 909.489
Mensagen de aviso:
In prettyNum(.Internal(format(x, trim, digits, nsmall, width, 3L,  :
  'big.mark' e 'decimal.mark' são ambos '.', o que pode ser confuso
Tabela de referência PR: 399 municípios, 22 regionais, 4 macrorregiões.
Saída: graficos

Carregando anos: 2024, 2025, 2026
  Baixando via API dados.gov.br (SRAG 2024)...
  [cache] Usando CSV já baixado (SRAG_API_2024.csv) — ano encerrado, não muda mais
  [OK] 267986 registros (via API)
  Baixando via API dados.gov.br (SRAG 2025)...
  [cache] Usando CSV já baixado (SRAG_API_2025.csv) — ano encerrado, não muda mais
  [OK] 336391 registros (via API)
  Baixando via API dados.gov.br (SRAG 2026)...
  [cache] Usando CSV já baixado (SRAG_API_2026.csv) — atualizado hoje
  [OK] 212278 registros (via API)
Total de registros: 816.655
Mensagen de aviso:
In prettyNum(.Internal(format(x, trim, digits, nsmall, width, 3L,  :
  'big.mark' e 'decimal.mark' são ambos '.', o que pode ser confuso
Escopo    : 15ª Regional de Saúde de Maringá
Registros : 1.424
Mensagen de aviso:
In prettyNum(.Internal(format(x, trim, digits, nsmall, width, 3L,  :
  'big.mark' e 'decimal.mark' são ambos '.', o que pode ser confuso
Pop. IBGE : 909.489
Mensagen de aviso:
In prettyNum(.Internal(format(x, trim, digits, nsmall, width, 3L,  :
  'big.mark' e 'decimal.mark' são ambos '.', o que pode ser confuso

Carregando anos históricos para gráfico de vírus: 2019, 2020, 2021, 2022, 2023
  Baixando via API dados.gov.br (SRAG 2019)...
  [cache] Usando CSV já baixado (SRAG_API_2019.csv) — ano encerrado, não muda mais
  [OK] 48941 registros (via API)
  Baixando via API dados.gov.br (SRAG 2020)...
  [cache] Usando CSV já baixado (SRAG_API_2020.csv) — ano encerrado, não muda mais
  [OK] 1206920 registros (via API)
  Baixando via API dados.gov.br (SRAG 2021)...
  [cache] Usando CSV já baixado (SRAG_API_2021.csv) — ano encerrado, não muda mais
  [OK] 1745672 registros (via API)
  Baixando via API dados.gov.br (SRAG 2022)...
  [cache] Usando CSV já baixado (SRAG_API_2022.csv) — ano encerrado, não muda mais
  [OK] 560577 registros (via API)
  Baixando via API dados.gov.br (SRAG 2023)...
  [cache] Usando CSV já baixado (SRAG_API_2023.csv) — ano encerrado, não muda mais
  [OK] 279453 registros (via API)
[OK] base_15rs_historica: 8 anos | 34.270 registros
Mensagen de aviso:
In prettyNum(.Internal(format(x, trim, digits, nsmall, width, 3L,  :
  'big.mark' e 'decimal.mark' são ambos '.', o que pode ser confuso
Salvo: graficos/06_curva_epidemica_comparativa.png
Mensagen de aviso:
In prettyNum(.Internal(format(x, trim, digits, nsmall, width, 3L,  :
  'big.mark' e 'decimal.mark' são ambos '.', o que pode ser confuso
Canal endêmico — anos de referência: 2022, 2023, 2024, 2025
Salvo: graficos/06b_canal_endemico.png
Mensagen de aviso:
In prettyNum(.Internal(format(x, trim, digits, nsmall, width, 3L,  :
  'big.mark' e 'decimal.mark' são ambos '.', o que pode ser confuso
Mensagens de aviso:
1: In prettyNum(.Internal(format(x, trim, digits, nsmall, width, 3L,  :
  'big.mark' e 'decimal.mark' são ambos '.', o que pode ser confuso
2: In prettyNum(.Internal(format(x, trim, digits, nsmall, width, 3L,  :
  'big.mark' e 'decimal.mark' são ambos '.', o que pode ser confuso
3: In prettyNum(.Internal(format(x, trim, digits, nsmall, width, 3L,  :
  'big.mark' e 'decimal.mark' são ambos '.', o que pode ser confuso
Salvo: graficos/07_notificacoes_semana_epi.png
Salvo: graficos/07b_variacao_semanal.png
Mensagens de aviso:
1: In prettyNum(.Internal(format(x, trim, digits, nsmall, width, 3L,  :
  'big.mark' e 'decimal.mark' são ambos '.', o que pode ser confuso
2: In prettyNum(.Internal(format(x, trim, digits, nsmall, width, 3L,  :
  'big.mark' e 'decimal.mark' são ambos '.', o que pode ser confuso
Salvo: graficos/08_confirmados_semana_epi.png
Mensagens de aviso:
1: In prettyNum(.Internal(format(x, trim, digits, nsmall, width, 3L,  :
  'big.mark' e 'decimal.mark' são ambos '.', o que pode ser confuso
2: In prettyNum(.Internal(format(x, trim, digits, nsmall, width, 3L,  :
  'big.mark' e 'decimal.mark' são ambos '.', o que pode ser confuso
Salvo: graficos/09_incidencia_por_municipio.png
Salvo: graficos/10_notificacoes_regionais_pr.png
Mensagens de aviso:
1: In prettyNum(.Internal(format(x, trim, digits, nsmall, width, 3L,  :
  'big.mark' e 'decimal.mark' são ambos '.', o que pode ser confuso
2: In prettyNum(.Internal(format(x, trim, digits, nsmall, width, 3L,  :
  'big.mark' e 'decimal.mark' são ambos '.', o que pode ser confuso
Mensagen de aviso:
In prettyNum(.Internal(format(x, trim, digits, nsmall, width, 3L,  :
  'big.mark' e 'decimal.mark' são ambos '.', o que pode ser confuso
Salvo: graficos/11_distribuicao_sexo.png
Mensagen de aviso:
In prettyNum(.Internal(format(x, trim, digits, nsmall, width, 3L,  :
  'big.mark' e 'decimal.mark' são ambos '.', o que pode ser confuso
Salvo: graficos/12_classificacao_final.png
Mensagen de aviso:
In prettyNum(.Internal(format(x, trim, digits, nsmall, width, 3L,  :
  'big.mark' e 'decimal.mark' são ambos '.', o que pode ser confuso
Salvo: graficos/13_circulacao_viral_total.png
Salvo: graficos/14_tendencia_viral_semanal.png
Mensagen de aviso:
In prettyNum(.Internal(format(x, trim, digits, nsmall, width, 3L,  :
  'big.mark' e 'decimal.mark' são ambos '.', o que pode ser confuso
Salvo: graficos/D13_virus_faixa_etaria_heatmap.png
Salvo: graficos/D13_virus_faixa_etaria_barras.png
Gráficos D13 salvos.
Salvo: graficos/15_tipos_linhagens_influenza.png
Mensagen de aviso:
In prettyNum(.Internal(format(x, trim, digits, nsmall, width, 3L,  :
  'big.mark' e 'decimal.mark' são ambos '.', o que pode ser confuso
Salvo: graficos/22_virus_tendencia_anual.png
[OK] Gráfico 22 salvo.
Mensagens de aviso:
1: In prettyNum(.Internal(format(x, trim, digits, nsmall, width, 3L,  :
  'big.mark' e 'decimal.mark' são ambos '.', o que pode ser confuso
2: In prettyNum(.Internal(format(x, trim, digits, nsmall, width, 3L,  :
  'big.mark' e 'decimal.mark' são ambos '.', o que pode ser confuso
Salvo: graficos/16_faixa_etaria_notif_confirmados.png
Mensagen de aviso:
In prettyNum(.Internal(format(x, trim, digits, nsmall, width, 3L,  :
  'big.mark' e 'decimal.mark' são ambos '.', o que pode ser confuso
Salvo: graficos/17_piramide_etaria_notificados.png
Salvo: graficos/18_piramide_etaria_obitos.png
Mensagen de aviso:
In prettyNum(.Internal(format(x, trim, digits, nsmall, width, 3L,  :
  'big.mark' e 'decimal.mark' são ambos '.', o que pode ser confuso
Mensagen de aviso:
In prettyNum(.Internal(format(x, trim, digits, nsmall, width, 3L,  :
  'big.mark' e 'decimal.mark' são ambos '.', o que pode ser confuso
Salvo: graficos/19_evolucao_desfecho.png
Mensagen de aviso:
In prettyNum(.Internal(format(x, trim, digits, nsmall, width, 3L,  :
  'big.mark' e 'decimal.mark' são ambos '.', o que pode ser confuso
Salvo: graficos/20_raca_cor.png
Salvo: graficos/srag_serie_classificacao_2026.png
ℹ tmap modes "plot" - "view"
ℹ toggle with `tmap::ttm()`
This message is displayed once per session.

Gerando mapa por município...
Map saved to /Users/valentimsalajunior/Documents/vigilancia-epidemiologica/graficos/mapa_srag_casos_2026.png
Resolution: 2400 by 2000 pixels
Size: 8 by 6.666667 inches (300 dpi)
[plot mode] fit legend/component: Some legend items or map compoments do not
fit well, and are therefore rescaled.
ℹ Set the tmap option `component.autoscale = FALSE` to disable rescaling.
Map saved to /Users/valentimsalajunior/Documents/vigilancia-epidemiologica/graficos/mapa_srag_incidencia_2026.png
Resolution: 2400 by 2000 pixels
Size: 8 by 6.666667 inches (300 dpi)
Mapas por município salvos.
  [aviso] Usando NM_UN_INTE (unidade de internação) como aproximação de estabelecimento — cobre só os casos hospitalizados.
Dados por estabelecimento exportados (Paraná): 3.850 linhas, 243 estabelecimentos, 22 regionais.
Circulação viral por estabelecimento exportada: 4.173 linhas.
Mensagens de aviso:
1: In prettyNum(.Internal(format(x, trim, digits, nsmall, width, 3L,  :
  'big.mark' e 'decimal.mark' são ambos '.', o que pode ser confuso
2: In prettyNum(.Internal(format(x, trim, digits, nsmall, width, 3L,  :
  'big.mark' e 'decimal.mark' são ambos '.', o que pode ser confuso

============================================================
RESUMO
============================================================
Escopo              : 15ª Regional de Saúde de Maringá
Ano(s) analisados   : 2026
Pop. IBGE 2025      : 909.489
Mensagen de aviso:
In prettyNum(.Internal(format(x, trim, digits, nsmall, width, 3L,  :
  'big.mark' e 'decimal.mark' são ambos '.', o que pode ser confuso
Total notificações  : 1.424
Mensagen de aviso:
In prettyNum(.Internal(format(x, trim, digits, nsmall, width, 3L,  :
  'big.mark' e 'decimal.mark' são ambos '.', o que pode ser confuso
Tx notif. /100k hab.: 156.6
Confirmados PCR     : 486
Mensagen de aviso:
In prettyNum(.Internal(format(x, trim, digits, nsmall, width, 3L,  :
  'big.mark' e 'decimal.mark' são ambos '.', o que pode ser confuso
Óbitos (EVOLUCAO=2) : 95
Mensagen de aviso:
In prettyNum(.Internal(format(x, trim, digits, nsmall, width, 3L,  :
  'big.mark' e 'decimal.mark' são ambos '.', o que pode ser confuso
Letalidade          : 6.67%
Saída               : graficos
============================================================
Concluído. Rode quarto render e git push para atualizar o site.
      Gráficos gerados.

[2/5] Dados novos detectados — limpando cache do freeze...
      Cache removido.

[3/5] Renderizando projeto Quarto...
[1m[34m[1/3] descritiva.qmd[39m[22m
[31m

processing file: descritiva.qmd
[39m1/29                        
2/29 [setup]                
3/29                        
4/29 [completitude]         
5/29                        
6/29 [oportunidade-notif]   
7/29                        
8/29 [oportunidade-desf]    
9/29                        
10/29 [comorbidades-total]   
11/29                        
12/29 [comorbidades-obitos]  
13/29                        
14/29 [letalidade-faixa]     
15/29                        
16/29 [letalidade-sexo]      
17/29                        
18/29 [uti-faixa]            
19/29                        
20/29 [criterio]             
21/29                        
22/29 [antiviral]            
23/29                        
24/29 [vacinal]              
25/29                        
26/29 [mortalidade-municipio]
27/29                        
28/29 [tabela-mun]           
29/29                        
[31moutput file: descritiva.knit.md

[39m[1m[34m[2/3] index.qmd[39m[22m
[1m[34m[3/3] sobre.qmd[39m[22m

Output created: docs/index.html


[4/5] Enviando para o GitHub...
[main b45c628] Atualização de dados — 20/09/2026
 81 files changed, 276 insertions(+), 1 deletion(-)
To https://github.com/valentim1979/virus-respiratorios.git
   aceecdd..b45c628  main -> main

[5/5] Publicado.
==================================================
  Site: https://valentim1979.github.io/virus-respiratorios
==================================================


==================================================
  PUBLICAR — 21/09/2026 23:00
==================================================

[1/5] Executando SCRIPT_Unificado.R...
Linking to GEOS 3.13.0, GDAL 3.8.5, PROJ 9.5.1; sf_use_s2() is TRUE

Anexando pacote: ‘dplyr’

Os seguintes objetos são mascarados por ‘package:stats’:

    filter, lag

Os seguintes objetos são mascarados por ‘package:base’:

    intersect, setdiff, setequal, union


Anexando pacote: ‘readr’

O seguinte objeto é mascarado por ‘package:scales’:

    col_factor


Anexando pacote: ‘lubridate’

Os seguintes objetos são mascarados por ‘package:base’:

    date, intersect, setdiff, union

Municípios: 30 | Pop. total: 909.489
Mensagen de aviso:
In prettyNum(.Internal(format(x, trim, digits, nsmall, width, 3L,  :
  'big.mark' e 'decimal.mark' são ambos '.', o que pode ser confuso
Tabela de referência PR: 399 municípios, 22 regionais, 4 macrorregiões.
Saída: graficos

Carregando anos: 2024, 2025, 2026
  Baixando via API dados.gov.br (SRAG 2024)...
  [erro] Falha ao baixar via API para 2024: Timeout was reached [dados.gov.br]:
Resolving timed out after 120429 milliseconds
  Baixando via API dados.gov.br (SRAG 2025)...
  [cache] Usando CSV já baixado (SRAG_API_2025.csv) — ano encerrado, não muda mais
  [OK] 336391 registros (via API)
  Baixando via API dados.gov.br (SRAG 2026)...
  Baixando via API dados.gov.br: https://s3.sa-east-1.amazonaws.com/ckan.saude.gov.br/SRAG/2026/INFLUD26-14-09-2026.csv
tentando a URL 'https://s3.sa-east-1.amazonaws.com/ckan.saude.gov.br/SRAG/2026/INFLUD26-14-09-2026.csv'
Content type 'text/csv' length 237470416 bytes (226.5 MB)
==================================================
downloaded 226.5 MB

  [OK] 212278 registros (via API)
Total de registros: 548.669
Mensagen de aviso:
In prettyNum(.Internal(format(x, trim, digits, nsmall, width, 3L,  :
  'big.mark' e 'decimal.mark' são ambos '.', o que pode ser confuso
Escopo    : 15ª Regional de Saúde de Maringá
Registros : 1.424
Mensagen de aviso:
In prettyNum(.Internal(format(x, trim, digits, nsmall, width, 3L,  :
  'big.mark' e 'decimal.mark' são ambos '.', o que pode ser confuso
Pop. IBGE : 909.489
Mensagen de aviso:
In prettyNum(.Internal(format(x, trim, digits, nsmall, width, 3L,  :
  'big.mark' e 'decimal.mark' são ambos '.', o que pode ser confuso

Carregando anos históricos para gráfico de vírus: 2019, 2020, 2021, 2022, 2023
  Baixando via API dados.gov.br (SRAG 2019)...
  [cache] Usando CSV já baixado (SRAG_API_2019.csv) — ano encerrado, não muda mais
  [OK] 48941 registros (via API)
  Baixando via API dados.gov.br (SRAG 2020)...
  [cache] Usando CSV já baixado (SRAG_API_2020.csv) — ano encerrado, não muda mais
  [OK] 1206920 registros (via API)
  Baixando via API dados.gov.br (SRAG 2021)...
  [cache] Usando CSV já baixado (SRAG_API_2021.csv) — ano encerrado, não muda mais
  [OK] 1745672 registros (via API)
  Baixando via API dados.gov.br (SRAG 2022)...
  [cache] Usando CSV já baixado (SRAG_API_2022.csv) — ano encerrado, não muda mais
  [OK] 560577 registros (via API)
  Baixando via API dados.gov.br (SRAG 2023)...
  [cache] Usando CSV já baixado (SRAG_API_2023.csv) — ano encerrado, não muda mais
  [OK] 279453 registros (via API)
[OK] base_15rs_historica: 7 anos | 32.458 registros
Mensagen de aviso:
In prettyNum(.Internal(format(x, trim, digits, nsmall, width, 3L,  :
  'big.mark' e 'decimal.mark' são ambos '.', o que pode ser confuso
Salvo: graficos/06_curva_epidemica_comparativa.png
Mensagen de aviso:
In prettyNum(.Internal(format(x, trim, digits, nsmall, width, 3L,  :
  'big.mark' e 'decimal.mark' são ambos '.', o que pode ser confuso
Canal endêmico — anos de referência: 2022, 2023, 2024, 2025
Salvo: graficos/06b_canal_endemico.png
Mensagen de aviso:
In prettyNum(.Internal(format(x, trim, digits, nsmall, width, 3L,  :
  'big.mark' e 'decimal.mark' são ambos '.', o que pode ser confuso
Mensagens de aviso:
1: In prettyNum(.Internal(format(x, trim, digits, nsmall, width, 3L,  :
  'big.mark' e 'decimal.mark' são ambos '.', o que pode ser confuso
2: In prettyNum(.Internal(format(x, trim, digits, nsmall, width, 3L,  :
  'big.mark' e 'decimal.mark' são ambos '.', o que pode ser confuso
3: In prettyNum(.Internal(format(x, trim, digits, nsmall, width, 3L,  :
  'big.mark' e 'decimal.mark' são ambos '.', o que pode ser confuso
Salvo: graficos/07_notificacoes_semana_epi.png
Salvo: graficos/07b_variacao_semanal.png
Mensagens de aviso:
1: In prettyNum(.Internal(format(x, trim, digits, nsmall, width, 3L,  :
  'big.mark' e 'decimal.mark' são ambos '.', o que pode ser confuso
2: In prettyNum(.Internal(format(x, trim, digits, nsmall, width, 3L,  :
  'big.mark' e 'decimal.mark' são ambos '.', o que pode ser confuso
Salvo: graficos/08_confirmados_semana_epi.png
Mensagens de aviso:
1: In prettyNum(.Internal(format(x, trim, digits, nsmall, width, 3L,  :
  'big.mark' e 'decimal.mark' são ambos '.', o que pode ser confuso
2: In prettyNum(.Internal(format(x, trim, digits, nsmall, width, 3L,  :
  'big.mark' e 'decimal.mark' são ambos '.', o que pode ser confuso
Salvo: graficos/09_incidencia_por_municipio.png
Salvo: graficos/10_notificacoes_regionais_pr.png
Mensagens de aviso:
1: In prettyNum(.Internal(format(x, trim, digits, nsmall, width, 3L,  :
  'big.mark' e 'decimal.mark' são ambos '.', o que pode ser confuso
2: In prettyNum(.Internal(format(x, trim, digits, nsmall, width, 3L,  :
  'big.mark' e 'decimal.mark' são ambos '.', o que pode ser confuso
Mensagen de aviso:
In prettyNum(.Internal(format(x, trim, digits, nsmall, width, 3L,  :
  'big.mark' e 'decimal.mark' são ambos '.', o que pode ser confuso
Salvo: graficos/11_distribuicao_sexo.png
Mensagen de aviso:
In prettyNum(.Internal(format(x, trim, digits, nsmall, width, 3L,  :
  'big.mark' e 'decimal.mark' são ambos '.', o que pode ser confuso
Salvo: graficos/12_classificacao_final.png
Mensagen de aviso:
In prettyNum(.Internal(format(x, trim, digits, nsmall, width, 3L,  :
  'big.mark' e 'decimal.mark' são ambos '.', o que pode ser confuso
Salvo: graficos/13_circulacao_viral_total.png
Salvo: graficos/14_tendencia_viral_semanal.png
Mensagen de aviso:
In prettyNum(.Internal(format(x, trim, digits, nsmall, width, 3L,  :
  'big.mark' e 'decimal.mark' são ambos '.', o que pode ser confuso
Salvo: graficos/D13_virus_faixa_etaria_heatmap.png
Salvo: graficos/D13_virus_faixa_etaria_barras.png
Gráficos D13 salvos.
Salvo: graficos/15_tipos_linhagens_influenza.png
Mensagen de aviso:
In prettyNum(.Internal(format(x, trim, digits, nsmall, width, 3L,  :
  'big.mark' e 'decimal.mark' são ambos '.', o que pode ser confuso
Salvo: graficos/22_virus_tendencia_anual.png
[OK] Gráfico 22 salvo.
Mensagens de aviso:
1: In prettyNum(.Internal(format(x, trim, digits, nsmall, width, 3L,  :
  'big.mark' e 'decimal.mark' são ambos '.', o que pode ser confuso
2: In prettyNum(.Internal(format(x, trim, digits, nsmall, width, 3L,  :
  'big.mark' e 'decimal.mark' são ambos '.', o que pode ser confuso
Salvo: graficos/16_faixa_etaria_notif_confirmados.png
Mensagen de aviso:
In prettyNum(.Internal(format(x, trim, digits, nsmall, width, 3L,  :
  'big.mark' e 'decimal.mark' são ambos '.', o que pode ser confuso
Salvo: graficos/17_piramide_etaria_notificados.png
Salvo: graficos/18_piramide_etaria_obitos.png
Mensagen de aviso:
In prettyNum(.Internal(format(x, trim, digits, nsmall, width, 3L,  :
  'big.mark' e 'decimal.mark' são ambos '.', o que pode ser confuso
Mensagen de aviso:
In prettyNum(.Internal(format(x, trim, digits, nsmall, width, 3L,  :
  'big.mark' e 'decimal.mark' são ambos '.', o que pode ser confuso
Salvo: graficos/19_evolucao_desfecho.png
Mensagen de aviso:
In prettyNum(.Internal(format(x, trim, digits, nsmall, width, 3L,  :
  'big.mark' e 'decimal.mark' são ambos '.', o que pode ser confuso
Salvo: graficos/20_raca_cor.png
Salvo: graficos/srag_serie_classificacao_2026.png
ℹ tmap modes "plot" - "view"
ℹ toggle with `tmap::ttm()`
This message is displayed once per session.

Gerando mapa por município...
Map saved to /Users/valentimsalajunior/Documents/vigilancia-epidemiologica/graficos/mapa_srag_casos_2026.png
Resolution: 2400 by 2000 pixels
Size: 8 by 6.666667 inches (300 dpi)
[plot mode] fit legend/component: Some legend items or map compoments do not
fit well, and are therefore rescaled.
ℹ Set the tmap option `component.autoscale = FALSE` to disable rescaling.
Map saved to /Users/valentimsalajunior/Documents/vigilancia-epidemiologica/graficos/mapa_srag_incidencia_2026.png
Resolution: 2400 by 2000 pixels
Size: 8 by 6.666667 inches (300 dpi)
Mapas por município salvos.
  [aviso] Usando NM_UN_INTE (unidade de internação) como aproximação de estabelecimento — cobre só os casos hospitalizados.
Dados por estabelecimento exportados (Paraná): 3.850 linhas, 243 estabelecimentos, 22 regionais.
Circulação viral por estabelecimento exportada: 4.173 linhas.
Mensagens de aviso:
1: In prettyNum(.Internal(format(x, trim, digits, nsmall, width, 3L,  :
  'big.mark' e 'decimal.mark' são ambos '.', o que pode ser confuso
2: In prettyNum(.Internal(format(x, trim, digits, nsmall, width, 3L,  :
  'big.mark' e 'decimal.mark' são ambos '.', o que pode ser confuso

============================================================
RESUMO
============================================================
Escopo              : 15ª Regional de Saúde de Maringá
Ano(s) analisados   : 2026
Pop. IBGE 2025      : 909.489
Mensagen de aviso:
In prettyNum(.Internal(format(x, trim, digits, nsmall, width, 3L,  :
  'big.mark' e 'decimal.mark' são ambos '.', o que pode ser confuso
Total notificações  : 1.424
Mensagen de aviso:
In prettyNum(.Internal(format(x, trim, digits, nsmall, width, 3L,  :
  'big.mark' e 'decimal.mark' são ambos '.', o que pode ser confuso
Tx notif. /100k hab.: 156.6
Confirmados PCR     : 486
Mensagen de aviso:
In prettyNum(.Internal(format(x, trim, digits, nsmall, width, 3L,  :
  'big.mark' e 'decimal.mark' são ambos '.', o que pode ser confuso
Óbitos (EVOLUCAO=2) : 95
Mensagen de aviso:
In prettyNum(.Internal(format(x, trim, digits, nsmall, width, 3L,  :
  'big.mark' e 'decimal.mark' são ambos '.', o que pode ser confuso
Letalidade          : 6.67%
Saída               : graficos
============================================================
Concluído. Rode quarto render e git push para atualizar o site.
      Gráficos gerados.

[2/5] Dados novos detectados — limpando cache do freeze...
      Cache removido.

[3/5] Renderizando projeto Quarto...
[1m[34m[1/3] descritiva.qmd[39m[22m
[31m

processing file: descritiva.qmd
[39m1/29                        
2/29 [setup]                
[31mtentando a URL 'https://s3.sa-east-1.amazonaws.com/ckan.saude.gov.br/SRAG/2026/INFLUD26-14-09-2026.csv'
[39m[31mContent type 'text/csv' length 237470416 bytes (226.5 MB)
[39m[31m=[39m[31m=[39m[31m=[39m[31m=[39m[31m=[39m[31m=[39m[31m=[39m[31m=[39m[31m=[39m[31m=[39m[31m=[39m[31m=[39m[31m=[39m[31m=[39m[31m=[39m[31m=[39m[31m=[39m[31m=[39m[31m=[39m[31m=[39m[31m=[39m[31m=[39m[31m=[39m[31m=[39m[31m=[39m[31m=[39m[31m=[39m[31m=[39m[31m=[39m[31m=[39m[31m=[39m[31m=[39m[31m=[39m[31m=[39m[31m=[39m[31m=[39m[31m=[39m[31m=[39m[31m=[39m[31m=[39m[31m=[39m[31m=[39m[31m=[39m[31m=[39m[31m=[39m[31m=[39m[31m=[39m[31m=[39m[31m=[39m[31m=[39m[31m
downloaded 226.5 MB

[39m3/29                        
4/29 [completitude]         
5/29                        
6/29 [oportunidade-notif]   
7/29                        
8/29 [oportunidade-desf]    
9/29                        
10/29 [comorbidades-total]   
11/29                        
12/29 [comorbidades-obitos]  
13/29                        
14/29 [letalidade-faixa]     
15/29                        
16/29 [letalidade-sexo]      
17/29                        
18/29 [uti-faixa]            
19/29                        
20/29 [criterio]             
21/29                        
22/29 [antiviral]            
23/29                        
24/29 [vacinal]              
25/29                        
26/29 [mortalidade-municipio]
27/29                        
28/29 [tabela-mun]           
29/29                        
[31moutput file: descritiva.knit.md

[39m[1m[34m[2/3] index.qmd[39m[22m
[1m[34m[3/3] sobre.qmd[39m[22m

Output created: docs/index.html


[4/5] Enviando para o GitHub...
[main b8dbe4c] Atualização de dados — 21/09/2026
 81 files changed, 286 insertions(+), 1 deletion(-)
To https://github.com/valentim1979/virus-respiratorios.git
   b45c628..b8dbe4c  main -> main

[5/5] Publicado.
==================================================
  Site: https://valentim1979.github.io/virus-respiratorios
==================================================


==================================================
  PUBLICAR — 22/09/2026 23:07
==================================================

[1/5] Executando SCRIPT_Unificado.R...
Linking to GEOS 3.13.0, GDAL 3.8.5, PROJ 9.5.1; sf_use_s2() is TRUE

Anexando pacote: ‘dplyr’

Os seguintes objetos são mascarados por ‘package:stats’:

    filter, lag

Os seguintes objetos são mascarados por ‘package:base’:

    intersect, setdiff, setequal, union


Anexando pacote: ‘readr’

O seguinte objeto é mascarado por ‘package:scales’:

    col_factor


Anexando pacote: ‘lubridate’

Os seguintes objetos são mascarados por ‘package:base’:

    date, intersect, setdiff, union

Municípios: 30 | Pop. total: 909.489
Mensagen de aviso:
In prettyNum(.Internal(format(x, trim, digits, nsmall, width, 3L,  :
  'big.mark' e 'decimal.mark' são ambos '.', o que pode ser confuso
Tabela de referência PR: 399 municípios, 22 regionais, 4 macrorregiões.
Saída: graficos

Carregando anos: 2024, 2025, 2026
  Baixando via API dados.gov.br (SRAG 2024)...
  [cache] Usando CSV já baixado (SRAG_API_2024.csv) — ano encerrado, não muda mais
  [OK] 267986 registros (via API)
  Baixando via API dados.gov.br (SRAG 2025)...
  [cache] Usando CSV já baixado (SRAG_API_2025.csv) — ano encerrado, não muda mais
  [OK] 336391 registros (via API)
  Baixando via API dados.gov.br (SRAG 2026)...
  [cache] Usando CSV já baixado (SRAG_API_2026.csv) — atualizado hoje
  [OK] 212278 registros (via API)
Total de registros: 816.655
Mensagen de aviso:
In prettyNum(.Internal(format(x, trim, digits, nsmall, width, 3L,  :
  'big.mark' e 'decimal.mark' são ambos '.', o que pode ser confuso
Escopo    : 15ª Regional de Saúde de Maringá
Registros : 1.424
Mensagen de aviso:
In prettyNum(.Internal(format(x, trim, digits, nsmall, width, 3L,  :
  'big.mark' e 'decimal.mark' são ambos '.', o que pode ser confuso
Pop. IBGE : 909.489
Mensagen de aviso:
In prettyNum(.Internal(format(x, trim, digits, nsmall, width, 3L,  :
  'big.mark' e 'decimal.mark' são ambos '.', o que pode ser confuso

Carregando anos históricos para gráfico de vírus: 2019, 2020, 2021, 2022, 2023
  Baixando via API dados.gov.br (SRAG 2019)...
  [cache] Usando CSV já baixado (SRAG_API_2019.csv) — ano encerrado, não muda mais
  [OK] 48941 registros (via API)
  Baixando via API dados.gov.br (SRAG 2020)...
  [cache] Usando CSV já baixado (SRAG_API_2020.csv) — ano encerrado, não muda mais
  [OK] 1206920 registros (via API)
  Baixando via API dados.gov.br (SRAG 2021)...
  [cache] Usando CSV já baixado (SRAG_API_2021.csv) — ano encerrado, não muda mais
  [OK] 1745672 registros (via API)
  Baixando via API dados.gov.br (SRAG 2022)...
  [cache] Usando CSV já baixado (SRAG_API_2022.csv) — ano encerrado, não muda mais
  [OK] 560577 registros (via API)
  Baixando via API dados.gov.br (SRAG 2023)...
  [cache] Usando CSV já baixado (SRAG_API_2023.csv) — ano encerrado, não muda mais
  [OK] 279453 registros (via API)
[OK] base_15rs_historica: 8 anos | 34.270 registros
Mensagen de aviso:
In prettyNum(.Internal(format(x, trim, digits, nsmall, width, 3L,  :
  'big.mark' e 'decimal.mark' são ambos '.', o que pode ser confuso
Salvo: graficos/06_curva_epidemica_comparativa.png
Mensagen de aviso:
In prettyNum(.Internal(format(x, trim, digits, nsmall, width, 3L,  :
  'big.mark' e 'decimal.mark' são ambos '.', o que pode ser confuso
Canal endêmico — anos de referência: 2022, 2023, 2024, 2025
Salvo: graficos/06b_canal_endemico.png
Mensagen de aviso:
In prettyNum(.Internal(format(x, trim, digits, nsmall, width, 3L,  :
  'big.mark' e 'decimal.mark' são ambos '.', o que pode ser confuso
Mensagens de aviso:
1: In prettyNum(.Internal(format(x, trim, digits, nsmall, width, 3L,  :
  'big.mark' e 'decimal.mark' são ambos '.', o que pode ser confuso
2: In prettyNum(.Internal(format(x, trim, digits, nsmall, width, 3L,  :
  'big.mark' e 'decimal.mark' são ambos '.', o que pode ser confuso
3: In prettyNum(.Internal(format(x, trim, digits, nsmall, width, 3L,  :
  'big.mark' e 'decimal.mark' são ambos '.', o que pode ser confuso
Salvo: graficos/07_notificacoes_semana_epi.png
Salvo: graficos/07b_variacao_semanal.png
Mensagens de aviso:
1: In prettyNum(.Internal(format(x, trim, digits, nsmall, width, 3L,  :
  'big.mark' e 'decimal.mark' são ambos '.', o que pode ser confuso
2: In prettyNum(.Internal(format(x, trim, digits, nsmall, width, 3L,  :
  'big.mark' e 'decimal.mark' são ambos '.', o que pode ser confuso
Salvo: graficos/08_confirmados_semana_epi.png
Mensagens de aviso:
1: In prettyNum(.Internal(format(x, trim, digits, nsmall, width, 3L,  :
  'big.mark' e 'decimal.mark' são ambos '.', o que pode ser confuso
2: In prettyNum(.Internal(format(x, trim, digits, nsmall, width, 3L,  :
  'big.mark' e 'decimal.mark' são ambos '.', o que pode ser confuso
Salvo: graficos/09_incidencia_por_municipio.png
Salvo: graficos/10_notificacoes_regionais_pr.png
Mensagens de aviso:
1: In prettyNum(.Internal(format(x, trim, digits, nsmall, width, 3L,  :
  'big.mark' e 'decimal.mark' são ambos '.', o que pode ser confuso
2: In prettyNum(.Internal(format(x, trim, digits, nsmall, width, 3L,  :
  'big.mark' e 'decimal.mark' são ambos '.', o que pode ser confuso
Mensagen de aviso:
In prettyNum(.Internal(format(x, trim, digits, nsmall, width, 3L,  :
  'big.mark' e 'decimal.mark' são ambos '.', o que pode ser confuso
Salvo: graficos/11_distribuicao_sexo.png
Mensagen de aviso:
In prettyNum(.Internal(format(x, trim, digits, nsmall, width, 3L,  :
  'big.mark' e 'decimal.mark' são ambos '.', o que pode ser confuso
Salvo: graficos/12_classificacao_final.png
Mensagen de aviso:
In prettyNum(.Internal(format(x, trim, digits, nsmall, width, 3L,  :
  'big.mark' e 'decimal.mark' são ambos '.', o que pode ser confuso
Salvo: graficos/13_circulacao_viral_total.png
Salvo: graficos/14_tendencia_viral_semanal.png
Mensagen de aviso:
In prettyNum(.Internal(format(x, trim, digits, nsmall, width, 3L,  :
  'big.mark' e 'decimal.mark' são ambos '.', o que pode ser confuso
Salvo: graficos/D13_virus_faixa_etaria_heatmap.png
Salvo: graficos/D13_virus_faixa_etaria_barras.png
Gráficos D13 salvos.
Salvo: graficos/15_tipos_linhagens_influenza.png
Mensagen de aviso:
In prettyNum(.Internal(format(x, trim, digits, nsmall, width, 3L,  :
  'big.mark' e 'decimal.mark' são ambos '.', o que pode ser confuso
Salvo: graficos/22_virus_tendencia_anual.png
[OK] Gráfico 22 salvo.
Mensagens de aviso:
1: In prettyNum(.Internal(format(x, trim, digits, nsmall, width, 3L,  :
  'big.mark' e 'decimal.mark' são ambos '.', o que pode ser confuso
2: In prettyNum(.Internal(format(x, trim, digits, nsmall, width, 3L,  :
  'big.mark' e 'decimal.mark' são ambos '.', o que pode ser confuso
Salvo: graficos/16_faixa_etaria_notif_confirmados.png
Mensagen de aviso:
In prettyNum(.Internal(format(x, trim, digits, nsmall, width, 3L,  :
  'big.mark' e 'decimal.mark' são ambos '.', o que pode ser confuso
Salvo: graficos/17_piramide_etaria_notificados.png
Salvo: graficos/18_piramide_etaria_obitos.png
Mensagen de aviso:
In prettyNum(.Internal(format(x, trim, digits, nsmall, width, 3L,  :
  'big.mark' e 'decimal.mark' são ambos '.', o que pode ser confuso
Mensagen de aviso:
In prettyNum(.Internal(format(x, trim, digits, nsmall, width, 3L,  :
  'big.mark' e 'decimal.mark' são ambos '.', o que pode ser confuso
Salvo: graficos/19_evolucao_desfecho.png
Mensagen de aviso:
In prettyNum(.Internal(format(x, trim, digits, nsmall, width, 3L,  :
  'big.mark' e 'decimal.mark' são ambos '.', o que pode ser confuso
Salvo: graficos/20_raca_cor.png
Salvo: graficos/srag_serie_classificacao_2026.png
ℹ tmap modes "plot" - "view"
ℹ toggle with `tmap::ttm()`
This message is displayed once per session.

Gerando mapa por município...
Map saved to /Users/valentimsalajunior/Documents/vigilancia-epidemiologica/graficos/mapa_srag_casos_2026.png
Resolution: 2400 by 2000 pixels
Size: 8 by 6.666667 inches (300 dpi)
[plot mode] fit legend/component: Some legend items or map compoments do not
fit well, and are therefore rescaled.
ℹ Set the tmap option `component.autoscale = FALSE` to disable rescaling.
Map saved to /Users/valentimsalajunior/Documents/vigilancia-epidemiologica/graficos/mapa_srag_incidencia_2026.png
Resolution: 2400 by 2000 pixels
Size: 8 by 6.666667 inches (300 dpi)
Mapas por município salvos.
  [aviso] Usando NM_UN_INTE (unidade de internação) como aproximação de estabelecimento — cobre só os casos hospitalizados.
Dados por estabelecimento exportados (Paraná): 3.850 linhas, 243 estabelecimentos, 22 regionais.
Circulação viral por estabelecimento exportada: 4.173 linhas.
Mensagens de aviso:
1: In prettyNum(.Internal(format(x, trim, digits, nsmall, width, 3L,  :
  'big.mark' e 'decimal.mark' são ambos '.', o que pode ser confuso
2: In prettyNum(.Internal(format(x, trim, digits, nsmall, width, 3L,  :
  'big.mark' e 'decimal.mark' são ambos '.', o que pode ser confuso

============================================================
RESUMO
============================================================
Escopo              : 15ª Regional de Saúde de Maringá
Ano(s) analisados   : 2026
Pop. IBGE 2025      : 909.489
Mensagen de aviso:
In prettyNum(.Internal(format(x, trim, digits, nsmall, width, 3L,  :
  'big.mark' e 'decimal.mark' são ambos '.', o que pode ser confuso
Total notificações  : 1.424
Mensagen de aviso:
In prettyNum(.Internal(format(x, trim, digits, nsmall, width, 3L,  :
  'big.mark' e 'decimal.mark' são ambos '.', o que pode ser confuso
Tx notif. /100k hab.: 156.6
Confirmados PCR     : 486
Mensagen de aviso:
In prettyNum(.Internal(format(x, trim, digits, nsmall, width, 3L,  :
  'big.mark' e 'decimal.mark' são ambos '.', o que pode ser confuso
Óbitos (EVOLUCAO=2) : 95
Mensagen de aviso:
In prettyNum(.Internal(format(x, trim, digits, nsmall, width, 3L,  :
  'big.mark' e 'decimal.mark' são ambos '.', o que pode ser confuso
Letalidade          : 6.67%
Saída               : graficos
============================================================
Concluído. Rode quarto render e git push para atualizar o site.
      Gráficos gerados.

[2/5] Dados novos detectados — limpando cache do freeze...
      Cache removido.

[3/5] Renderizando projeto Quarto...
[1m[34m[1/3] descritiva.qmd[39m[22m
[31m

processing file: descritiva.qmd
[39m1/29                        
2/29 [setup]                
3/29                        
4/29 [completitude]         
5/29                        
6/29 [oportunidade-notif]   
7/29                        
8/29 [oportunidade-desf]    
9/29                        
10/29 [comorbidades-total]   
11/29                        
12/29 [comorbidades-obitos]  
13/29                        
14/29 [letalidade-faixa]     
15/29                        
16/29 [letalidade-sexo]      
17/29                        
18/29 [uti-faixa]            
19/29                        
20/29 [criterio]             
21/29                        
22/29 [antiviral]            
23/29                        
24/29 [vacinal]              
25/29                        
26/29 [mortalidade-municipio]
27/29                        
28/29 [tabela-mun]           
29/29                        
[31moutput file: descritiva.knit.md

[39m[1m[34m[2/3] index.qmd[39m[22m
[1m[34m[3/3] sobre.qmd[39m[22m

Output created: docs/index.html


[4/5] Enviando para o GitHub...
[main 80ec6fe] Atualização de dados — 23/09/2026
 81 files changed, 276 insertions(+), 1 deletion(-)
To https://github.com/valentim1979/virus-respiratorios.git
   b8dbe4c..80ec6fe  main -> main

[5/5] Publicado.
==================================================
  Site: https://valentim1979.github.io/virus-respiratorios
==================================================


==================================================
  PUBLICAR — 23/09/2026 23:11
==================================================

[1/5] Executando SCRIPT_Unificado.R...
Linking to GEOS 3.13.0, GDAL 3.8.5, PROJ 9.5.1; sf_use_s2() is TRUE

Anexando pacote: ‘dplyr’

Os seguintes objetos são mascarados por ‘package:stats’:

    filter, lag

Os seguintes objetos são mascarados por ‘package:base’:

    intersect, setdiff, setequal, union


Anexando pacote: ‘readr’

O seguinte objeto é mascarado por ‘package:scales’:

    col_factor


Anexando pacote: ‘lubridate’

Os seguintes objetos são mascarados por ‘package:base’:

    date, intersect, setdiff, union

Municípios: 30 | Pop. total: 909.489
Mensagen de aviso:
In prettyNum(.Internal(format(x, trim, digits, nsmall, width, 3L,  :
  'big.mark' e 'decimal.mark' são ambos '.', o que pode ser confuso
Tabela de referência PR: 399 municípios, 22 regionais, 4 macrorregiões.
Saída: graficos

Carregando anos: 2024, 2025, 2026
  Baixando via API dados.gov.br (SRAG 2024)...
  [cache] Usando CSV já baixado (SRAG_API_2024.csv) — ano encerrado, não muda mais
  [OK] 267986 registros (via API)
  Baixando via API dados.gov.br (SRAG 2025)...
  [cache] Usando CSV já baixado (SRAG_API_2025.csv) — ano encerrado, não muda mais
  [OK] 336391 registros (via API)
  Baixando via API dados.gov.br (SRAG 2026)...
  Baixando via API dados.gov.br: https://s3.sa-east-1.amazonaws.com/ckan.saude.gov.br/SRAG/2026/INFLUD26-14-09-2026.csv
tentando a URL 'https://s3.sa-east-1.amazonaws.com/ckan.saude.gov.br/SRAG/2026/INFLUD26-14-09-2026.csv'
Content type 'text/csv' length 237470416 bytes (226.5 MB)
==================================================
downloaded 226.5 MB

  [OK] 212278 registros (via API)
Total de registros: 816.655
Mensagen de aviso:
In prettyNum(.Internal(format(x, trim, digits, nsmall, width, 3L,  :
  'big.mark' e 'decimal.mark' são ambos '.', o que pode ser confuso
Escopo    : 15ª Regional de Saúde de Maringá
Registros : 1.424
Mensagen de aviso:
In prettyNum(.Internal(format(x, trim, digits, nsmall, width, 3L,  :
  'big.mark' e 'decimal.mark' são ambos '.', o que pode ser confuso
Pop. IBGE : 909.489
Mensagen de aviso:
In prettyNum(.Internal(format(x, trim, digits, nsmall, width, 3L,  :
  'big.mark' e 'decimal.mark' são ambos '.', o que pode ser confuso

Carregando anos históricos para gráfico de vírus: 2019, 2020, 2021, 2022, 2023
  Baixando via API dados.gov.br (SRAG 2019)...
  [cache] Usando CSV já baixado (SRAG_API_2019.csv) — ano encerrado, não muda mais
  [OK] 48941 registros (via API)
  Baixando via API dados.gov.br (SRAG 2020)...
  [cache] Usando CSV já baixado (SRAG_API_2020.csv) — ano encerrado, não muda mais
  [OK] 1206920 registros (via API)
  Baixando via API dados.gov.br (SRAG 2021)...
  [cache] Usando CSV já baixado (SRAG_API_2021.csv) — ano encerrado, não muda mais
  [OK] 1745672 registros (via API)
  Baixando via API dados.gov.br (SRAG 2022)...
  [cache] Usando CSV já baixado (SRAG_API_2022.csv) — ano encerrado, não muda mais
  [OK] 560577 registros (via API)
  Baixando via API dados.gov.br (SRAG 2023)...
  [cache] Usando CSV já baixado (SRAG_API_2023.csv) — ano encerrado, não muda mais
  [OK] 279453 registros (via API)
[OK] base_15rs_historica: 8 anos | 34.270 registros
Mensagen de aviso:
In prettyNum(.Internal(format(x, trim, digits, nsmall, width, 3L,  :
  'big.mark' e 'decimal.mark' são ambos '.', o que pode ser confuso
Salvo: graficos/06_curva_epidemica_comparativa.png
Mensagen de aviso:
In prettyNum(.Internal(format(x, trim, digits, nsmall, width, 3L,  :
  'big.mark' e 'decimal.mark' são ambos '.', o que pode ser confuso
Canal endêmico — anos de referência: 2022, 2023, 2024, 2025
Salvo: graficos/06b_canal_endemico.png
Mensagen de aviso:
In prettyNum(.Internal(format(x, trim, digits, nsmall, width, 3L,  :
  'big.mark' e 'decimal.mark' são ambos '.', o que pode ser confuso
Mensagens de aviso:
1: In prettyNum(.Internal(format(x, trim, digits, nsmall, width, 3L,  :
  'big.mark' e 'decimal.mark' são ambos '.', o que pode ser confuso
2: In prettyNum(.Internal(format(x, trim, digits, nsmall, width, 3L,  :
  'big.mark' e 'decimal.mark' são ambos '.', o que pode ser confuso
3: In prettyNum(.Internal(format(x, trim, digits, nsmall, width, 3L,  :
  'big.mark' e 'decimal.mark' são ambos '.', o que pode ser confuso
Salvo: graficos/07_notificacoes_semana_epi.png
Salvo: graficos/07b_variacao_semanal.png
Mensagens de aviso:
1: In prettyNum(.Internal(format(x, trim, digits, nsmall, width, 3L,  :
  'big.mark' e 'decimal.mark' são ambos '.', o que pode ser confuso
2: In prettyNum(.Internal(format(x, trim, digits, nsmall, width, 3L,  :
  'big.mark' e 'decimal.mark' são ambos '.', o que pode ser confuso
Salvo: graficos/08_confirmados_semana_epi.png
Mensagens de aviso:
1: In prettyNum(.Internal(format(x, trim, digits, nsmall, width, 3L,  :
  'big.mark' e 'decimal.mark' são ambos '.', o que pode ser confuso
2: In prettyNum(.Internal(format(x, trim, digits, nsmall, width, 3L,  :
  'big.mark' e 'decimal.mark' são ambos '.', o que pode ser confuso
Salvo: graficos/09_incidencia_por_municipio.png
Salvo: graficos/10_notificacoes_regionais_pr.png
Mensagens de aviso:
1: In prettyNum(.Internal(format(x, trim, digits, nsmall, width, 3L,  :
  'big.mark' e 'decimal.mark' são ambos '.', o que pode ser confuso
2: In prettyNum(.Internal(format(x, trim, digits, nsmall, width, 3L,  :
  'big.mark' e 'decimal.mark' são ambos '.', o que pode ser confuso
Mensagen de aviso:
In prettyNum(.Internal(format(x, trim, digits, nsmall, width, 3L,  :
  'big.mark' e 'decimal.mark' são ambos '.', o que pode ser confuso
Salvo: graficos/11_distribuicao_sexo.png
Mensagen de aviso:
In prettyNum(.Internal(format(x, trim, digits, nsmall, width, 3L,  :
  'big.mark' e 'decimal.mark' são ambos '.', o que pode ser confuso
Salvo: graficos/12_classificacao_final.png
Mensagen de aviso:
In prettyNum(.Internal(format(x, trim, digits, nsmall, width, 3L,  :
  'big.mark' e 'decimal.mark' são ambos '.', o que pode ser confuso
Salvo: graficos/13_circulacao_viral_total.png
Salvo: graficos/14_tendencia_viral_semanal.png
Mensagen de aviso:
In prettyNum(.Internal(format(x, trim, digits, nsmall, width, 3L,  :
  'big.mark' e 'decimal.mark' são ambos '.', o que pode ser confuso
Salvo: graficos/D13_virus_faixa_etaria_heatmap.png
Salvo: graficos/D13_virus_faixa_etaria_barras.png
Gráficos D13 salvos.
Salvo: graficos/15_tipos_linhagens_influenza.png
Mensagen de aviso:
In prettyNum(.Internal(format(x, trim, digits, nsmall, width, 3L,  :
  'big.mark' e 'decimal.mark' são ambos '.', o que pode ser confuso
Salvo: graficos/22_virus_tendencia_anual.png
[OK] Gráfico 22 salvo.
Mensagens de aviso:
1: In prettyNum(.Internal(format(x, trim, digits, nsmall, width, 3L,  :
  'big.mark' e 'decimal.mark' são ambos '.', o que pode ser confuso
2: In prettyNum(.Internal(format(x, trim, digits, nsmall, width, 3L,  :
  'big.mark' e 'decimal.mark' são ambos '.', o que pode ser confuso
Salvo: graficos/16_faixa_etaria_notif_confirmados.png
Mensagen de aviso:
In prettyNum(.Internal(format(x, trim, digits, nsmall, width, 3L,  :
  'big.mark' e 'decimal.mark' são ambos '.', o que pode ser confuso
Salvo: graficos/17_piramide_etaria_notificados.png
Salvo: graficos/18_piramide_etaria_obitos.png
Mensagen de aviso:
In prettyNum(.Internal(format(x, trim, digits, nsmall, width, 3L,  :
  'big.mark' e 'decimal.mark' são ambos '.', o que pode ser confuso
Mensagen de aviso:
In prettyNum(.Internal(format(x, trim, digits, nsmall, width, 3L,  :
  'big.mark' e 'decimal.mark' são ambos '.', o que pode ser confuso
Salvo: graficos/19_evolucao_desfecho.png
Mensagen de aviso:
In prettyNum(.Internal(format(x, trim, digits, nsmall, width, 3L,  :
  'big.mark' e 'decimal.mark' são ambos '.', o que pode ser confuso
Salvo: graficos/20_raca_cor.png
Salvo: graficos/srag_serie_classificacao_2026.png
ℹ tmap modes "plot" - "view"
ℹ toggle with `tmap::ttm()`
This message is displayed once per session.

Gerando mapa por município...
Map saved to /Users/valentimsalajunior/Documents/vigilancia-epidemiologica/graficos/mapa_srag_casos_2026.png
Resolution: 2400 by 2000 pixels
Size: 8 by 6.666667 inches (300 dpi)
[plot mode] fit legend/component: Some legend items or map compoments do not
fit well, and are therefore rescaled.
ℹ Set the tmap option `component.autoscale = FALSE` to disable rescaling.
Map saved to /Users/valentimsalajunior/Documents/vigilancia-epidemiologica/graficos/mapa_srag_incidencia_2026.png
Resolution: 2400 by 2000 pixels
Size: 8 by 6.666667 inches (300 dpi)
Mapas por município salvos.
  [aviso] Usando NM_UN_INTE (unidade de internação) como aproximação de estabelecimento — cobre só os casos hospitalizados.
Dados por estabelecimento exportados (Paraná): 3.850 linhas, 243 estabelecimentos, 22 regionais.
Circulação viral por estabelecimento exportada: 4.173 linhas.
Mensagens de aviso:
1: In prettyNum(.Internal(format(x, trim, digits, nsmall, width, 3L,  :
  'big.mark' e 'decimal.mark' são ambos '.', o que pode ser confuso
2: In prettyNum(.Internal(format(x, trim, digits, nsmall, width, 3L,  :
  'big.mark' e 'decimal.mark' são ambos '.', o que pode ser confuso

============================================================
RESUMO
============================================================
Escopo              : 15ª Regional de Saúde de Maringá
Ano(s) analisados   : 2026
Pop. IBGE 2025      : 909.489
Mensagen de aviso:
In prettyNum(.Internal(format(x, trim, digits, nsmall, width, 3L,  :
  'big.mark' e 'decimal.mark' são ambos '.', o que pode ser confuso
Total notificações  : 1.424
Mensagen de aviso:
In prettyNum(.Internal(format(x, trim, digits, nsmall, width, 3L,  :
  'big.mark' e 'decimal.mark' são ambos '.', o que pode ser confuso
Tx notif. /100k hab.: 156.6
Confirmados PCR     : 486
Mensagen de aviso:
In prettyNum(.Internal(format(x, trim, digits, nsmall, width, 3L,  :
  'big.mark' e 'decimal.mark' são ambos '.', o que pode ser confuso
Óbitos (EVOLUCAO=2) : 95
Mensagen de aviso:
In prettyNum(.Internal(format(x, trim, digits, nsmall, width, 3L,  :
  'big.mark' e 'decimal.mark' são ambos '.', o que pode ser confuso
Letalidade          : 6.67%
Saída               : graficos
============================================================
Concluído. Rode quarto render e git push para atualizar o site.
      Gráficos gerados.

[2/5] Dados novos detectados — limpando cache do freeze...
      Cache removido.

[3/5] Renderizando projeto Quarto...
[1m[34m[1/3] descritiva.qmd[39m[22m
[31m

processing file: descritiva.qmd
[39m1/29                        
2/29 [setup]                
3/29                        
4/29 [completitude]         
5/29                        
6/29 [oportunidade-notif]   
7/29                        
8/29 [oportunidade-desf]    
9/29                        
10/29 [comorbidades-total]   
11/29                        
12/29 [comorbidades-obitos]  
13/29                        
14/29 [letalidade-faixa]     
15/29                        
16/29 [letalidade-sexo]      
17/29                        
18/29 [uti-faixa]            
19/29                        
20/29 [criterio]             
21/29                        
22/29 [antiviral]            
23/29                        
24/29 [vacinal]              
25/29                        
26/29 [mortalidade-municipio]
27/29                        
28/29 [tabela-mun]           
29/29                        
[31moutput file: descritiva.knit.md

[39m[1m[34m[2/3] index.qmd[39m[22m
[1m[34m[3/3] sobre.qmd[39m[22m

Output created: docs/index.html


[4/5] Enviando para o GitHub...
[main 7bcb23c] Atualização de dados — 24/09/2026
 81 files changed, 281 insertions(+), 1 deletion(-)
To https://github.com/valentim1979/virus-respiratorios.git
   80ec6fe..7bcb23c  main -> main

[5/5] Publicado.
==================================================
  Site: https://valentim1979.github.io/virus-respiratorios
==================================================


==================================================
  PUBLICAR — 24/09/2026 23:01
==================================================

[1/5] Executando SCRIPT_Unificado.R...
Linking to GEOS 3.13.0, GDAL 3.8.5, PROJ 9.5.1; sf_use_s2() is TRUE

Anexando pacote: ‘dplyr’

Os seguintes objetos são mascarados por ‘package:stats’:

    filter, lag

Os seguintes objetos são mascarados por ‘package:base’:

    intersect, setdiff, setequal, union


Anexando pacote: ‘readr’

O seguinte objeto é mascarado por ‘package:scales’:

    col_factor


Anexando pacote: ‘lubridate’

Os seguintes objetos são mascarados por ‘package:base’:

    date, intersect, setdiff, union

Municípios: 30 | Pop. total: 909.489
Mensagen de aviso:
In prettyNum(.Internal(format(x, trim, digits, nsmall, width, 3L,  :
  'big.mark' e 'decimal.mark' são ambos '.', o que pode ser confuso
Tabela de referência PR: 399 municípios, 22 regionais, 4 macrorregiões.
Saída: graficos

Carregando anos: 2024, 2025, 2026
  Baixando via API dados.gov.br (SRAG 2024)...
  [cache] Usando CSV já baixado (SRAG_API_2024.csv) — ano encerrado, não muda mais
  [OK] 267986 registros (via API)
  Baixando via API dados.gov.br (SRAG 2025)...
  [cache] Usando CSV já baixado (SRAG_API_2025.csv) — ano encerrado, não muda mais
  [OK] 336391 registros (via API)
  Baixando via API dados.gov.br (SRAG 2026)...
  [cache] Usando CSV já baixado (SRAG_API_2026.csv) — atualizado hoje
  [OK] 212278 registros (via API)
Total de registros: 816.655
Mensagen de aviso:
In prettyNum(.Internal(format(x, trim, digits, nsmall, width, 3L,  :
  'big.mark' e 'decimal.mark' são ambos '.', o que pode ser confuso
Escopo    : 15ª Regional de Saúde de Maringá
Registros : 1.424
Mensagen de aviso:
In prettyNum(.Internal(format(x, trim, digits, nsmall, width, 3L,  :
  'big.mark' e 'decimal.mark' são ambos '.', o que pode ser confuso
Pop. IBGE : 909.489
Mensagen de aviso:
In prettyNum(.Internal(format(x, trim, digits, nsmall, width, 3L,  :
  'big.mark' e 'decimal.mark' são ambos '.', o que pode ser confuso

Carregando anos históricos para gráfico de vírus: 2019, 2020, 2021, 2022, 2023
  Baixando via API dados.gov.br (SRAG 2019)...
  [cache] Usando CSV já baixado (SRAG_API_2019.csv) — ano encerrado, não muda mais
  [OK] 48941 registros (via API)
  Baixando via API dados.gov.br (SRAG 2020)...
  [cache] Usando CSV já baixado (SRAG_API_2020.csv) — ano encerrado, não muda mais
  [OK] 1206920 registros (via API)
  Baixando via API dados.gov.br (SRAG 2021)...
  [cache] Usando CSV já baixado (SRAG_API_2021.csv) — ano encerrado, não muda mais
  [OK] 1745672 registros (via API)
  Baixando via API dados.gov.br (SRAG 2022)...
  [cache] Usando CSV já baixado (SRAG_API_2022.csv) — ano encerrado, não muda mais
  [OK] 560577 registros (via API)
  Baixando via API dados.gov.br (SRAG 2023)...
  [cache] Usando CSV já baixado (SRAG_API_2023.csv) — ano encerrado, não muda mais
  [OK] 279453 registros (via API)
[OK] base_15rs_historica: 8 anos | 34.270 registros
Mensagen de aviso:
In prettyNum(.Internal(format(x, trim, digits, nsmall, width, 3L,  :
  'big.mark' e 'decimal.mark' são ambos '.', o que pode ser confuso
Salvo: graficos/06_curva_epidemica_comparativa.png
Mensagen de aviso:
In prettyNum(.Internal(format(x, trim, digits, nsmall, width, 3L,  :
  'big.mark' e 'decimal.mark' são ambos '.', o que pode ser confuso
Canal endêmico — anos de referência: 2022, 2023, 2024, 2025
Salvo: graficos/06b_canal_endemico.png
Mensagen de aviso:
In prettyNum(.Internal(format(x, trim, digits, nsmall, width, 3L,  :
  'big.mark' e 'decimal.mark' são ambos '.', o que pode ser confuso
Mensagens de aviso:
1: In prettyNum(.Internal(format(x, trim, digits, nsmall, width, 3L,  :
  'big.mark' e 'decimal.mark' são ambos '.', o que pode ser confuso
2: In prettyNum(.Internal(format(x, trim, digits, nsmall, width, 3L,  :
  'big.mark' e 'decimal.mark' são ambos '.', o que pode ser confuso
3: In prettyNum(.Internal(format(x, trim, digits, nsmall, width, 3L,  :
  'big.mark' e 'decimal.mark' são ambos '.', o que pode ser confuso
Salvo: graficos/07_notificacoes_semana_epi.png
Salvo: graficos/07b_variacao_semanal.png
Mensagens de aviso:
1: In prettyNum(.Internal(format(x, trim, digits, nsmall, width, 3L,  :
  'big.mark' e 'decimal.mark' são ambos '.', o que pode ser confuso
2: In prettyNum(.Internal(format(x, trim, digits, nsmall, width, 3L,  :
  'big.mark' e 'decimal.mark' são ambos '.', o que pode ser confuso
Salvo: graficos/08_confirmados_semana_epi.png
Mensagens de aviso:
1: In prettyNum(.Internal(format(x, trim, digits, nsmall, width, 3L,  :
  'big.mark' e 'decimal.mark' são ambos '.', o que pode ser confuso
2: In prettyNum(.Internal(format(x, trim, digits, nsmall, width, 3L,  :
  'big.mark' e 'decimal.mark' são ambos '.', o que pode ser confuso
Salvo: graficos/09_incidencia_por_municipio.png
Salvo: graficos/10_notificacoes_regionais_pr.png
Mensagens de aviso:
1: In prettyNum(.Internal(format(x, trim, digits, nsmall, width, 3L,  :
  'big.mark' e 'decimal.mark' são ambos '.', o que pode ser confuso
2: In prettyNum(.Internal(format(x, trim, digits, nsmall, width, 3L,  :
  'big.mark' e 'decimal.mark' são ambos '.', o que pode ser confuso
Mensagen de aviso:
In prettyNum(.Internal(format(x, trim, digits, nsmall, width, 3L,  :
  'big.mark' e 'decimal.mark' são ambos '.', o que pode ser confuso
Salvo: graficos/11_distribuicao_sexo.png
Mensagen de aviso:
In prettyNum(.Internal(format(x, trim, digits, nsmall, width, 3L,  :
  'big.mark' e 'decimal.mark' são ambos '.', o que pode ser confuso
Salvo: graficos/12_classificacao_final.png
Mensagen de aviso:
In prettyNum(.Internal(format(x, trim, digits, nsmall, width, 3L,  :
  'big.mark' e 'decimal.mark' são ambos '.', o que pode ser confuso
Salvo: graficos/13_circulacao_viral_total.png
Salvo: graficos/14_tendencia_viral_semanal.png
Mensagen de aviso:
In prettyNum(.Internal(format(x, trim, digits, nsmall, width, 3L,  :
  'big.mark' e 'decimal.mark' são ambos '.', o que pode ser confuso
Salvo: graficos/D13_virus_faixa_etaria_heatmap.png
Salvo: graficos/D13_virus_faixa_etaria_barras.png
Gráficos D13 salvos.
Salvo: graficos/15_tipos_linhagens_influenza.png
Mensagen de aviso:
In prettyNum(.Internal(format(x, trim, digits, nsmall, width, 3L,  :
  'big.mark' e 'decimal.mark' são ambos '.', o que pode ser confuso
Salvo: graficos/22_virus_tendencia_anual.png
[OK] Gráfico 22 salvo.
Mensagens de aviso:
1: In prettyNum(.Internal(format(x, trim, digits, nsmall, width, 3L,  :
  'big.mark' e 'decimal.mark' são ambos '.', o que pode ser confuso
2: In prettyNum(.Internal(format(x, trim, digits, nsmall, width, 3L,  :
  'big.mark' e 'decimal.mark' são ambos '.', o que pode ser confuso
Salvo: graficos/16_faixa_etaria_notif_confirmados.png
Mensagen de aviso:
In prettyNum(.Internal(format(x, trim, digits, nsmall, width, 3L,  :
  'big.mark' e 'decimal.mark' são ambos '.', o que pode ser confuso
Salvo: graficos/17_piramide_etaria_notificados.png
Salvo: graficos/18_piramide_etaria_obitos.png
Mensagen de aviso:
In prettyNum(.Internal(format(x, trim, digits, nsmall, width, 3L,  :
  'big.mark' e 'decimal.mark' são ambos '.', o que pode ser confuso
Mensagen de aviso:
In prettyNum(.Internal(format(x, trim, digits, nsmall, width, 3L,  :
  'big.mark' e 'decimal.mark' são ambos '.', o que pode ser confuso
Salvo: graficos/19_evolucao_desfecho.png
Mensagen de aviso:
In prettyNum(.Internal(format(x, trim, digits, nsmall, width, 3L,  :
  'big.mark' e 'decimal.mark' são ambos '.', o que pode ser confuso
Salvo: graficos/20_raca_cor.png
Salvo: graficos/srag_serie_classificacao_2026.png
ℹ tmap modes "plot" - "view"
ℹ toggle with `tmap::ttm()`
This message is displayed once per session.

Gerando mapa por município...
Map saved to /Users/valentimsalajunior/Documents/vigilancia-epidemiologica/graficos/mapa_srag_casos_2026.png
Resolution: 2400 by 2000 pixels
Size: 8 by 6.666667 inches (300 dpi)
[plot mode] fit legend/component: Some legend items or map compoments do not
fit well, and are therefore rescaled.
ℹ Set the tmap option `component.autoscale = FALSE` to disable rescaling.
Map saved to /Users/valentimsalajunior/Documents/vigilancia-epidemiologica/graficos/mapa_srag_incidencia_2026.png
Resolution: 2400 by 2000 pixels
Size: 8 by 6.666667 inches (300 dpi)
Mapas por município salvos.
  [aviso] Usando NM_UN_INTE (unidade de internação) como aproximação de estabelecimento — cobre só os casos hospitalizados.
Dados por estabelecimento exportados (Paraná): 3.850 linhas, 243 estabelecimentos, 22 regionais.
Circulação viral por estabelecimento exportada: 4.173 linhas.
Mensagens de aviso:
1: In prettyNum(.Internal(format(x, trim, digits, nsmall, width, 3L,  :
  'big.mark' e 'decimal.mark' são ambos '.', o que pode ser confuso
2: In prettyNum(.Internal(format(x, trim, digits, nsmall, width, 3L,  :
  'big.mark' e 'decimal.mark' são ambos '.', o que pode ser confuso

============================================================
RESUMO
============================================================
Escopo              : 15ª Regional de Saúde de Maringá
Ano(s) analisados   : 2026
Pop. IBGE 2025      : 909.489
Mensagen de aviso:
In prettyNum(.Internal(format(x, trim, digits, nsmall, width, 3L,  :
  'big.mark' e 'decimal.mark' são ambos '.', o que pode ser confuso
Total notificações  : 1.424
Mensagen de aviso:
In prettyNum(.Internal(format(x, trim, digits, nsmall, width, 3L,  :
  'big.mark' e 'decimal.mark' são ambos '.', o que pode ser confuso
Tx notif. /100k hab.: 156.6
Confirmados PCR     : 486
Mensagen de aviso:
In prettyNum(.Internal(format(x, trim, digits, nsmall, width, 3L,  :
  'big.mark' e 'decimal.mark' são ambos '.', o que pode ser confuso
Óbitos (EVOLUCAO=2) : 95
Mensagen de aviso:
In prettyNum(.Internal(format(x, trim, digits, nsmall, width, 3L,  :
  'big.mark' e 'decimal.mark' são ambos '.', o que pode ser confuso
Letalidade          : 6.67%
Saída               : graficos
============================================================
Concluído. Rode quarto render e git push para atualizar o site.
      Gráficos gerados.

[2/5] Dados novos detectados — limpando cache do freeze...
      Cache removido.

[3/5] Renderizando projeto Quarto...
[1m[34m[1/3] descritiva.qmd[39m[22m
[31m

processing file: descritiva.qmd
[39m1/29                        
2/29 [setup]                
[31mtentando a URL 'https://s3.sa-east-1.amazonaws.com/ckan.saude.gov.br/SRAG/2026/INFLUD26-14-09-2026.csv'
[39m[31mContent type 'text/csv' length 237470416 bytes (226.5 MB)
[39m[31m=[39m[31m=[39m[31m=[39m[31m=[39m[31m=[39m[31m=[39m[31m=[39m[31m=[39m[31m=[39m[31m=[39m[31m=[39m[31m=[39m[31m=[39m[31m=[39m[31m=[39m[31m=[39m[31m=[39m[31m=[39m[31m=[39m[31m=[39m[31m=[39m[31m=[39m[31m=[39m[31m=[39m[31m=[39m[31m=[39m[31m=[39m[31m=[39m[31m=[39m[31m=[39m[31m=[39m[31m=[39m[31m=[39m[31m=[39m[31m=[39m[31m=[39m[31m=[39m[31m=[39m[31m=[39m[31m=[39m[31m=[39m[31m=[39m[31m=[39m[31m=[39m[31m=[39m[31m=[39m[31m=[39m[31m=[39m[31m=[39m[31m=
[39m[31mdownloaded 226.5 MB

[39m3/29                        
4/29 [completitude]         
5/29                        
6/29 [oportunidade-notif]   
7/29                        
8/29 [oportunidade-desf]    
9/29                        
10/29 [comorbidades-total]   
11/29                        
12/29 [comorbidades-obitos]  
13/29                        
14/29 [letalidade-faixa]     
15/29                        
16/29 [letalidade-sexo]      
17/29                        
18/29 [uti-faixa]            
19/29                        
20/29 [criterio]             
21/29                        
22/29 [antiviral]            
23/29                        
24/29 [vacinal]              
25/29                        
26/29 [mortalidade-municipio]
27/29                        
28/29 [tabela-mun]           
29/29                        
[31moutput file: descritiva.knit.md

[39m[1m[34m[2/3] index.qmd[39m[22m
[1m[34m[3/3] sobre.qmd[39m[22m

Output created: docs/index.html


[4/5] Enviando para o GitHub...
[main 4e80daf] Atualização de dados — 25/09/2026
 81 files changed, 281 insertions(+), 1 deletion(-)
To https://github.com/valentim1979/virus-respiratorios.git
   7bcb23c..4e80daf  main -> main

[5/5] Publicado.
==================================================
  Site: https://valentim1979.github.io/virus-respiratorios
==================================================


==================================================
  PUBLICAR — 25/09/2026 23:11
==================================================

[1/5] Executando SCRIPT_Unificado.R...
Linking to GEOS 3.13.0, GDAL 3.8.5, PROJ 9.5.1; sf_use_s2() is TRUE

Anexando pacote: ‘dplyr’

Os seguintes objetos são mascarados por ‘package:stats’:

    filter, lag

Os seguintes objetos são mascarados por ‘package:base’:

    intersect, setdiff, setequal, union


Anexando pacote: ‘readr’

O seguinte objeto é mascarado por ‘package:scales’:

    col_factor


Anexando pacote: ‘lubridate’

Os seguintes objetos são mascarados por ‘package:base’:

    date, intersect, setdiff, union

Municípios: 30 | Pop. total: 909.489
Mensagen de aviso:
In prettyNum(.Internal(format(x, trim, digits, nsmall, width, 3L,  :
  'big.mark' e 'decimal.mark' são ambos '.', o que pode ser confuso
Tabela de referência PR: 399 municípios, 22 regionais, 4 macrorregiões.
Saída: graficos

Carregando anos: 2024, 2025, 2026
  Baixando via API dados.gov.br (SRAG 2024)...
  [cache] Usando CSV já baixado (SRAG_API_2024.csv) — ano encerrado, não muda mais
  [OK] 267986 registros (via API)
  Baixando via API dados.gov.br (SRAG 2025)...
  [cache] Usando CSV já baixado (SRAG_API_2025.csv) — ano encerrado, não muda mais
  [OK] 336391 registros (via API)
  Baixando via API dados.gov.br (SRAG 2026)...
  [cache] Usando CSV já baixado (SRAG_API_2026.csv) — atualizado hoje
  [OK] 212278 registros (via API)
Total de registros: 816.655
Mensagen de aviso:
In prettyNum(.Internal(format(x, trim, digits, nsmall, width, 3L,  :
  'big.mark' e 'decimal.mark' são ambos '.', o que pode ser confuso
Escopo    : 15ª Regional de Saúde de Maringá
Registros : 1.424
Mensagen de aviso:
In prettyNum(.Internal(format(x, trim, digits, nsmall, width, 3L,  :
  'big.mark' e 'decimal.mark' são ambos '.', o que pode ser confuso
Pop. IBGE : 909.489
Mensagen de aviso:
In prettyNum(.Internal(format(x, trim, digits, nsmall, width, 3L,  :
  'big.mark' e 'decimal.mark' são ambos '.', o que pode ser confuso

Carregando anos históricos para gráfico de vírus: 2019, 2020, 2021, 2022, 2023
  Baixando via API dados.gov.br (SRAG 2019)...
  [cache] Usando CSV já baixado (SRAG_API_2019.csv) — ano encerrado, não muda mais
  [OK] 48941 registros (via API)
  Baixando via API dados.gov.br (SRAG 2020)...
  [cache] Usando CSV já baixado (SRAG_API_2020.csv) — ano encerrado, não muda mais
  [OK] 1206920 registros (via API)
  Baixando via API dados.gov.br (SRAG 2021)...
  [cache] Usando CSV já baixado (SRAG_API_2021.csv) — ano encerrado, não muda mais
  [OK] 1745672 registros (via API)
  Baixando via API dados.gov.br (SRAG 2022)...
  [cache] Usando CSV já baixado (SRAG_API_2022.csv) — ano encerrado, não muda mais
  [OK] 560577 registros (via API)
  Baixando via API dados.gov.br (SRAG 2023)...
  [cache] Usando CSV já baixado (SRAG_API_2023.csv) — ano encerrado, não muda mais
  [OK] 279453 registros (via API)
[OK] base_15rs_historica: 8 anos | 34.270 registros
Mensagen de aviso:
In prettyNum(.Internal(format(x, trim, digits, nsmall, width, 3L,  :
  'big.mark' e 'decimal.mark' são ambos '.', o que pode ser confuso
Salvo: graficos/06_curva_epidemica_comparativa.png
Mensagen de aviso:
In prettyNum(.Internal(format(x, trim, digits, nsmall, width, 3L,  :
  'big.mark' e 'decimal.mark' são ambos '.', o que pode ser confuso
Canal endêmico — anos de referência: 2022, 2023, 2024, 2025
Salvo: graficos/06b_canal_endemico.png
Mensagen de aviso:
In prettyNum(.Internal(format(x, trim, digits, nsmall, width, 3L,  :
  'big.mark' e 'decimal.mark' são ambos '.', o que pode ser confuso
Mensagens de aviso:
1: In prettyNum(.Internal(format(x, trim, digits, nsmall, width, 3L,  :
  'big.mark' e 'decimal.mark' são ambos '.', o que pode ser confuso
2: In prettyNum(.Internal(format(x, trim, digits, nsmall, width, 3L,  :
  'big.mark' e 'decimal.mark' são ambos '.', o que pode ser confuso
3: In prettyNum(.Internal(format(x, trim, digits, nsmall, width, 3L,  :
  'big.mark' e 'decimal.mark' são ambos '.', o que pode ser confuso
Salvo: graficos/07_notificacoes_semana_epi.png
Salvo: graficos/07b_variacao_semanal.png
Mensagens de aviso:
1: In prettyNum(.Internal(format(x, trim, digits, nsmall, width, 3L,  :
  'big.mark' e 'decimal.mark' são ambos '.', o que pode ser confuso
2: In prettyNum(.Internal(format(x, trim, digits, nsmall, width, 3L,  :
  'big.mark' e 'decimal.mark' são ambos '.', o que pode ser confuso
Salvo: graficos/08_confirmados_semana_epi.png
Mensagens de aviso:
1: In prettyNum(.Internal(format(x, trim, digits, nsmall, width, 3L,  :
  'big.mark' e 'decimal.mark' são ambos '.', o que pode ser confuso
2: In prettyNum(.Internal(format(x, trim, digits, nsmall, width, 3L,  :
  'big.mark' e 'decimal.mark' são ambos '.', o que pode ser confuso
Salvo: graficos/09_incidencia_por_municipio.png
Salvo: graficos/10_notificacoes_regionais_pr.png
Mensagens de aviso:
1: In prettyNum(.Internal(format(x, trim, digits, nsmall, width, 3L,  :
  'big.mark' e 'decimal.mark' são ambos '.', o que pode ser confuso
2: In prettyNum(.Internal(format(x, trim, digits, nsmall, width, 3L,  :
  'big.mark' e 'decimal.mark' são ambos '.', o que pode ser confuso
Mensagen de aviso:
In prettyNum(.Internal(format(x, trim, digits, nsmall, width, 3L,  :
  'big.mark' e 'decimal.mark' são ambos '.', o que pode ser confuso
Salvo: graficos/11_distribuicao_sexo.png
Mensagen de aviso:
In prettyNum(.Internal(format(x, trim, digits, nsmall, width, 3L,  :
  'big.mark' e 'decimal.mark' são ambos '.', o que pode ser confuso
Salvo: graficos/12_classificacao_final.png
Mensagen de aviso:
In prettyNum(.Internal(format(x, trim, digits, nsmall, width, 3L,  :
  'big.mark' e 'decimal.mark' são ambos '.', o que pode ser confuso
Salvo: graficos/13_circulacao_viral_total.png
Salvo: graficos/14_tendencia_viral_semanal.png
Mensagen de aviso:
In prettyNum(.Internal(format(x, trim, digits, nsmall, width, 3L,  :
  'big.mark' e 'decimal.mark' são ambos '.', o que pode ser confuso
Salvo: graficos/D13_virus_faixa_etaria_heatmap.png
Salvo: graficos/D13_virus_faixa_etaria_barras.png
Gráficos D13 salvos.
Salvo: graficos/15_tipos_linhagens_influenza.png
Mensagen de aviso:
In prettyNum(.Internal(format(x, trim, digits, nsmall, width, 3L,  :
  'big.mark' e 'decimal.mark' são ambos '.', o que pode ser confuso
Salvo: graficos/22_virus_tendencia_anual.png
[OK] Gráfico 22 salvo.
Mensagens de aviso:
1: In prettyNum(.Internal(format(x, trim, digits, nsmall, width, 3L,  :
  'big.mark' e 'decimal.mark' são ambos '.', o que pode ser confuso
2: In prettyNum(.Internal(format(x, trim, digits, nsmall, width, 3L,  :
  'big.mark' e 'decimal.mark' são ambos '.', o que pode ser confuso
Salvo: graficos/16_faixa_etaria_notif_confirmados.png
Mensagen de aviso:
In prettyNum(.Internal(format(x, trim, digits, nsmall, width, 3L,  :
  'big.mark' e 'decimal.mark' são ambos '.', o que pode ser confuso
Salvo: graficos/17_piramide_etaria_notificados.png
Salvo: graficos/18_piramide_etaria_obitos.png
Mensagen de aviso:
In prettyNum(.Internal(format(x, trim, digits, nsmall, width, 3L,  :
  'big.mark' e 'decimal.mark' são ambos '.', o que pode ser confuso
Mensagen de aviso:
In prettyNum(.Internal(format(x, trim, digits, nsmall, width, 3L,  :
  'big.mark' e 'decimal.mark' são ambos '.', o que pode ser confuso
Salvo: graficos/19_evolucao_desfecho.png
Mensagen de aviso:
In prettyNum(.Internal(format(x, trim, digits, nsmall, width, 3L,  :
  'big.mark' e 'decimal.mark' são ambos '.', o que pode ser confuso
Salvo: graficos/20_raca_cor.png
Salvo: graficos/srag_serie_classificacao_2026.png
ℹ tmap modes "plot" - "view"
ℹ toggle with `tmap::ttm()`
This message is displayed once per session.

Gerando mapa por município...
Map saved to /Users/valentimsalajunior/Documents/vigilancia-epidemiologica/graficos/mapa_srag_casos_2026.png
Resolution: 2400 by 2000 pixels
Size: 8 by 6.666667 inches (300 dpi)
[plot mode] fit legend/component: Some legend items or map compoments do not
fit well, and are therefore rescaled.
ℹ Set the tmap option `component.autoscale = FALSE` to disable rescaling.
Map saved to /Users/valentimsalajunior/Documents/vigilancia-epidemiologica/graficos/mapa_srag_incidencia_2026.png
Resolution: 2400 by 2000 pixels
Size: 8 by 6.666667 inches (300 dpi)
Mapas por município salvos.
  [aviso] Usando NM_UN_INTE (unidade de internação) como aproximação de estabelecimento — cobre só os casos hospitalizados.
Dados por estabelecimento exportados (Paraná): 3.850 linhas, 243 estabelecimentos, 22 regionais.
Circulação viral por estabelecimento exportada: 4.173 linhas.
Mensagens de aviso:
1: In prettyNum(.Internal(format(x, trim, digits, nsmall, width, 3L,  :
  'big.mark' e 'decimal.mark' são ambos '.', o que pode ser confuso
2: In prettyNum(.Internal(format(x, trim, digits, nsmall, width, 3L,  :
  'big.mark' e 'decimal.mark' são ambos '.', o que pode ser confuso

============================================================
RESUMO
============================================================
Escopo              : 15ª Regional de Saúde de Maringá
Ano(s) analisados   : 2026
Pop. IBGE 2025      : 909.489
Mensagen de aviso:
In prettyNum(.Internal(format(x, trim, digits, nsmall, width, 3L,  :
  'big.mark' e 'decimal.mark' são ambos '.', o que pode ser confuso
Total notificações  : 1.424
Mensagen de aviso:
In prettyNum(.Internal(format(x, trim, digits, nsmall, width, 3L,  :
  'big.mark' e 'decimal.mark' são ambos '.', o que pode ser confuso
Tx notif. /100k hab.: 156.6
Confirmados PCR     : 486
Mensagen de aviso:
In prettyNum(.Internal(format(x, trim, digits, nsmall, width, 3L,  :
  'big.mark' e 'decimal.mark' são ambos '.', o que pode ser confuso
Óbitos (EVOLUCAO=2) : 95
Mensagen de aviso:
In prettyNum(.Internal(format(x, trim, digits, nsmall, width, 3L,  :
  'big.mark' e 'decimal.mark' são ambos '.', o que pode ser confuso
Letalidade          : 6.67%
Saída               : graficos
============================================================
Concluído. Rode quarto render e git push para atualizar o site.
      Gráficos gerados.

[2/5] Dados novos detectados — limpando cache do freeze...
      Cache removido.

[3/5] Renderizando projeto Quarto...
[1m[34m[1/3] descritiva.qmd[39m[22m
[31m

processing file: descritiva.qmd
[39m1/29                        
2/29 [setup]                
[31mtentando a URL 'https://s3.sa-east-1.amazonaws.com/ckan.saude.gov.br/SRAG/2026/INFLUD26-14-09-2026.csv'
[39m[31mContent type 'text/csv' length 237470416 bytes (226.5 MB)
[39m[31m=[39m[31m=[39m[31m=[39m[31m=[39m[31m=[39m[31m=[39m[31m=[39m[31m=[39m[31m=[39m[31m=[39m[31m=[39m[31m=[39m[31m=[39m[31m=[39m[31m=[39m[31m=[39m[31m=[39m[31m=[39m[31m=[39m[31m=[39m[31m=[39m[31m=[39m[31m=[39m[31m=[39m[31m=[39m[31m=[39m[31m=[39m[31m=[39m[31m=[39m[31m=[39m[31m=[39m[31m=[39m[31m=[39m[31m=[39m[31m=[39m[31m=[39m[31m=[39m[31m=[39m[31m=[39m[31m=[39m[31m=[39m[31m=[39m[31m=[39m[31m=[39m[31m=[39m[31m=[39m[31m=[39m[31m=[39m[31m=[39m[31m=
downloaded 226.5 MB

[39m3/29                        
4/29 [completitude]         
5/29                        
6/29 [oportunidade-notif]   
7/29                        
8/29 [oportunidade-desf]    
9/29                        
10/29 [comorbidades-total]   
11/29                        
12/29 [comorbidades-obitos]  
13/29                        
14/29 [letalidade-faixa]     
15/29                        
16/29 [letalidade-sexo]      
17/29                        
18/29 [uti-faixa]            
19/29                        
20/29 [criterio]             
21/29                        
22/29 [antiviral]            
23/29                        
24/29 [vacinal]              
25/29                        
26/29 [mortalidade-municipio]
27/29                        
28/29 [tabela-mun]           
29/29                        
[31moutput file: descritiva.knit.md

[39m[1m[34m[2/3] index.qmd[39m[22m
[1m[34m[3/3] sobre.qmd[39m[22m

Output created: docs/index.html


[4/5] Enviando para o GitHub...
[main a7aaa4b] Atualização de dados — 26/09/2026
 81 files changed, 281 insertions(+), 1 deletion(-)
To https://github.com/valentim1979/virus-respiratorios.git
   4e80daf..a7aaa4b  main -> main

[5/5] Publicado.
==================================================
  Site: https://valentim1979.github.io/virus-respiratorios
==================================================


==================================================
  PUBLICAR — 26/09/2026 23:00
==================================================

[1/5] Executando SCRIPT_Unificado.R...
Linking to GEOS 3.13.0, GDAL 3.8.5, PROJ 9.5.1; sf_use_s2() is TRUE

Anexando pacote: ‘dplyr’

Os seguintes objetos são mascarados por ‘package:stats’:

    filter, lag

Os seguintes objetos são mascarados por ‘package:base’:

    intersect, setdiff, setequal, union


Anexando pacote: ‘readr’

O seguinte objeto é mascarado por ‘package:scales’:

    col_factor


Anexando pacote: ‘lubridate’

Os seguintes objetos são mascarados por ‘package:base’:

    date, intersect, setdiff, union

Municípios: 30 | Pop. total: 909.489
Mensagen de aviso:
In prettyNum(.Internal(format(x, trim, digits, nsmall, width, 3L,  :
  'big.mark' e 'decimal.mark' são ambos '.', o que pode ser confuso
Tabela de referência PR: 399 municípios, 22 regionais, 4 macrorregiões.
Saída: graficos

Carregando anos: 2024, 2025, 2026
  Baixando via API dados.gov.br (SRAG 2024)...
  [cache] Usando CSV já baixado (SRAG_API_2024.csv) — ano encerrado, não muda mais
  [OK] 267986 registros (via API)
  Baixando via API dados.gov.br (SRAG 2025)...
  [cache] Usando CSV já baixado (SRAG_API_2025.csv) — ano encerrado, não muda mais
  [OK] 336391 registros (via API)
  Baixando via API dados.gov.br (SRAG 2026)...
  [cache] Usando CSV já baixado (SRAG_API_2026.csv) — atualizado hoje
  [OK] 212278 registros (via API)
Total de registros: 816.655
Mensagen de aviso:
In prettyNum(.Internal(format(x, trim, digits, nsmall, width, 3L,  :
  'big.mark' e 'decimal.mark' são ambos '.', o que pode ser confuso
Escopo    : 15ª Regional de Saúde de Maringá
Registros : 1.424
Mensagen de aviso:
In prettyNum(.Internal(format(x, trim, digits, nsmall, width, 3L,  :
  'big.mark' e 'decimal.mark' são ambos '.', o que pode ser confuso
Pop. IBGE : 909.489
Mensagen de aviso:
In prettyNum(.Internal(format(x, trim, digits, nsmall, width, 3L,  :
  'big.mark' e 'decimal.mark' são ambos '.', o que pode ser confuso

Carregando anos históricos para gráfico de vírus: 2019, 2020, 2021, 2022, 2023
  Baixando via API dados.gov.br (SRAG 2019)...
  [cache] Usando CSV já baixado (SRAG_API_2019.csv) — ano encerrado, não muda mais
  [OK] 48941 registros (via API)
  Baixando via API dados.gov.br (SRAG 2020)...
  [cache] Usando CSV já baixado (SRAG_API_2020.csv) — ano encerrado, não muda mais
  [OK] 1206920 registros (via API)
  Baixando via API dados.gov.br (SRAG 2021)...
  [cache] Usando CSV já baixado (SRAG_API_2021.csv) — ano encerrado, não muda mais
  [OK] 1745672 registros (via API)
  Baixando via API dados.gov.br (SRAG 2022)...
  [cache] Usando CSV já baixado (SRAG_API_2022.csv) — ano encerrado, não muda mais
  [OK] 560577 registros (via API)
  Baixando via API dados.gov.br (SRAG 2023)...
  [cache] Usando CSV já baixado (SRAG_API_2023.csv) — ano encerrado, não muda mais
  [OK] 279453 registros (via API)
[OK] base_15rs_historica: 8 anos | 34.270 registros
Mensagen de aviso:
In prettyNum(.Internal(format(x, trim, digits, nsmall, width, 3L,  :
  'big.mark' e 'decimal.mark' são ambos '.', o que pode ser confuso
Salvo: graficos/06_curva_epidemica_comparativa.png
Mensagen de aviso:
In prettyNum(.Internal(format(x, trim, digits, nsmall, width, 3L,  :
  'big.mark' e 'decimal.mark' são ambos '.', o que pode ser confuso
Canal endêmico — anos de referência: 2022, 2023, 2024, 2025
Salvo: graficos/06b_canal_endemico.png
Mensagen de aviso:
In prettyNum(.Internal(format(x, trim, digits, nsmall, width, 3L,  :
  'big.mark' e 'decimal.mark' são ambos '.', o que pode ser confuso
Mensagens de aviso:
1: In prettyNum(.Internal(format(x, trim, digits, nsmall, width, 3L,  :
  'big.mark' e 'decimal.mark' são ambos '.', o que pode ser confuso
2: In prettyNum(.Internal(format(x, trim, digits, nsmall, width, 3L,  :
  'big.mark' e 'decimal.mark' são ambos '.', o que pode ser confuso
3: In prettyNum(.Internal(format(x, trim, digits, nsmall, width, 3L,  :
  'big.mark' e 'decimal.mark' são ambos '.', o que pode ser confuso
Salvo: graficos/07_notificacoes_semana_epi.png
Salvo: graficos/07b_variacao_semanal.png
Mensagens de aviso:
1: In prettyNum(.Internal(format(x, trim, digits, nsmall, width, 3L,  :
  'big.mark' e 'decimal.mark' são ambos '.', o que pode ser confuso
2: In prettyNum(.Internal(format(x, trim, digits, nsmall, width, 3L,  :
  'big.mark' e 'decimal.mark' são ambos '.', o que pode ser confuso
Salvo: graficos/08_confirmados_semana_epi.png
Mensagens de aviso:
1: In prettyNum(.Internal(format(x, trim, digits, nsmall, width, 3L,  :
  'big.mark' e 'decimal.mark' são ambos '.', o que pode ser confuso
2: In prettyNum(.Internal(format(x, trim, digits, nsmall, width, 3L,  :
  'big.mark' e 'decimal.mark' são ambos '.', o que pode ser confuso
Salvo: graficos/09_incidencia_por_municipio.png
Salvo: graficos/10_notificacoes_regionais_pr.png
Mensagens de aviso:
1: In prettyNum(.Internal(format(x, trim, digits, nsmall, width, 3L,  :
  'big.mark' e 'decimal.mark' são ambos '.', o que pode ser confuso
2: In prettyNum(.Internal(format(x, trim, digits, nsmall, width, 3L,  :
  'big.mark' e 'decimal.mark' são ambos '.', o que pode ser confuso
Mensagen de aviso:
In prettyNum(.Internal(format(x, trim, digits, nsmall, width, 3L,  :
  'big.mark' e 'decimal.mark' são ambos '.', o que pode ser confuso
Salvo: graficos/11_distribuicao_sexo.png
Mensagen de aviso:
In prettyNum(.Internal(format(x, trim, digits, nsmall, width, 3L,  :
  'big.mark' e 'decimal.mark' são ambos '.', o que pode ser confuso
Salvo: graficos/12_classificacao_final.png
Mensagen de aviso:
In prettyNum(.Internal(format(x, trim, digits, nsmall, width, 3L,  :
  'big.mark' e 'decimal.mark' são ambos '.', o que pode ser confuso
Salvo: graficos/13_circulacao_viral_total.png
Salvo: graficos/14_tendencia_viral_semanal.png
Mensagen de aviso:
In prettyNum(.Internal(format(x, trim, digits, nsmall, width, 3L,  :
  'big.mark' e 'decimal.mark' são ambos '.', o que pode ser confuso
Salvo: graficos/D13_virus_faixa_etaria_heatmap.png
Salvo: graficos/D13_virus_faixa_etaria_barras.png
Gráficos D13 salvos.
Salvo: graficos/15_tipos_linhagens_influenza.png
Mensagen de aviso:
In prettyNum(.Internal(format(x, trim, digits, nsmall, width, 3L,  :
  'big.mark' e 'decimal.mark' são ambos '.', o que pode ser confuso
Salvo: graficos/22_virus_tendencia_anual.png
[OK] Gráfico 22 salvo.
Mensagens de aviso:
1: In prettyNum(.Internal(format(x, trim, digits, nsmall, width, 3L,  :
  'big.mark' e 'decimal.mark' são ambos '.', o que pode ser confuso
2: In prettyNum(.Internal(format(x, trim, digits, nsmall, width, 3L,  :
  'big.mark' e 'decimal.mark' são ambos '.', o que pode ser confuso
Salvo: graficos/16_faixa_etaria_notif_confirmados.png
Mensagen de aviso:
In prettyNum(.Internal(format(x, trim, digits, nsmall, width, 3L,  :
  'big.mark' e 'decimal.mark' são ambos '.', o que pode ser confuso
Salvo: graficos/17_piramide_etaria_notificados.png
Salvo: graficos/18_piramide_etaria_obitos.png
Mensagen de aviso:
In prettyNum(.Internal(format(x, trim, digits, nsmall, width, 3L,  :
  'big.mark' e 'decimal.mark' são ambos '.', o que pode ser confuso
Mensagen de aviso:
In prettyNum(.Internal(format(x, trim, digits, nsmall, width, 3L,  :
  'big.mark' e 'decimal.mark' são ambos '.', o que pode ser confuso
Salvo: graficos/19_evolucao_desfecho.png
Mensagen de aviso:
In prettyNum(.Internal(format(x, trim, digits, nsmall, width, 3L,  :
  'big.mark' e 'decimal.mark' são ambos '.', o que pode ser confuso
Salvo: graficos/20_raca_cor.png
Salvo: graficos/srag_serie_classificacao_2026.png
ℹ tmap modes "plot" - "view"
ℹ toggle with `tmap::ttm()`
This message is displayed once per session.

Gerando mapa por município...
Map saved to /Users/valentimsalajunior/Documents/vigilancia-epidemiologica/graficos/mapa_srag_casos_2026.png
Resolution: 2400 by 2000 pixels
Size: 8 by 6.666667 inches (300 dpi)
[plot mode] fit legend/component: Some legend items or map compoments do not
fit well, and are therefore rescaled.
ℹ Set the tmap option `component.autoscale = FALSE` to disable rescaling.
Map saved to /Users/valentimsalajunior/Documents/vigilancia-epidemiologica/graficos/mapa_srag_incidencia_2026.png
Resolution: 2400 by 2000 pixels
Size: 8 by 6.666667 inches (300 dpi)
Mapas por município salvos.
  [aviso] Usando NM_UN_INTE (unidade de internação) como aproximação de estabelecimento — cobre só os casos hospitalizados.
Dados por estabelecimento exportados (Paraná): 3.850 linhas, 243 estabelecimentos, 22 regionais.
Circulação viral por estabelecimento exportada: 4.173 linhas.
Mensagens de aviso:
1: In prettyNum(.Internal(format(x, trim, digits, nsmall, width, 3L,  :
  'big.mark' e 'decimal.mark' são ambos '.', o que pode ser confuso
2: In prettyNum(.Internal(format(x, trim, digits, nsmall, width, 3L,  :
  'big.mark' e 'decimal.mark' são ambos '.', o que pode ser confuso

============================================================
RESUMO
============================================================
Escopo              : 15ª Regional de Saúde de Maringá
Ano(s) analisados   : 2026
Pop. IBGE 2025      : 909.489
Mensagen de aviso:
In prettyNum(.Internal(format(x, trim, digits, nsmall, width, 3L,  :
  'big.mark' e 'decimal.mark' são ambos '.', o que pode ser confuso
Total notificações  : 1.424
Mensagen de aviso:
In prettyNum(.Internal(format(x, trim, digits, nsmall, width, 3L,  :
  'big.mark' e 'decimal.mark' são ambos '.', o que pode ser confuso
Tx notif. /100k hab.: 156.6
Confirmados PCR     : 486
Mensagen de aviso:
In prettyNum(.Internal(format(x, trim, digits, nsmall, width, 3L,  :
  'big.mark' e 'decimal.mark' são ambos '.', o que pode ser confuso
Óbitos (EVOLUCAO=2) : 95
Mensagen de aviso:
In prettyNum(.Internal(format(x, trim, digits, nsmall, width, 3L,  :
  'big.mark' e 'decimal.mark' são ambos '.', o que pode ser confuso
Letalidade          : 6.67%
Saída               : graficos
============================================================
Concluído. Rode quarto render e git push para atualizar o site.
      Gráficos gerados.

[2/5] Dados novos detectados — limpando cache do freeze...
      Cache removido.

[3/5] Renderizando projeto Quarto...
[1m[34m[1/3] descritiva.qmd[39m[22m
[31m

processing file: descritiva.qmd
[39m1/29                        
2/29 [setup]                
[31mtentando a URL 'https://s3.sa-east-1.amazonaws.com/ckan.saude.gov.br/SRAG/2026/INFLUD26-14-09-2026.csv'
[39m[31mContent type 'text/csv' length 237470416 bytes (226.5 MB)
[39m[31m=[39m[31m=[39m[31m=[39m[31m=[39m[31m=[39m[31m=[39m[31m=[39m[31m=[39m[31m=[39m[31m=[39m[31m=[39m[31m=[39m[31m=[39m[31m=[39m[31m=[39m[31m=[39m[31m=[39m[31m=[39m[31m=[39m[31m=[39m[31m=[39m[31m=[39m[31m=[39m[31m=[39m[31m=[39m[31m=[39m[31m=[39m[31m=[39m[31m=[39m[31m=[39m[31m=[39m[31m=[39m[31m=[39m[31m=[39m[31m=[39m[31m=[39m[31m=[39m[31m=[39m[31m=[39m[31m=[39m[31m=[39m[31m=[39m[31m=[39m[31m=[39m[31m=[39m[31m=[39m[31m=[39m[31m=[39m[31m=[39m[31m=
[39m[31mdownloaded 226.5 MB

[39m3/29                        
4/29 [completitude]         
5/29                        
6/29 [oportunidade-notif]   
7/29                        
8/29 [oportunidade-desf]    
9/29                        
10/29 [comorbidades-total]   
11/29                        
12/29 [comorbidades-obitos]  
13/29                        
14/29 [letalidade-faixa]     
15/29                        
16/29 [letalidade-sexo]      
17/29                        
18/29 [uti-faixa]            
19/29                        
20/29 [criterio]             
21/29                        
22/29 [antiviral]            
23/29                        
24/29 [vacinal]              
25/29                        
26/29 [mortalidade-municipio]
27/29                        
28/29 [tabela-mun]           
29/29                        
[31moutput file: descritiva.knit.md

[39m[1m[34m[2/3] index.qmd[39m[22m
[1m[34m[3/3] sobre.qmd[39m[22m

Output created: docs/index.html


[4/5] Enviando para o GitHub...
[main baed26c] Atualização de dados — 27/09/2026
 81 files changed, 281 insertions(+), 1 deletion(-)
To https://github.com/valentim1979/virus-respiratorios.git
   a7aaa4b..baed26c  main -> main

[5/5] Publicado.
==================================================
  Site: https://valentim1979.github.io/virus-respiratorios
==================================================


==================================================
  PUBLICAR — 27/09/2026 23:04
==================================================

[1/5] Executando SCRIPT_Unificado.R...
Linking to GEOS 3.13.0, GDAL 3.8.5, PROJ 9.5.1; sf_use_s2() is TRUE

Anexando pacote: ‘dplyr’

Os seguintes objetos são mascarados por ‘package:stats’:

    filter, lag

Os seguintes objetos são mascarados por ‘package:base’:

    intersect, setdiff, setequal, union


Anexando pacote: ‘readr’

O seguinte objeto é mascarado por ‘package:scales’:

    col_factor


Anexando pacote: ‘lubridate’

Os seguintes objetos são mascarados por ‘package:base’:

    date, intersect, setdiff, union

Municípios: 30 | Pop. total: 909.489
Mensagen de aviso:
In prettyNum(.Internal(format(x, trim, digits, nsmall, width, 3L,  :
  'big.mark' e 'decimal.mark' são ambos '.', o que pode ser confuso
Tabela de referência PR: 399 municípios, 22 regionais, 4 macrorregiões.
Saída: graficos

Carregando anos: 2024, 2025, 2026
  Baixando via API dados.gov.br (SRAG 2024)...
  [cache] Usando CSV já baixado (SRAG_API_2024.csv) — ano encerrado, não muda mais
  [OK] 267986 registros (via API)
  Baixando via API dados.gov.br (SRAG 2025)...
  [cache] Usando CSV já baixado (SRAG_API_2025.csv) — ano encerrado, não muda mais
  [OK] 336391 registros (via API)
  Baixando via API dados.gov.br (SRAG 2026)...
  [cache] Usando CSV já baixado (SRAG_API_2026.csv) — atualizado hoje
  [OK] 212278 registros (via API)
Total de registros: 816.655
Mensagen de aviso:
In prettyNum(.Internal(format(x, trim, digits, nsmall, width, 3L,  :
  'big.mark' e 'decimal.mark' são ambos '.', o que pode ser confuso
Escopo    : 15ª Regional de Saúde de Maringá
Registros : 1.424
Mensagen de aviso:
In prettyNum(.Internal(format(x, trim, digits, nsmall, width, 3L,  :
  'big.mark' e 'decimal.mark' são ambos '.', o que pode ser confuso
Pop. IBGE : 909.489
Mensagen de aviso:
In prettyNum(.Internal(format(x, trim, digits, nsmall, width, 3L,  :
  'big.mark' e 'decimal.mark' são ambos '.', o que pode ser confuso

Carregando anos históricos para gráfico de vírus: 2019, 2020, 2021, 2022, 2023
  Baixando via API dados.gov.br (SRAG 2019)...
  [cache] Usando CSV já baixado (SRAG_API_2019.csv) — ano encerrado, não muda mais
  [OK] 48941 registros (via API)
  Baixando via API dados.gov.br (SRAG 2020)...
  [cache] Usando CSV já baixado (SRAG_API_2020.csv) — ano encerrado, não muda mais
  [OK] 1206920 registros (via API)
  Baixando via API dados.gov.br (SRAG 2021)...
  [cache] Usando CSV já baixado (SRAG_API_2021.csv) — ano encerrado, não muda mais
  [OK] 1745672 registros (via API)
  Baixando via API dados.gov.br (SRAG 2022)...
  [cache] Usando CSV já baixado (SRAG_API_2022.csv) — ano encerrado, não muda mais
  [OK] 560577 registros (via API)
  Baixando via API dados.gov.br (SRAG 2023)...
  [cache] Usando CSV já baixado (SRAG_API_2023.csv) — ano encerrado, não muda mais
  [OK] 279453 registros (via API)
[OK] base_15rs_historica: 8 anos | 34.270 registros
Mensagen de aviso:
In prettyNum(.Internal(format(x, trim, digits, nsmall, width, 3L,  :
  'big.mark' e 'decimal.mark' são ambos '.', o que pode ser confuso
Salvo: graficos/06_curva_epidemica_comparativa.png
Mensagen de aviso:
In prettyNum(.Internal(format(x, trim, digits, nsmall, width, 3L,  :
  'big.mark' e 'decimal.mark' são ambos '.', o que pode ser confuso
Canal endêmico — anos de referência: 2022, 2023, 2024, 2025
Salvo: graficos/06b_canal_endemico.png
Mensagen de aviso:
In prettyNum(.Internal(format(x, trim, digits, nsmall, width, 3L,  :
  'big.mark' e 'decimal.mark' são ambos '.', o que pode ser confuso
Mensagens de aviso:
1: In prettyNum(.Internal(format(x, trim, digits, nsmall, width, 3L,  :
  'big.mark' e 'decimal.mark' são ambos '.', o que pode ser confuso
2: In prettyNum(.Internal(format(x, trim, digits, nsmall, width, 3L,  :
  'big.mark' e 'decimal.mark' são ambos '.', o que pode ser confuso
3: In prettyNum(.Internal(format(x, trim, digits, nsmall, width, 3L,  :
  'big.mark' e 'decimal.mark' são ambos '.', o que pode ser confuso
Salvo: graficos/07_notificacoes_semana_epi.png
Salvo: graficos/07b_variacao_semanal.png
Mensagens de aviso:
1: In prettyNum(.Internal(format(x, trim, digits, nsmall, width, 3L,  :
  'big.mark' e 'decimal.mark' são ambos '.', o que pode ser confuso
2: In prettyNum(.Internal(format(x, trim, digits, nsmall, width, 3L,  :
  'big.mark' e 'decimal.mark' são ambos '.', o que pode ser confuso
Salvo: graficos/08_confirmados_semana_epi.png
Mensagens de aviso:
1: In prettyNum(.Internal(format(x, trim, digits, nsmall, width, 3L,  :
  'big.mark' e 'decimal.mark' são ambos '.', o que pode ser confuso
2: In prettyNum(.Internal(format(x, trim, digits, nsmall, width, 3L,  :
  'big.mark' e 'decimal.mark' são ambos '.', o que pode ser confuso
Salvo: graficos/09_incidencia_por_municipio.png
Salvo: graficos/10_notificacoes_regionais_pr.png
Mensagens de aviso:
1: In prettyNum(.Internal(format(x, trim, digits, nsmall, width, 3L,  :
  'big.mark' e 'decimal.mark' são ambos '.', o que pode ser confuso
2: In prettyNum(.Internal(format(x, trim, digits, nsmall, width, 3L,  :
  'big.mark' e 'decimal.mark' são ambos '.', o que pode ser confuso
Mensagen de aviso:
In prettyNum(.Internal(format(x, trim, digits, nsmall, width, 3L,  :
  'big.mark' e 'decimal.mark' são ambos '.', o que pode ser confuso
Salvo: graficos/11_distribuicao_sexo.png
Mensagen de aviso:
In prettyNum(.Internal(format(x, trim, digits, nsmall, width, 3L,  :
  'big.mark' e 'decimal.mark' são ambos '.', o que pode ser confuso
Salvo: graficos/12_classificacao_final.png
Mensagen de aviso:
In prettyNum(.Internal(format(x, trim, digits, nsmall, width, 3L,  :
  'big.mark' e 'decimal.mark' são ambos '.', o que pode ser confuso
Salvo: graficos/13_circulacao_viral_total.png
Salvo: graficos/14_tendencia_viral_semanal.png
Mensagen de aviso:
In prettyNum(.Internal(format(x, trim, digits, nsmall, width, 3L,  :
  'big.mark' e 'decimal.mark' são ambos '.', o que pode ser confuso
Salvo: graficos/D13_virus_faixa_etaria_heatmap.png
Salvo: graficos/D13_virus_faixa_etaria_barras.png
Gráficos D13 salvos.
Salvo: graficos/15_tipos_linhagens_influenza.png
Mensagen de aviso:
In prettyNum(.Internal(format(x, trim, digits, nsmall, width, 3L,  :
  'big.mark' e 'decimal.mark' são ambos '.', o que pode ser confuso
Salvo: graficos/22_virus_tendencia_anual.png
[OK] Gráfico 22 salvo.
Mensagens de aviso:
1: In prettyNum(.Internal(format(x, trim, digits, nsmall, width, 3L,  :
  'big.mark' e 'decimal.mark' são ambos '.', o que pode ser confuso
2: In prettyNum(.Internal(format(x, trim, digits, nsmall, width, 3L,  :
  'big.mark' e 'decimal.mark' são ambos '.', o que pode ser confuso
Salvo: graficos/16_faixa_etaria_notif_confirmados.png
Mensagen de aviso:
In prettyNum(.Internal(format(x, trim, digits, nsmall, width, 3L,  :
  'big.mark' e 'decimal.mark' são ambos '.', o que pode ser confuso
Salvo: graficos/17_piramide_etaria_notificados.png
Salvo: graficos/18_piramide_etaria_obitos.png
Mensagen de aviso:
In prettyNum(.Internal(format(x, trim, digits, nsmall, width, 3L,  :
  'big.mark' e 'decimal.mark' são ambos '.', o que pode ser confuso
Mensagen de aviso:
In prettyNum(.Internal(format(x, trim, digits, nsmall, width, 3L,  :
  'big.mark' e 'decimal.mark' são ambos '.', o que pode ser confuso
Salvo: graficos/19_evolucao_desfecho.png
Mensagen de aviso:
In prettyNum(.Internal(format(x, trim, digits, nsmall, width, 3L,  :
  'big.mark' e 'decimal.mark' são ambos '.', o que pode ser confuso
Salvo: graficos/20_raca_cor.png
Salvo: graficos/srag_serie_classificacao_2026.png
ℹ tmap modes "plot" - "view"
ℹ toggle with `tmap::ttm()`
This message is displayed once per session.

Gerando mapa por município...
Map saved to /Users/valentimsalajunior/Documents/vigilancia-epidemiologica/graficos/mapa_srag_casos_2026.png
Resolution: 2400 by 2000 pixels
Size: 8 by 6.666667 inches (300 dpi)
[plot mode] fit legend/component: Some legend items or map compoments do not
fit well, and are therefore rescaled.
ℹ Set the tmap option `component.autoscale = FALSE` to disable rescaling.
Map saved to /Users/valentimsalajunior/Documents/vigilancia-epidemiologica/graficos/mapa_srag_incidencia_2026.png
Resolution: 2400 by 2000 pixels
Size: 8 by 6.666667 inches (300 dpi)
Mapas por município salvos.
  [aviso] Usando NM_UN_INTE (unidade de internação) como aproximação de estabelecimento — cobre só os casos hospitalizados.
Dados por estabelecimento exportados (Paraná): 3.850 linhas, 243 estabelecimentos, 22 regionais.
Circulação viral por estabelecimento exportada: 4.173 linhas.
Mensagens de aviso:
1: In prettyNum(.Internal(format(x, trim, digits, nsmall, width, 3L,  :
  'big.mark' e 'decimal.mark' são ambos '.', o que pode ser confuso
2: In prettyNum(.Internal(format(x, trim, digits, nsmall, width, 3L,  :
  'big.mark' e 'decimal.mark' são ambos '.', o que pode ser confuso

============================================================
RESUMO
============================================================
Escopo              : 15ª Regional de Saúde de Maringá
Ano(s) analisados   : 2026
Pop. IBGE 2025      : 909.489
Mensagen de aviso:
In prettyNum(.Internal(format(x, trim, digits, nsmall, width, 3L,  :
  'big.mark' e 'decimal.mark' são ambos '.', o que pode ser confuso
Total notificações  : 1.424
Mensagen de aviso:
In prettyNum(.Internal(format(x, trim, digits, nsmall, width, 3L,  :
  'big.mark' e 'decimal.mark' são ambos '.', o que pode ser confuso
Tx notif. /100k hab.: 156.6
Confirmados PCR     : 486
Mensagen de aviso:
In prettyNum(.Internal(format(x, trim, digits, nsmall, width, 3L,  :
  'big.mark' e 'decimal.mark' são ambos '.', o que pode ser confuso
Óbitos (EVOLUCAO=2) : 95
Mensagen de aviso:
In prettyNum(.Internal(format(x, trim, digits, nsmall, width, 3L,  :
  'big.mark' e 'decimal.mark' são ambos '.', o que pode ser confuso
Letalidade          : 6.67%
Saída               : graficos
============================================================
Concluído. Rode quarto render e git push para atualizar o site.
      Gráficos gerados.

[2/5] Dados novos detectados — limpando cache do freeze...
      Cache removido.

[3/5] Renderizando projeto Quarto...
[1m[34m[1/3] descritiva.qmd[39m[22m
[31m

processing file: descritiva.qmd
[39m1/29                        
2/29 [setup]                
3/29                        
4/29 [completitude]         
5/29                        
6/29 [oportunidade-notif]   
7/29                        
8/29 [oportunidade-desf]    
9/29                        
10/29 [comorbidades-total]   
11/29                        
12/29 [comorbidades-obitos]  
13/29                        
14/29 [letalidade-faixa]     
15/29                        
16/29 [letalidade-sexo]      
17/29                        
18/29 [uti-faixa]            
19/29                        
20/29 [criterio]             
21/29                        
22/29 [antiviral]            
23/29                        
24/29 [vacinal]              
25/29                        
26/29 [mortalidade-municipio]
27/29                        
28/29 [tabela-mun]           
29/29                        
[31moutput file: descritiva.knit.md

[39m[1m[34m[2/3] index.qmd[39m[22m
[1m[34m[3/3] sobre.qmd[39m[22m

Output created: docs/index.html


[4/5] Enviando para o GitHub...
[main e89ba7b] Atualização de dados — 27/09/2026
 81 files changed, 276 insertions(+), 1 deletion(-)
To https://github.com/valentim1979/virus-respiratorios.git
   baed26c..e89ba7b  main -> main

[5/5] Publicado.
==================================================
  Site: https://valentim1979.github.io/virus-respiratorios
==================================================


==================================================
  PUBLICAR — 28/09/2026 23:02
==================================================

[1/5] Executando SCRIPT_Unificado.R...
Linking to GEOS 3.13.0, GDAL 3.8.5, PROJ 9.5.1; sf_use_s2() is TRUE

Anexando pacote: ‘dplyr’

Os seguintes objetos são mascarados por ‘package:stats’:

    filter, lag

Os seguintes objetos são mascarados por ‘package:base’:

    intersect, setdiff, setequal, union


Anexando pacote: ‘readr’

O seguinte objeto é mascarado por ‘package:scales’:

    col_factor


Anexando pacote: ‘lubridate’

Os seguintes objetos são mascarados por ‘package:base’:

    date, intersect, setdiff, union

Municípios: 30 | Pop. total: 909.489
Mensagen de aviso:
In prettyNum(.Internal(format(x, trim, digits, nsmall, width, 3L,  :
  'big.mark' e 'decimal.mark' são ambos '.', o que pode ser confuso
Tabela de referência PR: 399 municípios, 22 regionais, 4 macrorregiões.
Saída: graficos

Carregando anos: 2024, 2025, 2026
  Baixando via API dados.gov.br (SRAG 2024)...
  [cache] Usando CSV já baixado (SRAG_API_2024.csv) — ano encerrado, não muda mais
  [OK] 267986 registros (via API)
  Baixando via API dados.gov.br (SRAG 2025)...
  [cache] Usando CSV já baixado (SRAG_API_2025.csv) — ano encerrado, não muda mais
  [OK] 336391 registros (via API)
  Baixando via API dados.gov.br (SRAG 2026)...
  Baixando via API dados.gov.br: https://s3.sa-east-1.amazonaws.com/ckan.saude.gov.br/SRAG/2026/INFLUD26-28-09-2026.csv
tentando a URL 'https://s3.sa-east-1.amazonaws.com/ckan.saude.gov.br/SRAG/2026/INFLUD26-28-09-2026.csv'
Content type 'text/csv' length 247394890 bytes (235.9 MB)
==================================================
downloaded 235.9 MB

  [OK] 220941 registros (via API)
Total de registros: 825.318
Mensagen de aviso:
In prettyNum(.Internal(format(x, trim, digits, nsmall, width, 3L,  :
  'big.mark' e 'decimal.mark' são ambos '.', o que pode ser confuso
Escopo    : 15ª Regional de Saúde de Maringá
Registros : 1.462
Mensagen de aviso:
In prettyNum(.Internal(format(x, trim, digits, nsmall, width, 3L,  :
  'big.mark' e 'decimal.mark' são ambos '.', o que pode ser confuso
Pop. IBGE : 909.489
Mensagen de aviso:
In prettyNum(.Internal(format(x, trim, digits, nsmall, width, 3L,  :
  'big.mark' e 'decimal.mark' são ambos '.', o que pode ser confuso

Carregando anos históricos para gráfico de vírus: 2019, 2020, 2021, 2022, 2023
  Baixando via API dados.gov.br (SRAG 2019)...
  [cache] Usando CSV já baixado (SRAG_API_2019.csv) — ano encerrado, não muda mais
  [OK] 48941 registros (via API)
  Baixando via API dados.gov.br (SRAG 2020)...
  [cache] Usando CSV já baixado (SRAG_API_2020.csv) — ano encerrado, não muda mais
  [OK] 1206920 registros (via API)
  Baixando via API dados.gov.br (SRAG 2021)...
  [cache] Usando CSV já baixado (SRAG_API_2021.csv) — ano encerrado, não muda mais
  [OK] 1745672 registros (via API)
  Baixando via API dados.gov.br (SRAG 2022)...
  [cache] Usando CSV já baixado (SRAG_API_2022.csv) — ano encerrado, não muda mais
  [OK] 560577 registros (via API)
  Baixando via API dados.gov.br (SRAG 2023)...
  [cache] Usando CSV já baixado (SRAG_API_2023.csv) — ano encerrado, não muda mais
  [OK] 279453 registros (via API)
[OK] base_15rs_historica: 8 anos | 34.308 registros
Mensagen de aviso:
In prettyNum(.Internal(format(x, trim, digits, nsmall, width, 3L,  :
  'big.mark' e 'decimal.mark' são ambos '.', o que pode ser confuso
Salvo: graficos/06_curva_epidemica_comparativa.png
Mensagen de aviso:
In prettyNum(.Internal(format(x, trim, digits, nsmall, width, 3L,  :
  'big.mark' e 'decimal.mark' são ambos '.', o que pode ser confuso
Canal endêmico — anos de referência: 2022, 2023, 2024, 2025
Salvo: graficos/06b_canal_endemico.png
Mensagen de aviso:
In prettyNum(.Internal(format(x, trim, digits, nsmall, width, 3L,  :
  'big.mark' e 'decimal.mark' são ambos '.', o que pode ser confuso
Mensagens de aviso:
1: In prettyNum(.Internal(format(x, trim, digits, nsmall, width, 3L,  :
  'big.mark' e 'decimal.mark' são ambos '.', o que pode ser confuso
2: In prettyNum(.Internal(format(x, trim, digits, nsmall, width, 3L,  :
  'big.mark' e 'decimal.mark' são ambos '.', o que pode ser confuso
3: In prettyNum(.Internal(format(x, trim, digits, nsmall, width, 3L,  :
  'big.mark' e 'decimal.mark' são ambos '.', o que pode ser confuso
Salvo: graficos/07_notificacoes_semana_epi.png
Salvo: graficos/07b_variacao_semanal.png
Mensagens de aviso:
1: In prettyNum(.Internal(format(x, trim, digits, nsmall, width, 3L,  :
  'big.mark' e 'decimal.mark' são ambos '.', o que pode ser confuso
2: In prettyNum(.Internal(format(x, trim, digits, nsmall, width, 3L,  :
  'big.mark' e 'decimal.mark' são ambos '.', o que pode ser confuso
Salvo: graficos/08_confirmados_semana_epi.png
Mensagens de aviso:
1: In prettyNum(.Internal(format(x, trim, digits, nsmall, width, 3L,  :
  'big.mark' e 'decimal.mark' são ambos '.', o que pode ser confuso
2: In prettyNum(.Internal(format(x, trim, digits, nsmall, width, 3L,  :
  'big.mark' e 'decimal.mark' são ambos '.', o que pode ser confuso
Salvo: graficos/09_incidencia_por_municipio.png
Salvo: graficos/10_notificacoes_regionais_pr.png
Mensagens de aviso:
1: In prettyNum(.Internal(format(x, trim, digits, nsmall, width, 3L,  :
  'big.mark' e 'decimal.mark' são ambos '.', o que pode ser confuso
2: In prettyNum(.Internal(format(x, trim, digits, nsmall, width, 3L,  :
  'big.mark' e 'decimal.mark' são ambos '.', o que pode ser confuso
Mensagen de aviso:
In prettyNum(.Internal(format(x, trim, digits, nsmall, width, 3L,  :
  'big.mark' e 'decimal.mark' são ambos '.', o que pode ser confuso
Salvo: graficos/11_distribuicao_sexo.png
Mensagen de aviso:
In prettyNum(.Internal(format(x, trim, digits, nsmall, width, 3L,  :
  'big.mark' e 'decimal.mark' são ambos '.', o que pode ser confuso
Salvo: graficos/12_classificacao_final.png
Mensagen de aviso:
In prettyNum(.Internal(format(x, trim, digits, nsmall, width, 3L,  :
  'big.mark' e 'decimal.mark' são ambos '.', o que pode ser confuso
Salvo: graficos/13_circulacao_viral_total.png
Salvo: graficos/14_tendencia_viral_semanal.png
Mensagen de aviso:
In prettyNum(.Internal(format(x, trim, digits, nsmall, width, 3L,  :
  'big.mark' e 'decimal.mark' são ambos '.', o que pode ser confuso
Salvo: graficos/D13_virus_faixa_etaria_heatmap.png
Salvo: graficos/D13_virus_faixa_etaria_barras.png
Gráficos D13 salvos.
Salvo: graficos/15_tipos_linhagens_influenza.png
Mensagen de aviso:
In prettyNum(.Internal(format(x, trim, digits, nsmall, width, 3L,  :
  'big.mark' e 'decimal.mark' são ambos '.', o que pode ser confuso
Salvo: graficos/22_virus_tendencia_anual.png
[OK] Gráfico 22 salvo.
Mensagens de aviso:
1: In prettyNum(.Internal(format(x, trim, digits, nsmall, width, 3L,  :
  'big.mark' e 'decimal.mark' são ambos '.', o que pode ser confuso
2: In prettyNum(.Internal(format(x, trim, digits, nsmall, width, 3L,  :
  'big.mark' e 'decimal.mark' são ambos '.', o que pode ser confuso
Salvo: graficos/16_faixa_etaria_notif_confirmados.png
Mensagen de aviso:
In prettyNum(.Internal(format(x, trim, digits, nsmall, width, 3L,  :
  'big.mark' e 'decimal.mark' são ambos '.', o que pode ser confuso
Salvo: graficos/17_piramide_etaria_notificados.png
Salvo: graficos/18_piramide_etaria_obitos.png
Mensagen de aviso:
In prettyNum(.Internal(format(x, trim, digits, nsmall, width, 3L,  :
  'big.mark' e 'decimal.mark' são ambos '.', o que pode ser confuso
Mensagen de aviso:
In prettyNum(.Internal(format(x, trim, digits, nsmall, width, 3L,  :
  'big.mark' e 'decimal.mark' são ambos '.', o que pode ser confuso
Salvo: graficos/19_evolucao_desfecho.png
Mensagen de aviso:
In prettyNum(.Internal(format(x, trim, digits, nsmall, width, 3L,  :
  'big.mark' e 'decimal.mark' são ambos '.', o que pode ser confuso
Salvo: graficos/20_raca_cor.png
Salvo: graficos/srag_serie_classificacao_2026.png
ℹ tmap modes "plot" - "view"
ℹ toggle with `tmap::ttm()`
This message is displayed once per session.

Gerando mapa por município...
Map saved to /Users/valentimsalajunior/Documents/vigilancia-epidemiologica/graficos/mapa_srag_casos_2026.png
Resolution: 2400 by 2000 pixels
Size: 8 by 6.666667 inches (300 dpi)
[plot mode] fit legend/component: Some legend items or map compoments do not
fit well, and are therefore rescaled.
ℹ Set the tmap option `component.autoscale = FALSE` to disable rescaling.
Map saved to /Users/valentimsalajunior/Documents/vigilancia-epidemiologica/graficos/mapa_srag_incidencia_2026.png
Resolution: 2400 by 2000 pixels
Size: 8 by 6.666667 inches (300 dpi)
Mapas por município salvos.
  [aviso] Usando NM_UN_INTE (unidade de internação) como aproximação de estabelecimento — cobre só os casos hospitalizados.
Dados por estabelecimento exportados (Paraná): 4.049 linhas, 244 estabelecimentos, 22 regionais.
Circulação viral por estabelecimento exportada: 4.425 linhas.
Mensagens de aviso:
1: In prettyNum(.Internal(format(x, trim, digits, nsmall, width, 3L,  :
  'big.mark' e 'decimal.mark' são ambos '.', o que pode ser confuso
2: In prettyNum(.Internal(format(x, trim, digits, nsmall, width, 3L,  :
  'big.mark' e 'decimal.mark' são ambos '.', o que pode ser confuso

============================================================
RESUMO
============================================================
Escopo              : 15ª Regional de Saúde de Maringá
Ano(s) analisados   : 2026
Pop. IBGE 2025      : 909.489
Mensagen de aviso:
In prettyNum(.Internal(format(x, trim, digits, nsmall, width, 3L,  :
  'big.mark' e 'decimal.mark' são ambos '.', o que pode ser confuso
Total notificações  : 1.462
Mensagen de aviso:
In prettyNum(.Internal(format(x, trim, digits, nsmall, width, 3L,  :
  'big.mark' e 'decimal.mark' são ambos '.', o que pode ser confuso
Tx notif. /100k hab.: 160.7
Confirmados PCR     : 502
Mensagen de aviso:
In prettyNum(.Internal(format(x, trim, digits, nsmall, width, 3L,  :
  'big.mark' e 'decimal.mark' são ambos '.', o que pode ser confuso
Óbitos (EVOLUCAO=2) : 98
Mensagen de aviso:
In prettyNum(.Internal(format(x, trim, digits, nsmall, width, 3L,  :
  'big.mark' e 'decimal.mark' são ambos '.', o que pode ser confuso
Letalidade          : 6.7%
Saída               : graficos
============================================================
Concluído. Rode quarto render e git push para atualizar o site.
      Gráficos gerados.

[2/5] Dados novos detectados — limpando cache do freeze...
      Cache removido.

[3/5] Renderizando projeto Quarto...
[1m[34m[1/3] descritiva.qmd[39m[22m
[31m

processing file: descritiva.qmd
[39m1/29                        
2/29 [setup]                
[31mtentando a URL 'https://s3.sa-east-1.amazonaws.com/ckan.saude.gov.br/SRAG/2026/INFLUD26-28-09-2026.csv'
[39m[31mContent type 'text/csv' length 247394890 bytes (235.9 MB)
[39m[31m=[39m[31m=[39m[31m=[39m[31m=[39m[31m=[39m[31m=[39m[31m=[39m[31m=[39m[31m=[39m[31m=[39m[31m=[39m[31m=[39m[31m=[39m[31m=[39m[31m=[39m[31m=[39m[31m=[39m[31m=[39m[31m=[39m[31m=[39m[31m=[39m[31m=[39m[31m=[39m[31m=[39m[31m=[39m[31m=[39m[31m=[39m[31m=[39m[31m=[39m[31m=[39m[31m=[39m[31m=[39m[31m=[39m[31m=[39m[31m=[39m[31m=[39m[31m=[39m[31m=[39m[31m=[39m[31m=[39m[31m=[39m[31m=[39m[31m=[39m[31m=[39m[31m=[39m[31m=[39m[31m=[39m[31m=[39m[31m=[39m[31m=
downloaded 235.9 MB

[39m3/29                        
4/29 [completitude]         
5/29                        
6/29 [oportunidade-notif]   
7/29                        
8/29 [oportunidade-desf]    
9/29                        
10/29 [comorbidades-total]   
11/29                        
12/29 [comorbidades-obitos]  
13/29                        
14/29 [letalidade-faixa]     
15/29                        
16/29 [letalidade-sexo]      
17/29                        
18/29 [uti-faixa]            
19/29                        
20/29 [criterio]             
21/29                        
22/29 [antiviral]            
23/29                        
24/29 [vacinal]              
25/29                        
26/29 [mortalidade-municipio]
27/29                        
28/29 [tabela-mun]           
29/29                        
[31moutput file: descritiva.knit.md

[39m[1m[34m[2/3] index.qmd[39m[22m
[1m[34m[3/3] sobre.qmd[39m[22m

Output created: docs/index.html


[4/5] Enviando para o GitHub...
[main d61a2d4] Atualização de dados — 29/09/2026
 92 files changed, 1859 insertions(+), 672 deletions(-)
To https://github.com/valentim1979/virus-respiratorios.git
   e89ba7b..d61a2d4  main -> main

[5/5] Publicado.
==================================================
  Site: https://valentim1979.github.io/virus-respiratorios
==================================================


==================================================
  PUBLICAR — 29/09/2026 23:05
==================================================

[1/5] Executando SCRIPT_Unificado.R...
Linking to GEOS 3.13.0, GDAL 3.8.5, PROJ 9.5.1; sf_use_s2() is TRUE

Anexando pacote: ‘dplyr’

Os seguintes objetos são mascarados por ‘package:stats’:

    filter, lag

Os seguintes objetos são mascarados por ‘package:base’:

    intersect, setdiff, setequal, union


Anexando pacote: ‘readr’

O seguinte objeto é mascarado por ‘package:scales’:

    col_factor


Anexando pacote: ‘lubridate’

Os seguintes objetos são mascarados por ‘package:base’:

    date, intersect, setdiff, union

Municípios: 30 | Pop. total: 909.489
Mensagen de aviso:
In prettyNum(.Internal(format(x, trim, digits, nsmall, width, 3L,  :
  'big.mark' e 'decimal.mark' são ambos '.', o que pode ser confuso
Tabela de referência PR: 399 municípios, 22 regionais, 4 macrorregiões.
Saída: graficos

Carregando anos: 2024, 2025, 2026
  Baixando via API dados.gov.br (SRAG 2024)...
  [cache] Usando CSV já baixado (SRAG_API_2024.csv) — ano encerrado, não muda mais
  [OK] 267986 registros (via API)
  Baixando via API dados.gov.br (SRAG 2025)...
  [cache] Usando CSV já baixado (SRAG_API_2025.csv) — ano encerrado, não muda mais
  [OK] 336391 registros (via API)
  Baixando via API dados.gov.br (SRAG 2026)...
  [cache] Usando CSV já baixado (SRAG_API_2026.csv) — atualizado hoje
  [OK] 220941 registros (via API)
Total de registros: 825.318
Mensagen de aviso:
In prettyNum(.Internal(format(x, trim, digits, nsmall, width, 3L,  :
  'big.mark' e 'decimal.mark' são ambos '.', o que pode ser confuso
Escopo    : 15ª Regional de Saúde de Maringá
Registros : 1.462
Mensagen de aviso:
In prettyNum(.Internal(format(x, trim, digits, nsmall, width, 3L,  :
  'big.mark' e 'decimal.mark' são ambos '.', o que pode ser confuso
Pop. IBGE : 909.489
Mensagen de aviso:
In prettyNum(.Internal(format(x, trim, digits, nsmall, width, 3L,  :
  'big.mark' e 'decimal.mark' são ambos '.', o que pode ser confuso

Carregando anos históricos para gráfico de vírus: 2019, 2020, 2021, 2022, 2023
  Baixando via API dados.gov.br (SRAG 2019)...
  [cache] Usando CSV já baixado (SRAG_API_2019.csv) — ano encerrado, não muda mais
  [OK] 48941 registros (via API)
  Baixando via API dados.gov.br (SRAG 2020)...
  [cache] Usando CSV já baixado (SRAG_API_2020.csv) — ano encerrado, não muda mais
  [OK] 1206920 registros (via API)
  Baixando via API dados.gov.br (SRAG 2021)...
  [cache] Usando CSV já baixado (SRAG_API_2021.csv) — ano encerrado, não muda mais
  [OK] 1745672 registros (via API)
  Baixando via API dados.gov.br (SRAG 2022)...
  [cache] Usando CSV já baixado (SRAG_API_2022.csv) — ano encerrado, não muda mais
  [OK] 560577 registros (via API)
  Baixando via API dados.gov.br (SRAG 2023)...
  [cache] Usando CSV já baixado (SRAG_API_2023.csv) — ano encerrado, não muda mais
  [OK] 279453 registros (via API)
[OK] base_15rs_historica: 8 anos | 34.308 registros
Mensagen de aviso:
In prettyNum(.Internal(format(x, trim, digits, nsmall, width, 3L,  :
  'big.mark' e 'decimal.mark' são ambos '.', o que pode ser confuso
Salvo: graficos/06_curva_epidemica_comparativa.png
Mensagen de aviso:
In prettyNum(.Internal(format(x, trim, digits, nsmall, width, 3L,  :
  'big.mark' e 'decimal.mark' são ambos '.', o que pode ser confuso
Canal endêmico — anos de referência: 2022, 2023, 2024, 2025
Salvo: graficos/06b_canal_endemico.png
Mensagen de aviso:
In prettyNum(.Internal(format(x, trim, digits, nsmall, width, 3L,  :
  'big.mark' e 'decimal.mark' são ambos '.', o que pode ser confuso
Mensagens de aviso:
1: In prettyNum(.Internal(format(x, trim, digits, nsmall, width, 3L,  :
  'big.mark' e 'decimal.mark' são ambos '.', o que pode ser confuso
2: In prettyNum(.Internal(format(x, trim, digits, nsmall, width, 3L,  :
  'big.mark' e 'decimal.mark' são ambos '.', o que pode ser confuso
3: In prettyNum(.Internal(format(x, trim, digits, nsmall, width, 3L,  :
  'big.mark' e 'decimal.mark' são ambos '.', o que pode ser confuso
Salvo: graficos/07_notificacoes_semana_epi.png
Salvo: graficos/07b_variacao_semanal.png
Mensagens de aviso:
1: In prettyNum(.Internal(format(x, trim, digits, nsmall, width, 3L,  :
  'big.mark' e 'decimal.mark' são ambos '.', o que pode ser confuso
2: In prettyNum(.Internal(format(x, trim, digits, nsmall, width, 3L,  :
  'big.mark' e 'decimal.mark' são ambos '.', o que pode ser confuso
Salvo: graficos/08_confirmados_semana_epi.png
Mensagens de aviso:
1: In prettyNum(.Internal(format(x, trim, digits, nsmall, width, 3L,  :
  'big.mark' e 'decimal.mark' são ambos '.', o que pode ser confuso
2: In prettyNum(.Internal(format(x, trim, digits, nsmall, width, 3L,  :
  'big.mark' e 'decimal.mark' são ambos '.', o que pode ser confuso
Salvo: graficos/09_incidencia_por_municipio.png
Salvo: graficos/10_notificacoes_regionais_pr.png
Mensagens de aviso:
1: In prettyNum(.Internal(format(x, trim, digits, nsmall, width, 3L,  :
  'big.mark' e 'decimal.mark' são ambos '.', o que pode ser confuso
2: In prettyNum(.Internal(format(x, trim, digits, nsmall, width, 3L,  :
  'big.mark' e 'decimal.mark' são ambos '.', o que pode ser confuso
Mensagen de aviso:
In prettyNum(.Internal(format(x, trim, digits, nsmall, width, 3L,  :
  'big.mark' e 'decimal.mark' são ambos '.', o que pode ser confuso
Salvo: graficos/11_distribuicao_sexo.png
Mensagen de aviso:
In prettyNum(.Internal(format(x, trim, digits, nsmall, width, 3L,  :
  'big.mark' e 'decimal.mark' são ambos '.', o que pode ser confuso
Salvo: graficos/12_classificacao_final.png
Mensagen de aviso:
In prettyNum(.Internal(format(x, trim, digits, nsmall, width, 3L,  :
  'big.mark' e 'decimal.mark' são ambos '.', o que pode ser confuso
Salvo: graficos/13_circulacao_viral_total.png
Salvo: graficos/14_tendencia_viral_semanal.png
Mensagen de aviso:
In prettyNum(.Internal(format(x, trim, digits, nsmall, width, 3L,  :
  'big.mark' e 'decimal.mark' são ambos '.', o que pode ser confuso
Salvo: graficos/D13_virus_faixa_etaria_heatmap.png
Salvo: graficos/D13_virus_faixa_etaria_barras.png
Gráficos D13 salvos.
Salvo: graficos/15_tipos_linhagens_influenza.png
Mensagen de aviso:
In prettyNum(.Internal(format(x, trim, digits, nsmall, width, 3L,  :
  'big.mark' e 'decimal.mark' são ambos '.', o que pode ser confuso
Salvo: graficos/22_virus_tendencia_anual.png
[OK] Gráfico 22 salvo.
Mensagens de aviso:
1: In prettyNum(.Internal(format(x, trim, digits, nsmall, width, 3L,  :
  'big.mark' e 'decimal.mark' são ambos '.', o que pode ser confuso
2: In prettyNum(.Internal(format(x, trim, digits, nsmall, width, 3L,  :
  'big.mark' e 'decimal.mark' são ambos '.', o que pode ser confuso
Salvo: graficos/16_faixa_etaria_notif_confirmados.png
Mensagen de aviso:
In prettyNum(.Internal(format(x, trim, digits, nsmall, width, 3L,  :
  'big.mark' e 'decimal.mark' são ambos '.', o que pode ser confuso
Salvo: graficos/17_piramide_etaria_notificados.png
Salvo: graficos/18_piramide_etaria_obitos.png
Mensagen de aviso:
In prettyNum(.Internal(format(x, trim, digits, nsmall, width, 3L,  :
  'big.mark' e 'decimal.mark' são ambos '.', o que pode ser confuso
Mensagen de aviso:
In prettyNum(.Internal(format(x, trim, digits, nsmall, width, 3L,  :
  'big.mark' e 'decimal.mark' são ambos '.', o que pode ser confuso
Salvo: graficos/19_evolucao_desfecho.png
Mensagen de aviso:
In prettyNum(.Internal(format(x, trim, digits, nsmall, width, 3L,  :
  'big.mark' e 'decimal.mark' são ambos '.', o que pode ser confuso
Salvo: graficos/20_raca_cor.png
Salvo: graficos/srag_serie_classificacao_2026.png
ℹ tmap modes "plot" - "view"
ℹ toggle with `tmap::ttm()`
This message is displayed once per session.

Gerando mapa por município...
Map saved to /Users/valentimsalajunior/Documents/vigilancia-epidemiologica/graficos/mapa_srag_casos_2026.png
Resolution: 2400 by 2000 pixels
Size: 8 by 6.666667 inches (300 dpi)
[plot mode] fit legend/component: Some legend items or map compoments do not
fit well, and are therefore rescaled.
ℹ Set the tmap option `component.autoscale = FALSE` to disable rescaling.
Map saved to /Users/valentimsalajunior/Documents/vigilancia-epidemiologica/graficos/mapa_srag_incidencia_2026.png
Resolution: 2400 by 2000 pixels
Size: 8 by 6.666667 inches (300 dpi)
Mapas por município salvos.
  [aviso] Usando NM_UN_INTE (unidade de internação) como aproximação de estabelecimento — cobre só os casos hospitalizados.
Dados por estabelecimento exportados (Paraná): 4.049 linhas, 244 estabelecimentos, 22 regionais.
Circulação viral por estabelecimento exportada: 4.425 linhas.
Mensagens de aviso:
1: In prettyNum(.Internal(format(x, trim, digits, nsmall, width, 3L,  :
  'big.mark' e 'decimal.mark' são ambos '.', o que pode ser confuso
2: In prettyNum(.Internal(format(x, trim, digits, nsmall, width, 3L,  :
  'big.mark' e 'decimal.mark' são ambos '.', o que pode ser confuso

============================================================
RESUMO
============================================================
Escopo              : 15ª Regional de Saúde de Maringá
Ano(s) analisados   : 2026
Pop. IBGE 2025      : 909.489
Mensagen de aviso:
In prettyNum(.Internal(format(x, trim, digits, nsmall, width, 3L,  :
  'big.mark' e 'decimal.mark' são ambos '.', o que pode ser confuso
Total notificações  : 1.462
Mensagen de aviso:
In prettyNum(.Internal(format(x, trim, digits, nsmall, width, 3L,  :
  'big.mark' e 'decimal.mark' são ambos '.', o que pode ser confuso
Tx notif. /100k hab.: 160.7
Confirmados PCR     : 502
Mensagen de aviso:
In prettyNum(.Internal(format(x, trim, digits, nsmall, width, 3L,  :
  'big.mark' e 'decimal.mark' são ambos '.', o que pode ser confuso
Óbitos (EVOLUCAO=2) : 98
Mensagen de aviso:
In prettyNum(.Internal(format(x, trim, digits, nsmall, width, 3L,  :
  'big.mark' e 'decimal.mark' são ambos '.', o que pode ser confuso
Letalidade          : 6.7%
Saída               : graficos
============================================================
Concluído. Rode quarto render e git push para atualizar o site.
      Gráficos gerados.

[2/5] Dados novos detectados — limpando cache do freeze...
      Cache removido.

[3/5] Renderizando projeto Quarto...
[1m[34m[1/3] descritiva.qmd[39m[22m
[31m

processing file: descritiva.qmd
[39m1/29                        
2/29 [setup]                
3/29                        
4/29 [completitude]         
5/29                        
6/29 [oportunidade-notif]   
7/29                        
8/29 [oportunidade-desf]    
9/29                        
10/29 [comorbidades-total]   
11/29                        
12/29 [comorbidades-obitos]  
13/29                        
14/29 [letalidade-faixa]     
15/29                        
16/29 [letalidade-sexo]      
17/29                        
18/29 [uti-faixa]            
19/29                        
20/29 [criterio]             
21/29                        
22/29 [antiviral]            
23/29                        
24/29 [vacinal]              
25/29                        
26/29 [mortalidade-municipio]
27/29                        
28/29 [tabela-mun]           
29/29                        
[31moutput file: descritiva.knit.md

[39m[1m[34m[2/3] index.qmd[39m[22m
[1m[34m[3/3] sobre.qmd[39m[22m

Output created: docs/index.html


[4/5] Enviando para o GitHub...
[main e578d66] Atualização de dados — 30/09/2026
 81 files changed, 276 insertions(+), 1 deletion(-)
To https://github.com/valentim1979/virus-respiratorios.git
   d61a2d4..e578d66  main -> main

[5/5] Publicado.
==================================================
  Site: https://valentim1979.github.io/virus-respiratorios
==================================================

