ESTABELECIMENTO,MUNICIPIO,REGIONAL,MACRORREGIAO,SEM_EPI,casos,obitos,encerrados,uti,confirmados
C S DE JESUITAS,JESUITAS,10a RS CASCAVEL,MACRORREGIAO OESTE,16,1,0,1,0,1
C S DE JESUITAS,JESUITAS,10a RS CASCAVEL,MACRORREGIAO OESTE,26,1,0,1,0,1
C S DE JESUITAS,JESUITAS,10a RS CASCAVEL,MACRORREGIAO OESTE,27,1,0,1,1,1
CENTRO MUNICIPAL DE SAUDE FLORIANO STOINSKI,NOVA AURORA,10a RS CASCAVEL,MACRORREGIAO OESTE,1,1,0,1,0,0
HOSPITAL BOM SAMARITANO,CEU AZUL,10a RS CASCAVEL,MACRORREGIAO OESTE,20,1,0,1,0,0
HOSPITAL BOM SAMARITANO,CEU AZUL,10a RS CASCAVEL,MACRORREGIAO OESTE,21,1,0,1,0,0
HOSPITAL DE ENSINO SAO LUCAS,CASCAVEL,10a RS CASCAVEL,MACRORREGIAO OESTE,1,2,0,2,2,1
HOSPITAL DE ENSINO SAO LUCAS,CASCAVEL,10a RS CASCAVEL,MACRORREGIAO OESTE,2,4,0,4,1,0
HOSPITAL DE ENSINO SAO LUCAS,CASCAVEL,10a RS CASCAVEL,MACRORREGIAO OESTE,3,2,1,2,1,1
HOSPITAL DE ENSINO SAO LUCAS,CASCAVEL,10a RS CASCAVEL,MACRORREGIAO OESTE,4,3,0,3,2,3
HOSPITAL DE ENSINO SAO LUCAS,CASCAVEL,10a RS CASCAVEL,MACRORREGIAO OESTE,5,4,0,4,3,3
HOSPITAL DE ENSINO SAO LUCAS,CASCAVEL,10a RS CASCAVEL,MACRORREGIAO OESTE,6,1,0,1,1,1
HOSPITAL DE ENSINO SAO LUCAS,CASCAVEL,10a RS CASCAVEL,MACRORREGIAO OESTE,7,2,0,2,0,2
HOSPITAL DE ENSINO SAO LUCAS,CASCAVEL,10a RS CASCAVEL,MACRORREGIAO OESTE,8,5,0,5,1,4
HOSPITAL DE ENSINO SAO LUCAS,CASCAVEL,10a RS CASCAVEL,MACRORREGIAO OESTE,9,4,0,4,1,2
HOSPITAL DE ENSINO SAO LUCAS,CASCAVEL,10a RS CASCAVEL,MACRORREGIAO OESTE,10,6,0,6,0,5
HOSPITAL DE ENSINO SAO LUCAS,CASCAVEL,10a RS CASCAVEL,MACRORREGIAO OESTE,11,6,0,6,2,4
HOSPITAL DE ENSINO SAO LUCAS,CASCAVEL,10a RS CASCAVEL,MACRORREGIAO OESTE,12,8,0,8,4,5
HOSPITAL DE ENSINO SAO LUCAS,CASCAVEL,10a RS CASCAVEL,MACRORREGIAO OESTE,13,4,1,4,1,3
HOSPITAL DE ENSINO SAO LUCAS,CASCAVEL,10a RS CASCAVEL,MACRORREGIAO OESTE,14,4,0,4,0,3
HOSPITAL DE ENSINO SAO LUCAS,CASCAVEL,10a RS CASCAVEL,MACRORREGIAO OESTE,15,10,0,10,3,7
HOSPITAL DE ENSINO SAO LUCAS,CASCAVEL,10a RS CASCAVEL,MACRORREGIAO OESTE,16,13,0,13,5,11
HOSPITAL DE ENSINO SAO LUCAS,CASCAVEL,10a RS CASCAVEL,MACRORREGIAO OESTE,17,11,0,11,1,11
HOSPITAL DE ENSINO SAO LUCAS,CASCAVEL,10a RS CASCAVEL,MACRORREGIAO OESTE,18,13,1,13,1,10
HOSPITAL DE ENSINO SAO LUCAS,CASCAVEL,10a RS CASCAVEL,MACRORREGIAO OESTE,19,19,0,19,5,17
HOSPITAL DE ENSINO SAO LUCAS,CASCAVEL,10a RS CASCAVEL,MACRORREGIAO OESTE,20,15,0,15,6,13
HOSPITAL DE ENSINO SAO LUCAS,CASCAVEL,10a RS CASCAVEL,MACRORREGIAO OESTE,21,18,0,17,3,17
HOSPITAL DE ENSINO SAO LUCAS,CASCAVEL,10a RS CASCAVEL,MACRORREGIAO OESTE,22,16,1,16,4,14
HOSPITAL DE ENSINO SAO LUCAS,CASCAVEL,10a RS CASCAVEL,MACRORREGIAO OESTE,23,25,0,24,5,21
HOSPITAL DE ENSINO SAO LUCAS,CASCAVEL,10a RS CASCAVEL,MACRORREGIAO OESTE,24,17,1,17,3,12
HOSPITAL DE ENSINO SAO LUCAS,CASCAVEL,10a RS CASCAVEL,MACRORREGIAO OESTE,25,22,0,22,7,20
HOSPITAL DE ENSINO SAO LUCAS,CASCAVEL,10a RS CASCAVEL,MACRORREGIAO OESTE,26,24,0,24,5,19
HOSPITAL DE ENSINO SAO LUCAS,CASCAVEL,10a RS CASCAVEL,MACRORREGIAO OESTE,27,20,0,20,8,18
HOSPITAL DE ENSINO SAO LUCAS,CASCAVEL,10a RS CASCAVEL,MACRORREGIAO OESTE,28,10,0,10,2,9
HOSPITAL DE ENSINO SAO LUCAS,CASCAVEL,10a RS CASCAVEL,MACRORREGIAO OESTE,29,9,1,9,3,7
HOSPITAL DE ENSINO SAO LUCAS,CASCAVEL,10a RS CASCAVEL,MACRORREGIAO OESTE,30,8,0,8,5,4
HOSPITAL DE ENSINO SAO LUCAS,CASCAVEL,10a RS CASCAVEL,MACRORREGIAO OESTE,31,14,0,14,5,11
HOSPITAL DE ENSINO SAO LUCAS,CASCAVEL,10a RS CASCAVEL,MACRORREGIAO OESTE,32,20,1,20,2,15
HOSPITAL DE ENSINO SAO LUCAS,CASCAVEL,10a RS CASCAVEL,MACRORREGIAO OESTE,33,13,0,12,4,9
HOSPITAL DE ENSINO SAO LUCAS,CASCAVEL,10a RS CASCAVEL,MACRORREGIAO OESTE,34,9,0,9,2,7
HOSPITAL DE ENSINO SAO LUCAS,CASCAVEL,10a RS CASCAVEL,MACRORREGIAO OESTE,35,13,0,12,3,12
HOSPITAL DE ENSINO SAO LUCAS,CASCAVEL,10a RS CASCAVEL,MACRORREGIAO OESTE,36,6,0,3,2,4
HOSPITAL DE ENSINO SAO LUCAS,CASCAVEL,10a RS CASCAVEL,MACRORREGIAO OESTE,37,11,0,9,3,7
HOSPITAL DE ENSINO SAO LUCAS,CASCAVEL,10a RS CASCAVEL,MACRORREGIAO OESTE,38,8,0,3,3,2
HOSPITAL DE ENSINO SAO LUCAS,CASCAVEL,10a RS CASCAVEL,MACRORREGIAO OESTE,39,5,0,0,0,0
HOSPITAL DO CANCER DE CASCAVEL UOPECCAN,CASCAVEL,10a RS CASCAVEL,MACRORREGIAO OESTE,2,1,0,1,0,1
HOSPITAL DO CANCER DE CASCAVEL UOPECCAN,CASCAVEL,10a RS CASCAVEL,MACRORREGIAO OESTE,25,1,0,0,0,1
HOSPITAL DO CANCER DE CASCAVEL UOPECCAN,CASCAVEL,10a RS CASCAVEL,MACRORREGIAO OESTE,26,1,0,1,1,1
HOSPITAL DO CANCER DE CASCAVEL UOPECCAN,CASCAVEL,10a RS CASCAVEL,MACRORREGIAO OESTE,27,1,0,0,0,0
HOSPITAL DO CANCER DE CASCAVEL UOPECCAN,CASCAVEL,10a RS CASCAVEL,MACRORREGIAO OESTE,30,1,0,1,1,0
HOSPITAL DO CANCER DE CASCAVEL UOPECCAN,CASCAVEL,10a RS CASCAVEL,MACRORREGIAO OESTE,32,1,1,1,1,1
HOSPITAL E MATERNIDADE DR LIMA LTDA,CASCAVEL,10a RS CASCAVEL,MACRORREGIAO OESTE,5,2,0,2,2,1
HOSPITAL E MATERNIDADE DR LIMA LTDA,CASCAVEL,10a RS CASCAVEL,MACRORREGIAO OESTE,12,2,0,2,0,2
HOSPITAL E MATERNIDADE DR LIMA LTDA,CASCAVEL,10a RS CASCAVEL,MACRORREGIAO OESTE,18,2,0,2,0,2
HOSPITAL E MATERNIDADE DR LIMA LTDA,CASCAVEL,10a RS CASCAVEL,MACRORREGIAO OESTE,22,1,0,1,1,1
HOSPITAL E MATERNIDADE DR LIMA LTDA,CASCAVEL,10a RS CASCAVEL,MACRORREGIAO OESTE,23,1,0,1,0,1
HOSPITAL E MATERNIDADE DR LIMA LTDA,CASCAVEL,10a RS CASCAVEL,MACRORREGIAO OESTE,25,2,0,2,0,2
HOSPITAL E MATERNIDADE DR LIMA LTDA,CASCAVEL,10a RS CASCAVEL,MACRORREGIAO OESTE,27,1,0,1,0,0
HOSPITAL E MATERNIDADE DR LIMA LTDA,CASCAVEL,10a RS CASCAVEL,MACRORREGIAO OESTE,28,1,0,1,0,1
HOSPITAL MUNICIPAL DE RETAGUARDA ALLAN BRAME PINHO,CASCAVEL,10a RS CASCAVEL,MACRORREGIAO OESTE,1,3,1,3,1,1
HOSPITAL MUNICIPAL DE RETAGUARDA ALLAN BRAME PINHO,CASCAVEL,10a RS CASCAVEL,MACRORREGIAO OESTE,5,1,0,1,0,1
HOSPITAL MUNICIPAL DE RETAGUARDA ALLAN BRAME PINHO,CASCAVEL,10a RS CASCAVEL,MACRORREGIAO OESTE,8,1,0,1,0,1
HOSPITAL MUNICIPAL DE RETAGUARDA ALLAN BRAME PINHO,CASCAVEL,10a RS CASCAVEL,MACRORREGIAO OESTE,9,2,1,2,1,0
HOSPITAL MUNICIPAL DE RETAGUARDA ALLAN BRAME PINHO,CASCAVEL,10a RS CASCAVEL,MACRORREGIAO OESTE,10,3,0,3,1,2
HOSPITAL MUNICIPAL DE RETAGUARDA ALLAN BRAME PINHO,CASCAVEL,10a RS CASCAVEL,MACRORREGIAO OESTE,11,1,1,1,1,0
HOSPITAL MUNICIPAL DE RETAGUARDA ALLAN BRAME PINHO,CASCAVEL,10a RS CASCAVEL,MACRORREGIAO OESTE,12,1,0,1,0,0
HOSPITAL MUNICIPAL DE RETAGUARDA ALLAN BRAME PINHO,CASCAVEL,10a RS CASCAVEL,MACRORREGIAO OESTE,13,4,0,4,1,3
HOSPITAL MUNICIPAL DE RETAGUARDA ALLAN BRAME PINHO,CASCAVEL,10a RS CASCAVEL,MACRORREGIAO OESTE,14,1,0,1,0,0
HOSPITAL MUNICIPAL DE RETAGUARDA ALLAN BRAME PINHO,CASCAVEL,10a RS CASCAVEL,MACRORREGIAO OESTE,15,2,0,2,2,0
HOSPITAL MUNICIPAL DE RETAGUARDA ALLAN BRAME PINHO,CASCAVEL,10a RS CASCAVEL,MACRORREGIAO OESTE,17,1,0,1,0,0
HOSPITAL MUNICIPAL DE RETAGUARDA ALLAN BRAME PINHO,CASCAVEL,10a RS CASCAVEL,MACRORREGIAO OESTE,18,1,0,1,0,0
HOSPITAL MUNICIPAL DE RETAGUARDA ALLAN BRAME PINHO,CASCAVEL,10a RS CASCAVEL,MACRORREGIAO OESTE,21,1,0,1,0,0
HOSPITAL MUNICIPAL DE RETAGUARDA ALLAN BRAME PINHO,CASCAVEL,10a RS CASCAVEL,MACRORREGIAO OESTE,26,2,1,2,1,0
HOSPITAL MUNICIPAL DE RETAGUARDA ALLAN BRAME PINHO,CASCAVEL,10a RS CASCAVEL,MACRORREGIAO OESTE,27,5,1,5,1,0
HOSPITAL MUNICIPAL DE RETAGUARDA ALLAN BRAME PINHO,CASCAVEL,10a RS CASCAVEL,MACRORREGIAO OESTE,28,4,1,4,1,1
HOSPITAL MUNICIPAL DE RETAGUARDA ALLAN BRAME PINHO,CASCAVEL,10a RS CASCAVEL,MACRORREGIAO OESTE,29,5,0,5,1,1
HOSPITAL MUNICIPAL DE RETAGUARDA ALLAN BRAME PINHO,CASCAVEL,10a RS CASCAVEL,MACRORREGIAO OESTE,30,5,1,5,2,0
HOSPITAL MUNICIPAL DE RETAGUARDA ALLAN BRAME PINHO,CASCAVEL,10a RS CASCAVEL,MACRORREGIAO OESTE,31,3,1,3,1,0
HOSPITAL MUNICIPAL DE RETAGUARDA ALLAN BRAME PINHO,CASCAVEL,10a RS CASCAVEL,MACRORREGIAO OESTE,32,7,0,7,2,3
HOSPITAL MUNICIPAL DE RETAGUARDA ALLAN BRAME PINHO,CASCAVEL,10a RS CASCAVEL,MACRORREGIAO OESTE,33,8,0,8,0,3
HOSPITAL MUNICIPAL DE RETAGUARDA ALLAN BRAME PINHO,CASCAVEL,10a RS CASCAVEL,MACRORREGIAO OESTE,34,8,1,7,3,2
HOSPITAL MUNICIPAL DE RETAGUARDA ALLAN BRAME PINHO,CASCAVEL,10a RS CASCAVEL,MACRORREGIAO OESTE,35,5,1,4,0,0
HOSPITAL MUNICIPAL DE RETAGUARDA ALLAN BRAME PINHO,CASCAVEL,10a RS CASCAVEL,MACRORREGIAO OESTE,36,5,0,3,1,2
HOSPITAL MUNICIPAL DE RETAGUARDA ALLAN BRAME PINHO,CASCAVEL,10a RS CASCAVEL,MACRORREGIAO OESTE,37,6,0,1,0,0
HOSPITAL MUNICIPAL DE RETAGUARDA ALLAN BRAME PINHO,CASCAVEL,10a RS CASCAVEL,MACRORREGIAO OESTE,38,5,0,0,1,0
HOSPITAL MUNICIPAL DE RETAGUARDA ALLAN BRAME PINHO,CASCAVEL,10a RS CASCAVEL,MACRORREGIAO OESTE,39,2,0,0,0,0
HOSPITAL MUNICIPAL SAO JOSE,BOA VISTA DA APARECIDA,10a RS CASCAVEL,MACRORREGIAO OESTE,1,1,0,1,0,0
HOSPITAL MUNICIPAL SAO JOSE,BOA VISTA DA APARECIDA,10a RS CASCAVEL,MACRORREGIAO OESTE,10,1,0,1,0,1
HOSPITAL MUNICIPAL SAO JOSE,BOA VISTA DA APARECIDA,10a RS CASCAVEL,MACRORREGIAO OESTE,11,2,0,2,1,2
HOSPITAL MUNICIPAL SAO JOSE,BOA VISTA DA APARECIDA,10a RS CASCAVEL,MACRORREGIAO OESTE,12,1,0,1,0,1
HOSPITAL MUNICIPAL TRES BARRAS,TRES BARRAS DO PARANA,10a RS CASCAVEL,MACRORREGIAO OESTE,8,2,1,2,0,0
HOSPITAL MUNICIPAL TRES BARRAS,TRES BARRAS DO PARANA,10a RS CASCAVEL,MACRORREGIAO OESTE,11,1,1,1,0,1
HOSPITAL MUNICIPAL TRES BARRAS,TRES BARRAS DO PARANA,10a RS CASCAVEL,MACRORREGIAO OESTE,13,3,0,3,0,0
HOSPITAL MUNICIPAL TRES BARRAS,TRES BARRAS DO PARANA,10a RS CASCAVEL,MACRORREGIAO OESTE,17,1,0,1,0,0
HOSPITAL MUNICIPAL TRES BARRAS,TRES BARRAS DO PARANA,10a RS CASCAVEL,MACRORREGIAO OESTE,18,2,0,2,1,0
HOSPITAL MUNICIPAL TRES BARRAS,TRES BARRAS DO PARANA,10a RS CASCAVEL,MACRORREGIAO OESTE,19,2,0,2,0,2
HOSPITAL MUNICIPAL TRES BARRAS,TRES BARRAS DO PARANA,10a RS CASCAVEL,MACRORREGIAO OESTE,30,1,0,1,0,0
HOSPITAL UNIVERSITARIO DO OESTE DO PARANA,CASCAVEL,10a RS CASCAVEL,MACRORREGIAO OESTE,1,5,2,5,1,2
HOSPITAL UNIVERSITARIO DO OESTE DO PARANA,CASCAVEL,10a RS CASCAVEL,MACRORREGIAO OESTE,2,3,1,3,1,0
HOSPITAL UNIVERSITARIO DO OESTE DO PARANA,CASCAVEL,10a RS CASCAVEL,MACRORREGIAO OESTE,3,1,1,1,1,1
HOSPITAL UNIVERSITARIO DO OESTE DO PARANA,CASCAVEL,10a RS CASCAVEL,MACRORREGIAO OESTE,4,2,1,2,2,0
HOSPITAL UNIVERSITARIO DO OESTE DO PARANA,CASCAVEL,10a RS CASCAVEL,MACRORREGIAO OESTE,6,1,0,1,0,0
HOSPITAL UNIVERSITARIO DO OESTE DO PARANA,CASCAVEL,10a RS CASCAVEL,MACRORREGIAO OESTE,7,5,2,5,4,3
HOSPITAL UNIVERSITARIO DO OESTE DO PARANA,CASCAVEL,10a RS CASCAVEL,MACRORREGIAO OESTE,8,9,0,9,5,4
HOSPITAL UNIVERSITARIO DO OESTE DO PARANA,CASCAVEL,10a RS CASCAVEL,MACRORREGIAO OESTE,9,7,1,7,2,3
HOSPITAL UNIVERSITARIO DO OESTE DO PARANA,CASCAVEL,10a RS CASCAVEL,MACRORREGIAO OESTE,10,7,2,7,4,3
HOSPITAL UNIVERSITARIO DO OESTE DO PARANA,CASCAVEL,10a RS CASCAVEL,MACRORREGIAO OESTE,11,3,1,3,1,2
HOSPITAL UNIVERSITARIO DO OESTE DO PARANA,CASCAVEL,10a RS CASCAVEL,MACRORREGIAO OESTE,12,6,0,6,3,3
HOSPITAL UNIVERSITARIO DO OESTE DO PARANA,CASCAVEL,10a RS CASCAVEL,MACRORREGIAO OESTE,13,3,1,3,1,0
HOSPITAL UNIVERSITARIO DO OESTE DO PARANA,CASCAVEL,10a RS CASCAVEL,MACRORREGIAO OESTE,14,3,0,3,1,2
HOSPITAL UNIVERSITARIO DO OESTE DO PARANA,CASCAVEL,10a RS CASCAVEL,MACRORREGIAO OESTE,15,4,0,4,2,3
HOSPITAL UNIVERSITARIO DO OESTE DO PARANA,CASCAVEL,10a RS CASCAVEL,MACRORREGIAO OESTE,16,10,0,10,6,8
HOSPITAL UNIVERSITARIO DO OESTE DO PARANA,CASCAVEL,10a RS CASCAVEL,MACRORREGIAO OESTE,17,8,1,8,6,5
HOSPITAL UNIVERSITARIO DO OESTE DO PARANA,CASCAVEL,10a RS CASCAVEL,MACRORREGIAO OESTE,18,7,0,7,4,2
HOSPITAL UNIVERSITARIO DO OESTE DO PARANA,CASCAVEL,10a RS CASCAVEL,MACRORREGIAO OESTE,19,10,1,10,3,7
HOSPITAL UNIVERSITARIO DO OESTE DO PARANA,CASCAVEL,10a RS CASCAVEL,MACRORREGIAO OESTE,20,14,1,14,4,8
HOSPITAL UNIVERSITARIO DO OESTE DO PARANA,CASCAVEL,10a RS CASCAVEL,MACRORREGIAO OESTE,21,9,0,9,3,7
HOSPITAL UNIVERSITARIO DO OESTE DO PARANA,CASCAVEL,10a RS CASCAVEL,MACRORREGIAO OESTE,22,16,0,16,4,12
HOSPITAL UNIVERSITARIO DO OESTE DO PARANA,CASCAVEL,10a RS CASCAVEL,MACRORREGIAO OESTE,23,12,1,12,3,6
HOSPITAL UNIVERSITARIO DO OESTE DO PARANA,CASCAVEL,10a RS CASCAVEL,MACRORREGIAO OESTE,24,10,1,10,3,8
HOSPITAL UNIVERSITARIO DO OESTE DO PARANA,CASCAVEL,10a RS CASCAVEL,MACRORREGIAO OESTE,25,8,0,8,5,6
HOSPITAL UNIVERSITARIO DO OESTE DO PARANA,CASCAVEL,10a RS CASCAVEL,MACRORREGIAO OESTE,26,8,0,8,4,5
HOSPITAL UNIVERSITARIO DO OESTE DO PARANA,CASCAVEL,10a RS CASCAVEL,MACRORREGIAO OESTE,27,10,1,10,6,3
HOSPITAL UNIVERSITARIO DO OESTE DO PARANA,CASCAVEL,10a RS CASCAVEL,MACRORREGIAO OESTE,28,7,0,7,3,5
HOSPITAL UNIVERSITARIO DO OESTE DO PARANA,CASCAVEL,10a RS CASCAVEL,MACRORREGIAO OESTE,29,6,1,6,5,4
HOSPITAL UNIVERSITARIO DO OESTE DO PARANA,CASCAVEL,10a RS CASCAVEL,MACRORREGIAO OESTE,30,3,1,3,2,2
HOSPITAL UNIVERSITARIO DO OESTE DO PARANA,CASCAVEL,10a RS CASCAVEL,MACRORREGIAO OESTE,31,5,0,5,0,4
HOSPITAL UNIVERSITARIO DO OESTE DO PARANA,CASCAVEL,10a RS CASCAVEL,MACRORREGIAO OESTE,32,6,0,6,2,4
HOSPITAL UNIVERSITARIO DO OESTE DO PARANA,CASCAVEL,10a RS CASCAVEL,MACRORREGIAO OESTE,33,3,0,3,1,2
HOSPITAL UNIVERSITARIO DO OESTE DO PARANA,CASCAVEL,10a RS CASCAVEL,MACRORREGIAO OESTE,34,4,0,4,0,1
HOSPITAL UNIVERSITARIO DO OESTE DO PARANA,CASCAVEL,10a RS CASCAVEL,MACRORREGIAO OESTE,35,4,0,3,1,2
HOSPITAL UNIVERSITARIO DO OESTE DO PARANA,CASCAVEL,10a RS CASCAVEL,MACRORREGIAO OESTE,36,7,0,5,3,4
HOSPITAL UNIVERSITARIO DO OESTE DO PARANA,CASCAVEL,10a RS CASCAVEL,MACRORREGIAO OESTE,37,5,0,1,1,0
HOSPITAL UNIVERSITARIO DO OESTE DO PARANA,CASCAVEL,10a RS CASCAVEL,MACRORREGIAO OESTE,38,2,0,0,0,0
HOSPITAL UNIVERSITARIO DO OESTE DO PARANA,CASCAVEL,10a RS CASCAVEL,MACRORREGIAO OESTE,39,3,0,0,1,0
HPU HOSPITAL POLICLINICA UNIMED,CASCAVEL,10a RS CASCAVEL,MACRORREGIAO OESTE,1,1,0,1,1,0
HPU HOSPITAL POLICLINICA UNIMED,CASCAVEL,10a RS CASCAVEL,MACRORREGIAO OESTE,2,1,0,1,0,0
HPU HOSPITAL POLICLINICA UNIMED,CASCAVEL,10a RS CASCAVEL,MACRORREGIAO OESTE,4,2,0,2,0,0
HPU HOSPITAL POLICLINICA UNIMED,CASCAVEL,10a RS CASCAVEL,MACRORREGIAO OESTE,5,1,0,1,1,1
HPU HOSPITAL POLICLINICA UNIMED,CASCAVEL,10a RS CASCAVEL,MACRORREGIAO OESTE,7,1,0,1,0,1
HPU HOSPITAL POLICLINICA UNIMED,CASCAVEL,10a RS CASCAVEL,MACRORREGIAO OESTE,8,2,0,2,0,1
HPU HOSPITAL POLICLINICA UNIMED,CASCAVEL,10a RS CASCAVEL,MACRORREGIAO OESTE,9,1,0,1,0,1
HPU HOSPITAL POLICLINICA UNIMED,CASCAVEL,10a RS CASCAVEL,MACRORREGIAO OESTE,10,2,0,2,0,2
HPU HOSPITAL POLICLINICA UNIMED,CASCAVEL,10a RS CASCAVEL,MACRORREGIAO OESTE,11,1,0,1,0,0
HPU HOSPITAL POLICLINICA UNIMED,CASCAVEL,10a RS CASCAVEL,MACRORREGIAO OESTE,12,2,0,2,1,1
HPU HOSPITAL POLICLINICA UNIMED,CASCAVEL,10a RS CASCAVEL,MACRORREGIAO OESTE,14,2,0,2,0,2
HPU HOSPITAL POLICLINICA UNIMED,CASCAVEL,10a RS CASCAVEL,MACRORREGIAO OESTE,15,1,0,1,0,1
HPU HOSPITAL POLICLINICA UNIMED,CASCAVEL,10a RS CASCAVEL,MACRORREGIAO OESTE,16,3,0,3,0,0
HPU HOSPITAL POLICLINICA UNIMED,CASCAVEL,10a RS CASCAVEL,MACRORREGIAO OESTE,17,1,0,1,0,0
HPU HOSPITAL POLICLINICA UNIMED,CASCAVEL,10a RS CASCAVEL,MACRORREGIAO OESTE,19,1,0,1,0,1
HPU HOSPITAL POLICLINICA UNIMED,CASCAVEL,10a RS CASCAVEL,MACRORREGIAO OESTE,20,1,0,0,1,0
HPU HOSPITAL POLICLINICA UNIMED,CASCAVEL,10a RS CASCAVEL,MACRORREGIAO OESTE,21,4,0,4,0,2
HPU HOSPITAL POLICLINICA UNIMED,CASCAVEL,10a RS CASCAVEL,MACRORREGIAO OESTE,22,1,0,1,0,1
HPU HOSPITAL POLICLINICA UNIMED,CASCAVEL,10a RS CASCAVEL,MACRORREGIAO OESTE,23,1,0,1,0,0
HPU HOSPITAL POLICLINICA UNIMED,CASCAVEL,10a RS CASCAVEL,MACRORREGIAO OESTE,24,2,0,2,1,1
HPU HOSPITAL POLICLINICA UNIMED,CASCAVEL,10a RS CASCAVEL,MACRORREGIAO OESTE,25,7,0,7,2,4
HPU HOSPITAL POLICLINICA UNIMED,CASCAVEL,10a RS CASCAVEL,MACRORREGIAO OESTE,26,5,0,5,3,4
HPU HOSPITAL POLICLINICA UNIMED,CASCAVEL,10a RS CASCAVEL,MACRORREGIAO OESTE,27,6,0,6,3,2
HPU HOSPITAL POLICLINICA UNIMED,CASCAVEL,10a RS CASCAVEL,MACRORREGIAO OESTE,28,2,0,2,2,1
HPU HOSPITAL POLICLINICA UNIMED,CASCAVEL,10a RS CASCAVEL,MACRORREGIAO OESTE,30,1,0,1,0,1
PRONTO ATENDIMENTO MUNICIPAL,CASCAVEL,10a RS CASCAVEL,MACRORREGIAO OESTE,22,1,1,1,1,0
PRONTO ATENDIMENTO MUNICIPAL,CATANDUVAS,10a RS CASCAVEL,MACRORREGIAO OESTE,22,3,0,3,0,1
UNIDADE DE PRONTO ATENDIMENTO UPA,CASCAVEL,10a RS CASCAVEL,MACRORREGIAO OESTE,22,1,0,1,1,1
UPA BRASILIA,CASCAVEL,10a RS CASCAVEL,MACRORREGIAO OESTE,1,8,1,8,1,1
UPA BRASILIA,CASCAVEL,10a RS CASCAVEL,MACRORREGIAO OESTE,2,4,0,4,0,1
UPA BRASILIA,CASCAVEL,10a RS CASCAVEL,MACRORREGIAO OESTE,3,3,1,3,0,2
UPA BRASILIA,CASCAVEL,10a RS CASCAVEL,MACRORREGIAO OESTE,4,2,0,2,0,1
UPA BRASILIA,CASCAVEL,10a RS CASCAVEL,MACRORREGIAO OESTE,5,5,1,5,1,3
UPA BRASILIA,CASCAVEL,10a RS CASCAVEL,MACRORREGIAO OESTE,6,3,0,3,0,1
UPA BRASILIA,CASCAVEL,10a RS CASCAVEL,MACRORREGIAO OESTE,7,1,0,1,0,0
UPA BRASILIA,CASCAVEL,10a RS CASCAVEL,MACRORREGIAO OESTE,8,8,0,8,0,2
UPA BRASILIA,CASCAVEL,10a RS CASCAVEL,MACRORREGIAO OESTE,9,4,1,4,1,2
UPA BRASILIA,NOVA AURORA,10a RS CASCAVEL,MACRORREGIAO OESTE,9,1,0,1,0,0
UPA BRASILIA,CASCAVEL,10a RS CASCAVEL,MACRORREGIAO OESTE,10,6,1,6,0,2
UPA BRASILIA,NOVA AURORA,10a RS CASCAVEL,MACRORREGIAO OESTE,10,1,0,1,0,1
UPA BRASILIA,CASCAVEL,10a RS CASCAVEL,MACRORREGIAO OESTE,11,7,0,7,1,1
UPA BRASILIA,CASCAVEL,10a RS CASCAVEL,MACRORREGIAO OESTE,12,5,1,5,1,0
UPA BRASILIA,CASCAVEL,10a RS CASCAVEL,MACRORREGIAO OESTE,13,5,0,5,1,1
UPA BRASILIA,CASCAVEL,10a RS CASCAVEL,MACRORREGIAO OESTE,14,7,2,7,0,3
UPA BRASILIA,CASCAVEL,10a RS CASCAVEL,MACRORREGIAO OESTE,15,9,0,9,0,5
UPA BRASILIA,CASCAVEL,10a RS CASCAVEL,MACRORREGIAO OESTE,16,9,0,9,0,2
UPA BRASILIA,VERA CRUZ DO OESTE,10a RS CASCAVEL,MACRORREGIAO OESTE,16,1,0,1,0,1
UPA BRASILIA,CASCAVEL,10a RS CASCAVEL,MACRORREGIAO OESTE,17,8,0,8,1,4
UPA BRASILIA,CASCAVEL,10a RS CASCAVEL,MACRORREGIAO OESTE,18,9,0,9,1,5
UPA BRASILIA,CASCAVEL,10a RS CASCAVEL,MACRORREGIAO OESTE,19,6,2,6,0,1
UPA BRASILIA,CASCAVEL,10a RS CASCAVEL,MACRORREGIAO OESTE,20,10,0,10,0,4
UPA BRASILIA,CASCAVEL,10a RS CASCAVEL,MACRORREGIAO OESTE,21,6,0,6,0,3
UPA BRASILIA,CASCAVEL,10a RS CASCAVEL,MACRORREGIAO OESTE,22,11,1,11,0,4
UPA BRASILIA,CASCAVEL,10a RS CASCAVEL,MACRORREGIAO OESTE,23,14,2,14,1,2
UPA BRASILIA,CASCAVEL,10a RS CASCAVEL,MACRORREGIAO OESTE,24,5,1,5,0,2
UPA BRASILIA,NOVA AURORA,10a RS CASCAVEL,MACRORREGIAO OESTE,24,1,0,1,0,0
UPA BRASILIA,CASCAVEL,10a RS CASCAVEL,MACRORREGIAO OESTE,25,12,0,11,1,3
UPA BRASILIA,NOVA AURORA,10a RS CASCAVEL,MACRORREGIAO OESTE,25,1,0,1,0,0
UPA BRASILIA,CASCAVEL,10a RS CASCAVEL,MACRORREGIAO OESTE,26,7,0,7,0,2
UPA BRASILIA,CASCAVEL,10a RS CASCAVEL,MACRORREGIAO OESTE,27,5,0,5,0,0
UPA BRASILIA,CASCAVEL,10a RS CASCAVEL,MACRORREGIAO OESTE,28,7,3,7,0,2
UPA BRASILIA,CASCAVEL,10a RS CASCAVEL,MACRORREGIAO OESTE,29,5,0,5,0,0
UPA BRASILIA,CASCAVEL,10a RS CASCAVEL,MACRORREGIAO OESTE,30,1,0,1,0,0
UPA BRASILIA,CASCAVEL,10a RS CASCAVEL,MACRORREGIAO OESTE,31,8,2,8,0,1
UPA BRASILIA,CASCAVEL,10a RS CASCAVEL,MACRORREGIAO OESTE,32,4,0,4,0,0
UPA BRASILIA,NOVA AURORA,10a RS CASCAVEL,MACRORREGIAO OESTE,32,1,0,1,0,0
UPA BRASILIA,CASCAVEL,10a RS CASCAVEL,MACRORREGIAO OESTE,33,9,2,8,0,2
UPA BRASILIA,CASCAVEL,10a RS CASCAVEL,MACRORREGIAO OESTE,34,4,1,4,1,1
UPA BRASILIA,NOVA AURORA,10a RS CASCAVEL,MACRORREGIAO OESTE,34,1,0,1,0,0
UPA BRASILIA,CASCAVEL,10a RS CASCAVEL,MACRORREGIAO OESTE,35,4,0,3,0,3
UPA BRASILIA,CASCAVEL,10a RS CASCAVEL,MACRORREGIAO OESTE,36,2,0,2,0,0
UPA BRASILIA,CASCAVEL,10a RS CASCAVEL,MACRORREGIAO OESTE,37,4,2,3,0,0
UPA BRASILIA,CASCAVEL,10a RS CASCAVEL,MACRORREGIAO OESTE,38,9,0,1,0,0
UPA BRASILIA,CASCAVEL,10a RS CASCAVEL,MACRORREGIAO OESTE,39,3,0,0,0,0
UPA TANCREDO NEVES,CASCAVEL,10a RS CASCAVEL,MACRORREGIAO OESTE,1,2,0,2,0,1
UPA TANCREDO NEVES,CASCAVEL,10a RS CASCAVEL,MACRORREGIAO OESTE,2,5,1,5,1,1
UPA TANCREDO NEVES,CASCAVEL,10a RS CASCAVEL,MACRORREGIAO OESTE,3,4,0,4,0,3
UPA TANCREDO NEVES,CASCAVEL,10a RS CASCAVEL,MACRORREGIAO OESTE,4,1,0,1,0,0
UPA TANCREDO NEVES,CASCAVEL,10a RS CASCAVEL,MACRORREGIAO OESTE,6,3,0,3,0,0
UPA TANCREDO NEVES,CASCAVEL,10a RS CASCAVEL,MACRORREGIAO OESTE,7,3,0,3,0,3
UPA TANCREDO NEVES,CASCAVEL,10a RS CASCAVEL,MACRORREGIAO OESTE,8,4,0,4,0,3
UPA TANCREDO NEVES,CASCAVEL,10a RS CASCAVEL,MACRORREGIAO OESTE,9,3,0,3,1,2
UPA TANCREDO NEVES,CASCAVEL,10a RS CASCAVEL,MACRORREGIAO OESTE,10,7,0,7,0,6
UPA TANCREDO NEVES,CASCAVEL,10a RS CASCAVEL,MACRORREGIAO OESTE,11,4,0,4,0,2
UPA TANCREDO NEVES,CASCAVEL,10a RS CASCAVEL,MACRORREGIAO OESTE,12,3,0,3,0,1
UPA TANCREDO NEVES,CASCAVEL,10a RS CASCAVEL,MACRORREGIAO OESTE,13,5,0,5,0,2
UPA TANCREDO NEVES,CASCAVEL,10a RS CASCAVEL,MACRORREGIAO OESTE,14,4,0,4,0,4
UPA TANCREDO NEVES,CASCAVEL,10a RS CASCAVEL,MACRORREGIAO OESTE,15,4,0,4,0,2
UPA TANCREDO NEVES,CASCAVEL,10a RS CASCAVEL,MACRORREGIAO OESTE,16,4,1,4,0,1
UPA TANCREDO NEVES,CASCAVEL,10a RS CASCAVEL,MACRORREGIAO OESTE,17,8,0,8,0,2
UPA TANCREDO NEVES,CASCAVEL,10a RS CASCAVEL,MACRORREGIAO OESTE,18,5,0,5,1,4
UPA TANCREDO NEVES,CASCAVEL,10a RS CASCAVEL,MACRORREGIAO OESTE,19,17,2,17,1,7
UPA TANCREDO NEVES,NOVA AURORA,10a RS CASCAVEL,MACRORREGIAO OESTE,19,1,0,1,0,0
UPA TANCREDO NEVES,CASCAVEL,10a RS CASCAVEL,MACRORREGIAO OESTE,20,12,0,12,0,7
UPA TANCREDO NEVES,CASCAVEL,10a RS CASCAVEL,MACRORREGIAO OESTE,21,14,1,14,0,9
UPA TANCREDO NEVES,CASCAVEL,10a RS CASCAVEL,MACRORREGIAO OESTE,22,12,0,12,0,6
UPA TANCREDO NEVES,CASCAVEL,10a RS CASCAVEL,MACRORREGIAO OESTE,23,8,0,8,0,5
UPA TANCREDO NEVES,NOVA AURORA,10a RS CASCAVEL,MACRORREGIAO OESTE,23,1,0,1,0,0
UPA TANCREDO NEVES,CASCAVEL,10a RS CASCAVEL,MACRORREGIAO OESTE,24,13,0,13,0,10
UPA TANCREDO NEVES,CASCAVEL,10a RS CASCAVEL,MACRORREGIAO OESTE,25,13,0,13,0,11
UPA TANCREDO NEVES,CASCAVEL,10a RS CASCAVEL,MACRORREGIAO OESTE,26,11,0,11,0,8
UPA TANCREDO NEVES,CASCAVEL,10a RS CASCAVEL,MACRORREGIAO OESTE,27,11,3,11,1,6
UPA TANCREDO NEVES,CASCAVEL,10a RS CASCAVEL,MACRORREGIAO OESTE,28,6,0,6,0,2
UPA TANCREDO NEVES,NOVA AURORA,10a RS CASCAVEL,MACRORREGIAO OESTE,28,1,0,1,0,0
UPA TANCREDO NEVES,CASCAVEL,10a RS CASCAVEL,MACRORREGIAO OESTE,29,4,0,4,0,3
UPA TANCREDO NEVES,CASCAVEL,10a RS CASCAVEL,MACRORREGIAO OESTE,30,5,0,5,0,3
UPA TANCREDO NEVES,CASCAVEL,10a RS CASCAVEL,MACRORREGIAO OESTE,31,7,0,7,1,5
UPA TANCREDO NEVES,CASCAVEL,10a RS CASCAVEL,MACRORREGIAO OESTE,32,10,1,10,0,4
UPA TANCREDO NEVES,CASCAVEL,10a RS CASCAVEL,MACRORREGIAO OESTE,33,5,0,5,0,3
UPA TANCREDO NEVES,CASCAVEL,10a RS CASCAVEL,MACRORREGIAO OESTE,34,5,1,5,0,2
UPA TANCREDO NEVES,CASCAVEL,10a RS CASCAVEL,MACRORREGIAO OESTE,35,5,1,5,0,1
UPA TANCREDO NEVES,CASCAVEL,10a RS CASCAVEL,MACRORREGIAO OESTE,36,1,0,1,0,1
UPA TANCREDO NEVES,NOVA AURORA,10a RS CASCAVEL,MACRORREGIAO OESTE,36,1,0,1,0,0
UPA TANCREDO NEVES,CASCAVEL,10a RS CASCAVEL,MACRORREGIAO OESTE,37,4,0,1,1,4
UPA TANCREDO NEVES,CASCAVEL,10a RS CASCAVEL,MACRORREGIAO OESTE,38,4,0,0,0,0
UPA TANCREDO NEVES,CASCAVEL,10a RS CASCAVEL,MACRORREGIAO OESTE,39,3,0,0,0,0
UPA VENEZA,CASCAVEL,10a RS CASCAVEL,MACRORREGIAO OESTE,1,2,0,2,0,1
UPA VENEZA,CASCAVEL,10a RS CASCAVEL,MACRORREGIAO OESTE,2,8,1,8,1,1
UPA VENEZA,CASCAVEL,10a RS CASCAVEL,MACRORREGIAO OESTE,3,7,1,7,1,1
UPA VENEZA,CASCAVEL,10a RS CASCAVEL,MACRORREGIAO OESTE,4,5,0,5,1,0
UPA VENEZA,CASCAVEL,10a RS CASCAVEL,MACRORREGIAO OESTE,5,4,2,4,0,0
UPA VENEZA,CASCAVEL,10a RS CASCAVEL,MACRORREGIAO OESTE,6,8,2,8,0,5
UPA VENEZA,CASCAVEL,10a RS CASCAVEL,MACRORREGIAO OESTE,7,5,0,5,0,1
UPA VENEZA,CASCAVEL,10a RS CASCAVEL,MACRORREGIAO OESTE,8,5,0,5,0,2
UPA VENEZA,CASCAVEL,10a RS CASCAVEL,MACRORREGIAO OESTE,9,10,2,10,1,4
UPA VENEZA,CASCAVEL,10a RS CASCAVEL,MACRORREGIAO OESTE,10,7,0,7,0,5
UPA VENEZA,CASCAVEL,10a RS CASCAVEL,MACRORREGIAO OESTE,11,8,2,8,2,6
UPA VENEZA,CASCAVEL,10a RS CASCAVEL,MACRORREGIAO OESTE,12,7,0,7,0,4
UPA VENEZA,CASCAVEL,10a RS CASCAVEL,MACRORREGIAO OESTE,13,9,3,9,1,4
UPA VENEZA,CASCAVEL,10a RS CASCAVEL,MACRORREGIAO OESTE,14,13,0,13,0,4
UPA VENEZA,CASCAVEL,10a RS CASCAVEL,MACRORREGIAO OESTE,15,20,2,20,1,10
UPA VENEZA,CASCAVEL,10a RS CASCAVEL,MACRORREGIAO OESTE,16,14,2,14,1,3
UPA VENEZA,CASCAVEL,10a RS CASCAVEL,MACRORREGIAO OESTE,17,13,3,13,1,2
UPA VENEZA,NOVA AURORA,10a RS CASCAVEL,MACRORREGIAO OESTE,17,1,0,1,0,1
UPA VENEZA,CASCAVEL,10a RS CASCAVEL,MACRORREGIAO OESTE,18,14,0,14,1,4
UPA VENEZA,CASCAVEL,10a RS CASCAVEL,MACRORREGIAO OESTE,19,16,0,16,1,8
UPA VENEZA,CASCAVEL,10a RS CASCAVEL,MACRORREGIAO OESTE,20,20,1,20,0,7
UPA VENEZA,CASCAVEL,10a RS CASCAVEL,MACRORREGIAO OESTE,21,24,1,24,0,13
UPA VENEZA,CASCAVEL,10a RS CASCAVEL,MACRORREGIAO OESTE,22,19,0,19,0,13
UPA VENEZA,NOVA AURORA,10a RS CASCAVEL,MACRORREGIAO OESTE,22,1,0,1,0,1
UPA VENEZA,CASCAVEL,10a RS CASCAVEL,MACRORREGIAO OESTE,23,22,3,22,3,13
UPA VENEZA,CASCAVEL,10a RS CASCAVEL,MACRORREGIAO OESTE,24,14,0,14,0,9
UPA VENEZA,CASCAVEL,10a RS CASCAVEL,MACRORREGIAO OESTE,25,14,0,14,0,11
UPA VENEZA,CASCAVEL,10a RS CASCAVEL,MACRORREGIAO OESTE,26,3,3,3,0,0
UPA VENEZA,CASCAVEL,10a RS CASCAVEL,MACRORREGIAO OESTE,27,4,0,4,0,3
UPA VENEZA,NOVA AURORA,10a RS CASCAVEL,MACRORREGIAO OESTE,27,1,0,1,0,1
UPA VENEZA,CASCAVEL,10a RS CASCAVEL,MACRORREGIAO OESTE,28,10,0,10,0,4
UPA VENEZA,CASCAVEL,10a RS CASCAVEL,MACRORREGIAO OESTE,29,10,0,10,0,4
UPA VENEZA,CASCAVEL,10a RS CASCAVEL,MACRORREGIAO OESTE,30,8,1,7,0,2
UPA VENEZA,CASCAVEL,10a RS CASCAVEL,MACRORREGIAO OESTE,31,5,2,5,0,0
UPA VENEZA,CASCAVEL,10a RS CASCAVEL,MACRORREGIAO OESTE,32,14,1,14,0,8
UPA VENEZA,CASCAVEL,10a RS CASCAVEL,MACRORREGIAO OESTE,33,11,0,10,0,4
UPA VENEZA,CASCAVEL,10a RS CASCAVEL,MACRORREGIAO OESTE,34,7,0,7,0,5
UPA VENEZA,CASCAVEL,10a RS CASCAVEL,MACRORREGIAO OESTE,35,9,1,9,1,7
UPA VENEZA,CASCAVEL,10a RS CASCAVEL,MACRORREGIAO OESTE,36,5,1,5,1,2
UPA VENEZA,CASCAVEL,10a RS CASCAVEL,MACRORREGIAO OESTE,37,6,0,3,0,1
UPA VENEZA,CASCAVEL,10a RS CASCAVEL,MACRORREGIAO OESTE,38,4,0,0,0,0
UPA VENEZA,CASCAVEL,10a RS CASCAVEL,MACRORREGIAO OESTE,39,3,0,0,0,0
CENTER CLINICAS,CAMPO MOURAO,11a RS CAMPO MOURAO,MACRORREGIONAL NOROESTE,26,1,0,0,1,0
HOSPITAL MUNICIPAL ARNALDO CONEGLIAN,CAMPO MOURAO,11a RS CAMPO MOURAO,MACRORREGIONAL NOROESTE,17,1,0,1,0,1
HOSPITAL MUNICIPAL ARNALDO CONEGLIAN,CAMPO MOURAO,11a RS CAMPO MOURAO,MACRORREGIONAL NOROESTE,18,1,1,1,0,1
HOSPITAL MUNICIPAL ARNALDO CONEGLIAN,ENGENHEIRO BELTRAO,11a RS CAMPO MOURAO,MACRORREGIONAL NOROESTE,18,1,0,1,0,0
HOSPITAL MUNICIPAL ARNALDO CONEGLIAN,CAMPO MOURAO,11a RS CAMPO MOURAO,MACRORREGIONAL NOROESTE,19,1,0,1,0,1
HOSPITAL MUNICIPAL ARNALDO CONEGLIAN,CAMPO MOURAO,11a RS CAMPO MOURAO,MACRORREGIONAL NOROESTE,26,1,0,1,0,1
HOSPITAL MUNICIPAL ARNALDO CONEGLIAN,CAMPO MOURAO,11a RS CAMPO MOURAO,MACRORREGIONAL NOROESTE,27,1,0,1,0,0
HOSPITAL MUNICIPAL ARNALDO CONEGLIAN,CAMPO MOURAO,11a RS CAMPO MOURAO,MACRORREGIONAL NOROESTE,28,1,0,1,0,0
HOSPITAL MUNICIPAL ARNALDO CONEGLIAN,ENGENHEIRO BELTRAO,11a RS CAMPO MOURAO,MACRORREGIONAL NOROESTE,28,1,0,1,0,0
HOSPITAL MUNICIPAL ARNALDO CONEGLIAN,ENGENHEIRO BELTRAO,11a RS CAMPO MOURAO,MACRORREGIONAL NOROESTE,29,1,0,1,0,0
HOSPITAL MUNICIPAL ARNALDO CONEGLIAN,CAMPO MOURAO,11a RS CAMPO MOURAO,MACRORREGIONAL NOROESTE,30,1,0,1,0,0
HOSPITAL MUNICIPAL ARNALDO CONEGLIAN,ENGENHEIRO BELTRAO,11a RS CAMPO MOURAO,MACRORREGIONAL NOROESTE,30,1,0,1,0,1
HOSPITAL MUNICIPAL DR VALDOMIRO PERES,TERRA BOA,11a RS CAMPO MOURAO,MACRORREGIONAL NOROESTE,3,2,0,2,0,0
HOSPITAL MUNICIPAL DR VALDOMIRO PERES,TERRA BOA,11a RS CAMPO MOURAO,MACRORREGIONAL NOROESTE,16,3,0,3,0,0
HOSPITAL MUNICIPAL DR VALDOMIRO PERES,TERRA BOA,11a RS CAMPO MOURAO,MACRORREGIONAL NOROESTE,19,1,0,1,0,1
HOSPITAL MUNICIPAL DR VALDOMIRO PERES,TERRA BOA,11a RS CAMPO MOURAO,MACRORREGIONAL NOROESTE,20,1,0,1,0,1
HOSPITAL MUNICIPAL DR VALDOMIRO PERES,TERRA BOA,11a RS CAMPO MOURAO,MACRORREGIONAL NOROESTE,22,4,0,4,0,4
HOSPITAL MUNICIPAL DR VALDOMIRO PERES,TERRA BOA,11a RS CAMPO MOURAO,MACRORREGIONAL NOROESTE,23,8,0,8,0,3
HOSPITAL MUNICIPAL DR VALDOMIRO PERES,TERRA BOA,11a RS CAMPO MOURAO,MACRORREGIONAL NOROESTE,26,1,0,1,0,0
HOSPITAL MUNICIPAL DR VALDOMIRO PERES,TERRA BOA,11a RS CAMPO MOURAO,MACRORREGIONAL NOROESTE,28,2,1,2,0,2
HOSPITAL MUNICIPAL DR VALDOMIRO PERES,TERRA BOA,11a RS CAMPO MOURAO,MACRORREGIONAL NOROESTE,29,1,0,1,0,1
HOSPITAL MUNICIPAL JALDEMO GOMES DUARTE ALTAMIRA DO PARANA,ALTAMIRA DO PARANA,11a RS CAMPO MOURAO,MACRORREGIONAL NOROESTE,14,1,0,1,0,1
HOSPITAL MUNICIPAL JALDEMO GOMES DUARTE ALTAMIRA DO PARANA,ALTAMIRA DO PARANA,11a RS CAMPO MOURAO,MACRORREGIONAL NOROESTE,36,1,0,1,0,0
HOSPITAL PUBLICO MUNICIPAL SANTA ROSA DE LIMA,IRETAMA,11a RS CAMPO MOURAO,MACRORREGIONAL NOROESTE,20,1,0,1,0,1
HOSPITAL SANTA CASA DE MISERICORDIA,CAMPO MOURAO,11a RS CAMPO MOURAO,MACRORREGIONAL NOROESTE,5,1,0,1,0,1
HOSPITAL SANTA CASA DE MISERICORDIA,CAMPO MOURAO,11a RS CAMPO MOURAO,MACRORREGIONAL NOROESTE,6,1,0,1,1,0
HOSPITAL SANTA CASA DE MISERICORDIA,CAMPO MOURAO,11a RS CAMPO MOURAO,MACRORREGIONAL NOROESTE,7,2,0,2,0,1
HOSPITAL SANTA CASA DE MISERICORDIA,CAMPO MOURAO,11a RS CAMPO MOURAO,MACRORREGIONAL NOROESTE,8,1,0,1,1,0
HOSPITAL SANTA CASA DE MISERICORDIA,CAMPO MOURAO,11a RS CAMPO MOURAO,MACRORREGIONAL NOROESTE,9,1,0,1,0,1
HOSPITAL SANTA CASA DE MISERICORDIA,CAMPO MOURAO,11a RS CAMPO MOURAO,MACRORREGIONAL NOROESTE,10,3,1,3,1,2
HOSPITAL SANTA CASA DE MISERICORDIA,CAMPO MOURAO,11a RS CAMPO MOURAO,MACRORREGIONAL NOROESTE,11,2,0,2,0,1
HOSPITAL SANTA CASA DE MISERICORDIA,CAMPO MOURAO,11a RS CAMPO MOURAO,MACRORREGIONAL NOROESTE,14,3,0,3,1,2
HOSPITAL SANTA CASA DE MISERICORDIA,CAMPO MOURAO,11a RS CAMPO MOURAO,MACRORREGIONAL NOROESTE,15,1,0,1,1,1
HOSPITAL SANTA CASA DE MISERICORDIA,CAMPO MOURAO,11a RS CAMPO MOURAO,MACRORREGIONAL NOROESTE,17,3,0,3,0,2
HOSPITAL SANTA CASA DE MISERICORDIA,CAMPO MOURAO,11a RS CAMPO MOURAO,MACRORREGIONAL NOROESTE,18,8,1,7,3,5
HOSPITAL SANTA CASA DE MISERICORDIA,CAMPO MOURAO,11a RS CAMPO MOURAO,MACRORREGIONAL NOROESTE,19,6,0,6,3,4
HOSPITAL SANTA CASA DE MISERICORDIA,CAMPO MOURAO,11a RS CAMPO MOURAO,MACRORREGIONAL NOROESTE,20,3,0,3,1,1
HOSPITAL SANTA CASA DE MISERICORDIA,PEABIRU,11a RS CAMPO MOURAO,MACRORREGIONAL NOROESTE,20,1,0,1,0,1
HOSPITAL SANTA CASA DE MISERICORDIA,CAMPO MOURAO,11a RS CAMPO MOURAO,MACRORREGIONAL NOROESTE,21,1,0,1,1,1
HOSPITAL SANTA CASA DE MISERICORDIA,CAMPO MOURAO,11a RS CAMPO MOURAO,MACRORREGIONAL NOROESTE,22,2,0,2,0,2
HOSPITAL SANTA CASA DE MISERICORDIA,CAMPO MOURAO,11a RS CAMPO MOURAO,MACRORREGIONAL NOROESTE,24,2,0,2,0,0
HOSPITAL SANTA CASA DE MISERICORDIA,CAMPO MOURAO,11a RS CAMPO MOURAO,MACRORREGIONAL NOROESTE,25,2,0,2,0,2
HOSPITAL SANTA CASA DE MISERICORDIA,CAMPO MOURAO,11a RS CAMPO MOURAO,MACRORREGIONAL NOROESTE,26,4,0,4,3,3
HOSPITAL SANTA CASA DE MISERICORDIA,CAMPO MOURAO,11a RS CAMPO MOURAO,MACRORREGIONAL NOROESTE,27,4,0,4,0,1
HOSPITAL SANTA CASA DE MISERICORDIA,CAMPO MOURAO,11a RS CAMPO MOURAO,MACRORREGIONAL NOROESTE,28,2,0,2,0,1
HOSPITAL SANTA CASA DE MISERICORDIA,CAMPO MOURAO,11a RS CAMPO MOURAO,MACRORREGIONAL NOROESTE,31,2,0,2,1,2
HOSPITAL SANTA CASA DE MISERICORDIA,CAMPO MOURAO,11a RS CAMPO MOURAO,MACRORREGIONAL NOROESTE,32,1,0,1,0,0
HOSPITAL SANTA CASA DE MISERICORDIA,CAMPO MOURAO,11a RS CAMPO MOURAO,MACRORREGIONAL NOROESTE,33,2,0,2,2,1
HOSPITAL SANTA CASA DE MISERICORDIA,CAMPO MOURAO,11a RS CAMPO MOURAO,MACRORREGIONAL NOROESTE,37,1,0,1,0,0
HOSPITAL SANTA CASA DE MISERICORDIA,CAMPO MOURAO,11a RS CAMPO MOURAO,MACRORREGIONAL NOROESTE,38,1,0,0,1,0
PRONTO ATENDIMENTO LAR PARANA,CAMPO MOURAO,11a RS CAMPO MOURAO,MACRORREGIONAL NOROESTE,21,1,0,1,0,0
SANTA CASA DE MISERICORDIA DE GOIOERE,GOIOERE,11a RS CAMPO MOURAO,MACRORREGIONAL NOROESTE,4,1,0,1,1,1
SANTA CASA DE MISERICORDIA DE GOIOERE,GOIOERE,11a RS CAMPO MOURAO,MACRORREGIONAL NOROESTE,10,3,1,3,3,0
SANTA CASA DE MISERICORDIA DE GOIOERE,GOIOERE,11a RS CAMPO MOURAO,MACRORREGIONAL NOROESTE,12,1,0,1,1,0
SANTA CASA DE MISERICORDIA DE GOIOERE,GOIOERE,11a RS CAMPO MOURAO,MACRORREGIONAL NOROESTE,16,4,0,4,2,1
SANTA CASA DE MISERICORDIA DE GOIOERE,GOIOERE,11a RS CAMPO MOURAO,MACRORREGIONAL NOROESTE,20,3,0,3,2,0
SANTA CASA DE MISERICORDIA DE GOIOERE,GOIOERE,11a RS CAMPO MOURAO,MACRORREGIONAL NOROESTE,22,1,0,1,1,0
SANTA CASA DE MISERICORDIA DE GOIOERE,GOIOERE,11a RS CAMPO MOURAO,MACRORREGIONAL NOROESTE,23,1,0,1,0,1
SANTA CASA DE MISERICORDIA DE GOIOERE,GOIOERE,11a RS CAMPO MOURAO,MACRORREGIONAL NOROESTE,27,1,0,1,1,0
SANTA CASA DE MISERICORDIA DE GOIOERE,GOIOERE,11a RS CAMPO MOURAO,MACRORREGIONAL NOROESTE,29,1,0,1,1,0
SANTA CASA DE MISERICORDIA DE GOIOERE,GOIOERE,11a RS CAMPO MOURAO,MACRORREGIONAL NOROESTE,30,1,0,1,1,1
SANTA CASA DE MISERICORDIA DE GOIOERE,GOIOERE,11a RS CAMPO MOURAO,MACRORREGIONAL NOROESTE,32,1,0,1,1,0
SANTA CASA DE MISERICORDIA DE GOIOERE,GOIOERE,11a RS CAMPO MOURAO,MACRORREGIONAL NOROESTE,37,1,0,1,1,0
SANTA CASA SAO VICENTE DE PAULO DE TERRA BOA,TERRA BOA,11a RS CAMPO MOURAO,MACRORREGIONAL NOROESTE,1,2,0,2,0,0
SANTA CASA SAO VICENTE DE PAULO DE TERRA BOA,TERRA BOA,11a RS CAMPO MOURAO,MACRORREGIONAL NOROESTE,2,2,0,2,0,0
SANTA CASA SAO VICENTE DE PAULO DE TERRA BOA,TERRA BOA,11a RS CAMPO MOURAO,MACRORREGIONAL NOROESTE,3,1,0,1,0,1
SANTA CASA SAO VICENTE DE PAULO DE TERRA BOA,TERRA BOA,11a RS CAMPO MOURAO,MACRORREGIONAL NOROESTE,7,1,0,1,0,0
SANTA CASA SAO VICENTE DE PAULO DE TERRA BOA,TERRA BOA,11a RS CAMPO MOURAO,MACRORREGIONAL NOROESTE,9,1,0,1,0,0
SANTA CASA SAO VICENTE DE PAULO DE TERRA BOA,TERRA BOA,11a RS CAMPO MOURAO,MACRORREGIONAL NOROESTE,13,1,0,1,0,1
SANTA CASA SAO VICENTE DE PAULO DE TERRA BOA,TERRA BOA,11a RS CAMPO MOURAO,MACRORREGIONAL NOROESTE,15,1,0,1,0,0
SANTA CASA SAO VICENTE DE PAULO DE TERRA BOA,TERRA BOA,11a RS CAMPO MOURAO,MACRORREGIONAL NOROESTE,18,1,0,1,0,1
SANTA CASA SAO VICENTE DE PAULO DE TERRA BOA,TERRA BOA,11a RS CAMPO MOURAO,MACRORREGIONAL NOROESTE,20,2,0,2,0,2
SANTA CASA SAO VICENTE DE PAULO DE TERRA BOA,TERRA BOA,11a RS CAMPO MOURAO,MACRORREGIONAL NOROESTE,22,2,0,2,0,1
SANTA CASA SAO VICENTE DE PAULO DE TERRA BOA,TERRA BOA,11a RS CAMPO MOURAO,MACRORREGIONAL NOROESTE,23,1,0,1,0,1
SANTA CASA SAO VICENTE DE PAULO DE TERRA BOA,TERRA BOA,11a RS CAMPO MOURAO,MACRORREGIONAL NOROESTE,27,1,0,1,0,0
SANTA CASA SAO VICENTE DE PAULO DE TERRA BOA,TERRA BOA,11a RS CAMPO MOURAO,MACRORREGIONAL NOROESTE,28,1,0,1,0,0
SANTA CASA SAO VICENTE DE PAULO DE TERRA BOA,TERRA BOA,11a RS CAMPO MOURAO,MACRORREGIONAL NOROESTE,31,1,0,1,0,0
UNIDADE DE PRONTO ATENDIMENTO,PEABIRU,11a RS CAMPO MOURAO,MACRORREGIONAL NOROESTE,9,1,0,1,0,0
UNIDADE DE PRONTO ATENDIMENTO,PEABIRU,11a RS CAMPO MOURAO,MACRORREGIONAL NOROESTE,10,1,0,1,0,0
UNIDADE DE PRONTO ATENDIMENTO,PEABIRU,11a RS CAMPO MOURAO,MACRORREGIONAL NOROESTE,11,1,0,1,0,0
UNIDADE DE PRONTO ATENDIMENTO,PEABIRU,11a RS CAMPO MOURAO,MACRORREGIONAL NOROESTE,13,2,0,2,0,1
UNIDADE DE PRONTO ATENDIMENTO,CAMPO MOURAO,11a RS CAMPO MOURAO,MACRORREGIONAL NOROESTE,16,1,0,1,0,0
UNIDADE DE PRONTO ATENDIMENTO,PEABIRU,11a RS CAMPO MOURAO,MACRORREGIONAL NOROESTE,19,1,0,1,0,1
UNIDADE DE PRONTO ATENDIMENTO,PEABIRU,11a RS CAMPO MOURAO,MACRORREGIONAL NOROESTE,21,3,0,3,0,2
UNIDADE DE PRONTO ATENDIMENTO,CAMPO MOURAO,11a RS CAMPO MOURAO,MACRORREGIONAL NOROESTE,22,1,0,1,0,1
UNIDADE DE PRONTO ATENDIMENTO,PEABIRU,11a RS CAMPO MOURAO,MACRORREGIONAL NOROESTE,22,3,0,3,0,3
UNIDADE DE PRONTO ATENDIMENTO,CAMPO MOURAO,11a RS CAMPO MOURAO,MACRORREGIONAL NOROESTE,23,1,0,1,0,1
UNIDADE DE PRONTO ATENDIMENTO,CAMPO MOURAO,11a RS CAMPO MOURAO,MACRORREGIONAL NOROESTE,24,3,0,3,0,3
UNIDADE DE PRONTO ATENDIMENTO,PEABIRU,11a RS CAMPO MOURAO,MACRORREGIONAL NOROESTE,24,3,0,3,0,3
UNIDADE DE PRONTO ATENDIMENTO,CAMPO MOURAO,11a RS CAMPO MOURAO,MACRORREGIONAL NOROESTE,25,1,0,1,1,1
UNIDADE DE PRONTO ATENDIMENTO,PEABIRU,11a RS CAMPO MOURAO,MACRORREGIONAL NOROESTE,25,2,0,2,0,2
UNIDADE DE PRONTO ATENDIMENTO,PEABIRU,11a RS CAMPO MOURAO,MACRORREGIONAL NOROESTE,26,3,0,3,0,2
UNIDADE DE PRONTO ATENDIMENTO,PEABIRU,11a RS CAMPO MOURAO,MACRORREGIONAL NOROESTE,28,1,0,1,0,1
UNIDADE DE PRONTO ATENDIMENTO,PEABIRU,11a RS CAMPO MOURAO,MACRORREGIONAL NOROESTE,31,2,0,2,0,1
UNIDADE DE PRONTO ATENDIMENTO,PEABIRU,11a RS CAMPO MOURAO,MACRORREGIONAL NOROESTE,35,2,0,2,0,0
UNIDADE DE PRONTO ATENDIMENTO,CAMPO MOURAO,11a RS CAMPO MOURAO,MACRORREGIONAL NOROESTE,38,1,0,0,0,0
UNIDADE DE PRONTO ATENDIMENTO,PEABIRU,11a RS CAMPO MOURAO,MACRORREGIONAL NOROESTE,38,1,0,0,0,0
UNIDADE DE PRONTO ATENDIMENTO UPA DE CAMPO MOURAO,CAMPO MOURAO,11a RS CAMPO MOURAO,MACRORREGIONAL NOROESTE,6,1,0,1,0,1
UNIDADE DE PRONTO ATENDIMENTO UPA DE CAMPO MOURAO,CAMPO MOURAO,11a RS CAMPO MOURAO,MACRORREGIONAL NOROESTE,10,1,0,1,0,1
UNIDADE DE PRONTO ATENDIMENTO UPA DE CAMPO MOURAO,CAMPO MOURAO,11a RS CAMPO MOURAO,MACRORREGIONAL NOROESTE,15,5,0,5,0,3
UNIDADE DE PRONTO ATENDIMENTO UPA DE CAMPO MOURAO,CAMPO MOURAO,11a RS CAMPO MOURAO,MACRORREGIONAL NOROESTE,16,1,0,1,0,0
UNIDADE DE PRONTO ATENDIMENTO UPA DE CAMPO MOURAO,CAMPO MOURAO,11a RS CAMPO MOURAO,MACRORREGIONAL NOROESTE,18,1,0,1,0,0
UNIDADE DE PRONTO ATENDIMENTO UPA DE CAMPO MOURAO,CAMPO MOURAO,11a RS CAMPO MOURAO,MACRORREGIONAL NOROESTE,20,1,0,1,0,1
UNIDADE DE PRONTO ATENDIMENTO UPA DE CAMPO MOURAO,CAMPO MOURAO,11a RS CAMPO MOURAO,MACRORREGIONAL NOROESTE,23,1,0,1,0,0
UNIDADE DE PRONTO ATENDIMENTO UPA DE CAMPO MOURAO,CAMPO MOURAO,11a RS CAMPO MOURAO,MACRORREGIONAL NOROESTE,25,1,0,0,0,0
UNIDADE DE PRONTO ATENDIMENTO UPA DE CAMPO MOURAO,CAMPO MOURAO,11a RS CAMPO MOURAO,MACRORREGIONAL NOROESTE,27,1,0,1,0,1
UNIDADE DE PRONTO ATENDIMENTO UPA DE CAMPO MOURAO,CAMPO MOURAO,11a RS CAMPO MOURAO,MACRORREGIONAL NOROESTE,37,1,0,1,0,1
UNIMED REGIONAL DE CAMPO MOURAO,CAMPO MOURAO,11a RS CAMPO MOURAO,MACRORREGIONAL NOROESTE,2,1,0,1,0,1
UNIMED REGIONAL DE CAMPO MOURAO,CAMPO MOURAO,11a RS CAMPO MOURAO,MACRORREGIONAL NOROESTE,8,1,0,1,0,1
UNIMED REGIONAL DE CAMPO MOURAO,CAMPO MOURAO,11a RS CAMPO MOURAO,MACRORREGIONAL NOROESTE,9,2,0,2,0,1
UNIMED REGIONAL DE CAMPO MOURAO,CAMPO MOURAO,11a RS CAMPO MOURAO,MACRORREGIONAL NOROESTE,20,1,0,1,0,0
UNIMED REGIONAL DE CAMPO MOURAO,CAMPO MOURAO,11a RS CAMPO MOURAO,MACRORREGIONAL NOROESTE,21,2,0,2,1,1
UNIMED REGIONAL DE CAMPO MOURAO,CAMPO MOURAO,11a RS CAMPO MOURAO,MACRORREGIONAL NOROESTE,23,2,0,2,0,2
UNIMED REGIONAL DE CAMPO MOURAO,CAMPO MOURAO,11a RS CAMPO MOURAO,MACRORREGIONAL NOROESTE,24,4,0,4,0,4
UNIMED REGIONAL DE CAMPO MOURAO,CAMPO MOURAO,11a RS CAMPO MOURAO,MACRORREGIONAL NOROESTE,25,1,0,0,0,0
UNIMED REGIONAL DE CAMPO MOURAO,CAMPO MOURAO,11a RS CAMPO MOURAO,MACRORREGIONAL NOROESTE,26,1,0,1,0,1
UNIMED REGIONAL DE CAMPO MOURAO,CAMPO MOURAO,11a RS CAMPO MOURAO,MACRORREGIONAL NOROESTE,27,1,0,1,0,0
UNIMED REGIONAL DE CAMPO MOURAO,CAMPO MOURAO,11a RS CAMPO MOURAO,MACRORREGIONAL NOROESTE,28,1,0,1,0,1
UNIMED REGIONAL DE CAMPO MOURAO,CAMPO MOURAO,11a RS CAMPO MOURAO,MACRORREGIONAL NOROESTE,31,1,0,1,0,1
UNIMED REGIONAL DE CAMPO MOURAO,CAMPO MOURAO,11a RS CAMPO MOURAO,MACRORREGIONAL NOROESTE,36,1,0,1,0,1
UNIMED REGIONAL DE CAMPO MOURAO,CAMPO MOURAO,11a RS CAMPO MOURAO,MACRORREGIONAL NOROESTE,38,1,0,0,0,0
ASSOCIACAO BENEFICENTE SAO FRANCISCO DE ASSIS,UMUARAMA,12a RS UMUARAMA,MACRORREGIONAL NOROESTE,5,1,0,0,0,0
ASSOCIACAO BENEFICENTE SAO FRANCISCO DE ASSIS,UMUARAMA,12a RS UMUARAMA,MACRORREGIONAL NOROESTE,6,1,0,0,1,1
ASSOCIACAO BENEFICENTE SAO FRANCISCO DE ASSIS,UMUARAMA,12a RS UMUARAMA,MACRORREGIONAL NOROESTE,19,1,1,1,1,0
ASSOCIACAO BENEFICENTE SAO FRANCISCO DE ASSIS,UMUARAMA,12a RS UMUARAMA,MACRORREGIONAL NOROESTE,20,2,0,0,0,1
HOSPITAL MUNICIPAL AGNALDO GOUVEIA,SAO JORGE DO PATROCINIO,12a RS UMUARAMA,MACRORREGIONAL NOROESTE,4,2,0,2,0,0
HOSPITAL MUNICIPAL AGNALDO GOUVEIA,SAO JORGE DO PATROCINIO,12a RS UMUARAMA,MACRORREGIONAL NOROESTE,5,1,0,1,0,0
HOSPITAL MUNICIPAL AGNALDO GOUVEIA,SAO JORGE DO PATROCINIO,12a RS UMUARAMA,MACRORREGIONAL NOROESTE,7,3,0,3,0,0
HOSPITAL MUNICIPAL AGNALDO GOUVEIA,SAO JORGE DO PATROCINIO,12a RS UMUARAMA,MACRORREGIONAL NOROESTE,9,2,1,2,0,0
HOSPITAL MUNICIPAL AGNALDO GOUVEIA,SAO JORGE DO PATROCINIO,12a RS UMUARAMA,MACRORREGIONAL NOROESTE,10,1,0,1,0,1
HOSPITAL MUNICIPAL AGNALDO GOUVEIA,SAO JORGE DO PATROCINIO,12a RS UMUARAMA,MACRORREGIONAL NOROESTE,12,1,0,1,0,0
HOSPITAL MUNICIPAL AGNALDO GOUVEIA,SAO JORGE DO PATROCINIO,12a RS UMUARAMA,MACRORREGIONAL NOROESTE,13,1,0,1,0,1
HOSPITAL MUNICIPAL AGNALDO GOUVEIA,SAO JORGE DO PATROCINIO,12a RS UMUARAMA,MACRORREGIONAL NOROESTE,15,2,0,2,0,1
HOSPITAL MUNICIPAL AGNALDO GOUVEIA,SAO JORGE DO PATROCINIO,12a RS UMUARAMA,MACRORREGIONAL NOROESTE,16,3,0,3,0,0
HOSPITAL MUNICIPAL AGNALDO GOUVEIA,SAO JORGE DO PATROCINIO,12a RS UMUARAMA,MACRORREGIONAL NOROESTE,17,1,0,1,0,0
HOSPITAL MUNICIPAL AGNALDO GOUVEIA,SAO JORGE DO PATROCINIO,12a RS UMUARAMA,MACRORREGIONAL NOROESTE,18,1,0,1,0,0
HOSPITAL MUNICIPAL AGNALDO GOUVEIA,SAO JORGE DO PATROCINIO,12a RS UMUARAMA,MACRORREGIONAL NOROESTE,19,3,0,3,0,3
HOSPITAL MUNICIPAL AGNALDO GOUVEIA,SAO JORGE DO PATROCINIO,12a RS UMUARAMA,MACRORREGIONAL NOROESTE,20,3,0,3,0,1
HOSPITAL MUNICIPAL AGNALDO GOUVEIA,SAO JORGE DO PATROCINIO,12a RS UMUARAMA,MACRORREGIONAL NOROESTE,21,4,0,4,0,2
HOSPITAL MUNICIPAL AGNALDO GOUVEIA,SAO JORGE DO PATROCINIO,12a RS UMUARAMA,MACRORREGIONAL NOROESTE,22,3,0,3,0,1
HOSPITAL MUNICIPAL AGNALDO GOUVEIA,SAO JORGE DO PATROCINIO,12a RS UMUARAMA,MACRORREGIONAL NOROESTE,23,5,0,5,0,3
HOSPITAL MUNICIPAL AGNALDO GOUVEIA,SAO JORGE DO PATROCINIO,12a RS UMUARAMA,MACRORREGIONAL NOROESTE,24,3,0,3,0,1
HOSPITAL MUNICIPAL AGNALDO GOUVEIA,SAO JORGE DO PATROCINIO,12a RS UMUARAMA,MACRORREGIONAL NOROESTE,25,5,0,5,0,3
HOSPITAL MUNICIPAL AGNALDO GOUVEIA,SAO JORGE DO PATROCINIO,12a RS UMUARAMA,MACRORREGIONAL NOROESTE,26,6,0,5,0,3
HOSPITAL MUNICIPAL AGNALDO GOUVEIA,SAO JORGE DO PATROCINIO,12a RS UMUARAMA,MACRORREGIONAL NOROESTE,27,5,0,5,0,2
HOSPITAL MUNICIPAL AGNALDO GOUVEIA,SAO JORGE DO PATROCINIO,12a RS UMUARAMA,MACRORREGIONAL NOROESTE,28,5,0,5,0,1
HOSPITAL MUNICIPAL AGNALDO GOUVEIA,SAO JORGE DO PATROCINIO,12a RS UMUARAMA,MACRORREGIONAL NOROESTE,29,1,0,1,0,1
HOSPITAL MUNICIPAL AGNALDO GOUVEIA,SAO JORGE DO PATROCINIO,12a RS UMUARAMA,MACRORREGIONAL NOROESTE,30,2,0,2,0,1
HOSPITAL MUNICIPAL AGNALDO GOUVEIA,SAO JORGE DO PATROCINIO,12a RS UMUARAMA,MACRORREGIONAL NOROESTE,32,4,0,4,0,2
HOSPITAL MUNICIPAL AGNALDO GOUVEIA,SAO JORGE DO PATROCINIO,12a RS UMUARAMA,MACRORREGIONAL NOROESTE,33,2,0,2,0,1
HOSPITAL MUNICIPAL AGNALDO GOUVEIA,SAO JORGE DO PATROCINIO,12a RS UMUARAMA,MACRORREGIONAL NOROESTE,34,2,0,2,0,2
HOSPITAL MUNICIPAL AGNALDO GOUVEIA,SAO JORGE DO PATROCINIO,12a RS UMUARAMA,MACRORREGIONAL NOROESTE,35,2,0,1,0,0
HOSPITAL MUNICIPAL AGNALDO GOUVEIA,SAO JORGE DO PATROCINIO,12a RS UMUARAMA,MACRORREGIONAL NOROESTE,37,1,0,0,0,0
HOSPITAL MUNICIPAL AGNALDO GOUVEIA,SAO JORGE DO PATROCINIO,12a RS UMUARAMA,MACRORREGIONAL NOROESTE,38,1,0,0,0,0
HOSPITAL MUNICIPAL AGNALDO GOUVEIA,SAO JORGE DO PATROCINIO,12a RS UMUARAMA,MACRORREGIONAL NOROESTE,39,1,0,0,0,0
HOSPITAL MUNICIPAL DE ALTONIA,ALTONIA,12a RS UMUARAMA,MACRORREGIONAL NOROESTE,19,1,0,1,0,0
HOSPITAL MUNICIPAL DE CRUZEIRO DO OESTE,CRUZEIRO DO OESTE,12a RS UMUARAMA,MACRORREGIONAL NOROESTE,17,1,0,0,0,0
HOSPITAL MUNICIPAL DE CRUZEIRO DO OESTE,CRUZEIRO DO OESTE,12a RS UMUARAMA,MACRORREGIONAL NOROESTE,22,1,0,1,0,0
HOSPITAL MUNICIPAL DE CRUZEIRO DO OESTE,CRUZEIRO DO OESTE,12a RS UMUARAMA,MACRORREGIONAL NOROESTE,31,1,0,0,0,0
HOSPITAL MUNICIPAL RAUL SERGIO BITENCOURT,PEROLA,12a RS UMUARAMA,MACRORREGIONAL NOROESTE,21,1,0,1,0,0
HOSPITAL MUNICIPAL RAUL SERGIO BITENCOURT,PEROLA,12a RS UMUARAMA,MACRORREGIONAL NOROESTE,22,1,0,1,0,0
INSTITUTO NOSSA SENHORA APARECIDA,UMUARAMA,12a RS UMUARAMA,MACRORREGIONAL NOROESTE,23,1,0,0,0,0
NOROSPAR,UMUARAMA,12a RS UMUARAMA,MACRORREGIONAL NOROESTE,1,3,1,3,0,1
NOROSPAR,UMUARAMA,12a RS UMUARAMA,MACRORREGIONAL NOROESTE,3,2,1,2,2,0
NOROSPAR,UMUARAMA,12a RS UMUARAMA,MACRORREGIONAL NOROESTE,6,3,0,3,1,0
NOROSPAR,UMUARAMA,12a RS UMUARAMA,MACRORREGIONAL NOROESTE,8,2,1,2,2,0
NOROSPAR,UMUARAMA,12a RS UMUARAMA,MACRORREGIONAL NOROESTE,11,1,0,1,0,0
NOROSPAR,UMUARAMA,12a RS UMUARAMA,MACRORREGIONAL NOROESTE,12,1,0,1,0,0
NOROSPAR,UMUARAMA,12a RS UMUARAMA,MACRORREGIONAL NOROESTE,14,4,1,4,1,2
NOROSPAR,UMUARAMA,12a RS UMUARAMA,MACRORREGIONAL NOROESTE,15,3,2,3,1,0
NOROSPAR,UMUARAMA,12a RS UMUARAMA,MACRORREGIONAL NOROESTE,16,2,0,2,1,2
NOROSPAR,UMUARAMA,12a RS UMUARAMA,MACRORREGIONAL NOROESTE,17,1,0,1,0,1
NOROSPAR,UMUARAMA,12a RS UMUARAMA,MACRORREGIONAL NOROESTE,19,5,0,5,0,1
NOROSPAR,UMUARAMA,12a RS UMUARAMA,MACRORREGIONAL NOROESTE,20,3,0,3,3,2
NOROSPAR,UMUARAMA,12a RS UMUARAMA,MACRORREGIONAL NOROESTE,21,3,0,3,0,1
NOROSPAR,UMUARAMA,12a RS UMUARAMA,MACRORREGIONAL NOROESTE,22,2,1,2,1,1
NOROSPAR,UMUARAMA,12a RS UMUARAMA,MACRORREGIONAL NOROESTE,23,4,0,4,3,1
NOROSPAR,UMUARAMA,12a RS UMUARAMA,MACRORREGIONAL NOROESTE,24,7,2,7,2,2
NOROSPAR,UMUARAMA,12a RS UMUARAMA,MACRORREGIONAL NOROESTE,25,5,1,5,2,4
NOROSPAR,UMUARAMA,12a RS UMUARAMA,MACRORREGIONAL NOROESTE,26,4,0,4,2,1
NOROSPAR,UMUARAMA,12a RS UMUARAMA,MACRORREGIONAL NOROESTE,27,3,0,2,1,1
NOROSPAR,UMUARAMA,12a RS UMUARAMA,MACRORREGIONAL NOROESTE,28,2,1,2,2,1
NOROSPAR,UMUARAMA,12a RS UMUARAMA,MACRORREGIONAL NOROESTE,29,1,0,1,0,1
NOROSPAR,UMUARAMA,12a RS UMUARAMA,MACRORREGIONAL NOROESTE,30,3,1,3,1,0
NOROSPAR,UMUARAMA,12a RS UMUARAMA,MACRORREGIONAL NOROESTE,34,2,2,2,2,0
NOROSPAR,UMUARAMA,12a RS UMUARAMA,MACRORREGIONAL NOROESTE,36,5,0,4,1,0
NOROSPAR,UMUARAMA,12a RS UMUARAMA,MACRORREGIONAL NOROESTE,38,1,0,0,1,0
NOROSPAR,UMUARAMA,12a RS UMUARAMA,MACRORREGIONAL NOROESTE,39,1,0,0,1,0
UOPECCAN FILIAL UMUARAMA,UMUARAMA,12a RS UMUARAMA,MACRORREGIONAL NOROESTE,1,1,0,1,1,0
UOPECCAN FILIAL UMUARAMA,UMUARAMA,12a RS UMUARAMA,MACRORREGIONAL NOROESTE,2,1,0,1,0,0
UOPECCAN FILIAL UMUARAMA,UMUARAMA,12a RS UMUARAMA,MACRORREGIONAL NOROESTE,4,1,0,1,0,0
UOPECCAN FILIAL UMUARAMA,UMUARAMA,12a RS UMUARAMA,MACRORREGIONAL NOROESTE,6,2,1,2,1,2
UOPECCAN FILIAL UMUARAMA,UMUARAMA,12a RS UMUARAMA,MACRORREGIONAL NOROESTE,7,2,0,2,0,0
UOPECCAN FILIAL UMUARAMA,UMUARAMA,12a RS UMUARAMA,MACRORREGIONAL NOROESTE,8,1,0,1,1,0
UOPECCAN FILIAL UMUARAMA,UMUARAMA,12a RS UMUARAMA,MACRORREGIONAL NOROESTE,9,1,0,1,1,1
UOPECCAN FILIAL UMUARAMA,UMUARAMA,12a RS UMUARAMA,MACRORREGIONAL NOROESTE,14,2,0,2,0,0
UOPECCAN FILIAL UMUARAMA,ALTONIA,12a RS UMUARAMA,MACRORREGIONAL NOROESTE,16,1,1,1,1,0
UOPECCAN FILIAL UMUARAMA,UMUARAMA,12a RS UMUARAMA,MACRORREGIONAL NOROESTE,16,2,0,2,1,0
UOPECCAN FILIAL UMUARAMA,UMUARAMA,12a RS UMUARAMA,MACRORREGIONAL NOROESTE,17,4,0,4,1,1
UOPECCAN FILIAL UMUARAMA,UMUARAMA,12a RS UMUARAMA,MACRORREGIONAL NOROESTE,18,4,0,4,1,2
UOPECCAN FILIAL UMUARAMA,UMUARAMA,12a RS UMUARAMA,MACRORREGIONAL NOROESTE,19,2,1,2,0,1
UOPECCAN FILIAL UMUARAMA,UMUARAMA,12a RS UMUARAMA,MACRORREGIONAL NOROESTE,20,6,0,6,2,0
UOPECCAN FILIAL UMUARAMA,UMUARAMA,12a RS UMUARAMA,MACRORREGIONAL NOROESTE,21,5,0,5,1,4
UOPECCAN FILIAL UMUARAMA,UMUARAMA,12a RS UMUARAMA,MACRORREGIONAL NOROESTE,22,2,0,2,1,1
UOPECCAN FILIAL UMUARAMA,UMUARAMA,12a RS UMUARAMA,MACRORREGIONAL NOROESTE,23,1,0,1,0,0
UOPECCAN FILIAL UMUARAMA,UMUARAMA,12a RS UMUARAMA,MACRORREGIONAL NOROESTE,24,6,0,6,1,0
UOPECCAN FILIAL UMUARAMA,UMUARAMA,12a RS UMUARAMA,MACRORREGIONAL NOROESTE,25,3,0,3,1,1
UOPECCAN FILIAL UMUARAMA,UMUARAMA,12a RS UMUARAMA,MACRORREGIONAL NOROESTE,27,1,0,1,0,1
UOPECCAN FILIAL UMUARAMA,UMUARAMA,12a RS UMUARAMA,MACRORREGIONAL NOROESTE,28,2,0,2,1,0
UOPECCAN FILIAL UMUARAMA,UMUARAMA,12a RS UMUARAMA,MACRORREGIONAL NOROESTE,29,3,0,3,0,1
UOPECCAN FILIAL UMUARAMA,UMUARAMA,12a RS UMUARAMA,MACRORREGIONAL NOROESTE,30,2,0,2,0,0
UOPECCAN FILIAL UMUARAMA,UMUARAMA,12a RS UMUARAMA,MACRORREGIONAL NOROESTE,31,2,0,2,2,0
UOPECCAN FILIAL UMUARAMA,UMUARAMA,12a RS UMUARAMA,MACRORREGIONAL NOROESTE,32,1,0,0,1,0
UOPECCAN FILIAL UMUARAMA,UMUARAMA,12a RS UMUARAMA,MACRORREGIONAL NOROESTE,34,1,0,1,0,0
UOPECCAN FILIAL UMUARAMA,UMUARAMA,12a RS UMUARAMA,MACRORREGIONAL NOROESTE,38,1,0,0,1,0
UOPECCAN FILIAL UMUARAMA,UMUARAMA,12a RS UMUARAMA,MACRORREGIONAL NOROESTE,39,1,0,0,0,0
FUNDHOSPAR FUNDACAO HOSPITALAR DO PARANA,CIANORTE,13a RS CIANORTE,MACRORREGIONAL NOROESTE,1,1,0,1,1,0
FUNDHOSPAR FUNDACAO HOSPITALAR DO PARANA,CIANORTE,13a RS CIANORTE,MACRORREGIONAL NOROESTE,2,2,0,2,1,1
FUNDHOSPAR FUNDACAO HOSPITALAR DO PARANA,CIANORTE,13a RS CIANORTE,MACRORREGIONAL NOROESTE,3,2,0,2,1,0
FUNDHOSPAR FUNDACAO HOSPITALAR DO PARANA,CIANORTE,13a RS CIANORTE,MACRORREGIONAL NOROESTE,5,1,1,1,0,1
FUNDHOSPAR FUNDACAO HOSPITALAR DO PARANA,CIANORTE,13a RS CIANORTE,MACRORREGIONAL NOROESTE,6,1,1,1,1,1
FUNDHOSPAR FUNDACAO HOSPITALAR DO PARANA,CIANORTE,13a RS CIANORTE,MACRORREGIONAL NOROESTE,7,2,1,2,1,1
FUNDHOSPAR FUNDACAO HOSPITALAR DO PARANA,CIANORTE,13a RS CIANORTE,MACRORREGIONAL NOROESTE,8,1,0,1,0,1
FUNDHOSPAR FUNDACAO HOSPITALAR DO PARANA,CIANORTE,13a RS CIANORTE,MACRORREGIONAL NOROESTE,9,3,0,3,2,0
FUNDHOSPAR FUNDACAO HOSPITALAR DO PARANA,CIANORTE,13a RS CIANORTE,MACRORREGIONAL NOROESTE,10,6,0,6,0,1
FUNDHOSPAR FUNDACAO HOSPITALAR DO PARANA,CIANORTE,13a RS CIANORTE,MACRORREGIONAL NOROESTE,11,3,0,3,2,1
FUNDHOSPAR FUNDACAO HOSPITALAR DO PARANA,CIANORTE,13a RS CIANORTE,MACRORREGIONAL NOROESTE,13,2,0,2,1,0
FUNDHOSPAR FUNDACAO HOSPITALAR DO PARANA,CIANORTE,13a RS CIANORTE,MACRORREGIONAL NOROESTE,14,4,2,4,2,2
FUNDHOSPAR FUNDACAO HOSPITALAR DO PARANA,CIANORTE,13a RS CIANORTE,MACRORREGIONAL NOROESTE,15,4,0,4,1,1
FUNDHOSPAR FUNDACAO HOSPITALAR DO PARANA,CIANORTE,13a RS CIANORTE,MACRORREGIONAL NOROESTE,16,3,0,3,0,0
FUNDHOSPAR FUNDACAO HOSPITALAR DO PARANA,CIANORTE,13a RS CIANORTE,MACRORREGIONAL NOROESTE,17,1,1,1,0,1
FUNDHOSPAR FUNDACAO HOSPITALAR DO PARANA,CIANORTE,13a RS CIANORTE,MACRORREGIONAL NOROESTE,18,1,1,1,0,1
FUNDHOSPAR FUNDACAO HOSPITALAR DO PARANA,CIANORTE,13a RS CIANORTE,MACRORREGIONAL NOROESTE,19,3,1,3,0,1
FUNDHOSPAR FUNDACAO HOSPITALAR DO PARANA,CIANORTE,13a RS CIANORTE,MACRORREGIONAL NOROESTE,21,2,0,2,0,1
FUNDHOSPAR FUNDACAO HOSPITALAR DO PARANA,CIANORTE,13a RS CIANORTE,MACRORREGIONAL NOROESTE,23,4,1,4,1,1
FUNDHOSPAR FUNDACAO HOSPITALAR DO PARANA,CIANORTE,13a RS CIANORTE,MACRORREGIONAL NOROESTE,24,1,0,1,0,0
FUNDHOSPAR FUNDACAO HOSPITALAR DO PARANA,CIANORTE,13a RS CIANORTE,MACRORREGIONAL NOROESTE,25,1,1,1,0,1
FUNDHOSPAR FUNDACAO HOSPITALAR DO PARANA,CIANORTE,13a RS CIANORTE,MACRORREGIONAL NOROESTE,26,1,0,1,1,0
FUNDHOSPAR FUNDACAO HOSPITALAR DO PARANA,CIANORTE,13a RS CIANORTE,MACRORREGIONAL NOROESTE,27,1,0,1,0,0
FUNDHOSPAR FUNDACAO HOSPITALAR DO PARANA,CIANORTE,13a RS CIANORTE,MACRORREGIONAL NOROESTE,28,1,0,1,1,0
FUNDHOSPAR FUNDACAO HOSPITALAR DO PARANA,CIANORTE,13a RS CIANORTE,MACRORREGIONAL NOROESTE,30,4,1,3,0,1
FUNDHOSPAR FUNDACAO HOSPITALAR DO PARANA,CIANORTE,13a RS CIANORTE,MACRORREGIONAL NOROESTE,31,2,0,2,1,1
FUNDHOSPAR FUNDACAO HOSPITALAR DO PARANA,CIANORTE,13a RS CIANORTE,MACRORREGIONAL NOROESTE,35,1,0,0,1,0
HOSPITAL MUNICIPAL DOUTOR SHIGUERU VALDEMAR OSAKU,INDIANOPOLIS,13a RS CIANORTE,MACRORREGIONAL NOROESTE,26,1,0,0,0,0
HOSPITAL SANTA MONICA,RONDON,13a RS CIANORTE,MACRORREGIONAL NOROESTE,20,1,0,1,0,1
HOSPITAL SANTA MONICA,RONDON,13a RS CIANORTE,MACRORREGIONAL NOROESTE,21,3,0,3,0,3
HOSPITAL SANTA MONICA,RONDON,13a RS CIANORTE,MACRORREGIONAL NOROESTE,23,3,1,3,0,0
HOSPITAL SANTA MONICA,RONDON,13a RS CIANORTE,MACRORREGIONAL NOROESTE,27,1,0,1,0,1
HOSPITAL SANTA MONICA,RONDON,13a RS CIANORTE,MACRORREGIONAL NOROESTE,28,1,0,1,0,0
HOSPITAL SANTA MONICA,RONDON,13a RS CIANORTE,MACRORREGIONAL NOROESTE,30,1,0,0,0,1
INSTITUTO BOM JESUS,CIANORTE,13a RS CIANORTE,MACRORREGIONAL NOROESTE,1,2,0,2,0,1
INSTITUTO BOM JESUS,CIANORTE,13a RS CIANORTE,MACRORREGIONAL NOROESTE,5,1,0,1,1,1
INSTITUTO BOM JESUS,CIANORTE,13a RS CIANORTE,MACRORREGIONAL NOROESTE,6,2,0,2,0,2
INSTITUTO BOM JESUS,CIANORTE,13a RS CIANORTE,MACRORREGIONAL NOROESTE,7,1,0,1,0,1
INSTITUTO BOM JESUS,CIANORTE,13a RS CIANORTE,MACRORREGIONAL NOROESTE,8,1,0,1,0,0
INSTITUTO BOM JESUS,CIANORTE,13a RS CIANORTE,MACRORREGIONAL NOROESTE,9,6,0,6,0,6
INSTITUTO BOM JESUS,CIANORTE,13a RS CIANORTE,MACRORREGIONAL NOROESTE,11,3,0,3,0,1
INSTITUTO BOM JESUS,CIANORTE,13a RS CIANORTE,MACRORREGIONAL NOROESTE,12,2,0,2,0,2
INSTITUTO BOM JESUS,CIANORTE,13a RS CIANORTE,MACRORREGIONAL NOROESTE,13,1,0,1,0,0
INSTITUTO BOM JESUS,CIANORTE,13a RS CIANORTE,MACRORREGIONAL NOROESTE,16,1,0,1,0,0
INSTITUTO BOM JESUS,CIANORTE,13a RS CIANORTE,MACRORREGIONAL NOROESTE,17,1,0,1,0,0
INSTITUTO BOM JESUS,CIANORTE,13a RS CIANORTE,MACRORREGIONAL NOROESTE,19,2,0,2,0,2
INSTITUTO BOM JESUS,CIANORTE,13a RS CIANORTE,MACRORREGIONAL NOROESTE,20,2,0,2,0,2
INSTITUTO BOM JESUS,CIANORTE,13a RS CIANORTE,MACRORREGIONAL NOROESTE,21,2,0,2,0,1
INSTITUTO BOM JESUS,CIANORTE,13a RS CIANORTE,MACRORREGIONAL NOROESTE,23,2,0,2,1,1
INSTITUTO BOM JESUS,CIANORTE,13a RS CIANORTE,MACRORREGIONAL NOROESTE,25,1,0,1,0,1
INSTITUTO BOM JESUS,CIANORTE,13a RS CIANORTE,MACRORREGIONAL NOROESTE,26,3,0,3,1,1
INSTITUTO BOM JESUS,CIANORTE,13a RS CIANORTE,MACRORREGIONAL NOROESTE,27,3,0,3,0,2
INSTITUTO BOM JESUS,CIANORTE,13a RS CIANORTE,MACRORREGIONAL NOROESTE,28,1,0,1,0,1
INSTITUTO BOM JESUS,CIANORTE,13a RS CIANORTE,MACRORREGIONAL NOROESTE,30,1,0,1,0,1
INSTITUTO BOM JESUS,CIANORTE,13a RS CIANORTE,MACRORREGIONAL NOROESTE,32,6,0,6,0,4
INSTITUTO BOM JESUS,CIANORTE,13a RS CIANORTE,MACRORREGIONAL NOROESTE,33,1,0,1,1,0
INSTITUTO BOM JESUS,CIANORTE,13a RS CIANORTE,MACRORREGIONAL NOROESTE,35,4,0,4,0,2
INSTITUTO BOM JESUS,CIANORTE,13a RS CIANORTE,MACRORREGIONAL NOROESTE,36,2,0,2,0,2
INSTITUTO BOM JESUS,CIANORTE,13a RS CIANORTE,MACRORREGIONAL NOROESTE,37,2,0,2,1,1
INSTITUTO BOM JESUS,CIANORTE,13a RS CIANORTE,MACRORREGIONAL NOROESTE,38,3,0,1,0,0
INSTITUTO BOM JESUS,CIANORTE,13a RS CIANORTE,MACRORREGIONAL NOROESTE,39,1,0,0,1,0
HOSPITAL DE CLINICAS SANTA TEREZA,SANTA ISABEL DO IVAI,14a RS PARANAVAI,MACRORREGIONAL NOROESTE,26,1,0,1,0,0
HOSPITAL MUNICIPAL LEONOR CALEGARI BOVIS,MARILENA,14a RS PARANAVAI,MACRORREGIONAL NOROESTE,10,1,0,1,0,1
HOSPITAL MUNICIPAL LEONOR CALEGARI BOVIS,MARILENA,14a RS PARANAVAI,MACRORREGIONAL NOROESTE,24,2,0,1,0,1
HOSPITAL MUNICIPAL N SRA APARECIDA,SAO JOAO DO CAIUA,14a RS PARANAVAI,MACRORREGIONAL NOROESTE,25,1,0,1,0,1
HOSPITAL MUNICIPAL N SRA APARECIDA,SAO JOAO DO CAIUA,14a RS PARANAVAI,MACRORREGIONAL NOROESTE,27,1,0,1,0,1
HOSPITAL MUNICIPAL N SRA APARECIDA,SAO JOAO DO CAIUA,14a RS PARANAVAI,MACRORREGIONAL NOROESTE,28,1,0,1,0,1
HOSPITAL MUNICIPAL SETEMBRINO ZAGO,QUERENCIA DO NORTE,14a RS PARANAVAI,MACRORREGIONAL NOROESTE,2,2,0,2,0,0
SANTA CASA DE PARANAVAI,PARANAVAI,14a RS PARANAVAI,MACRORREGIONAL NOROESTE,1,1,0,1,1,1
SANTA CASA DE PARANAVAI,PARANAVAI,14a RS PARANAVAI,MACRORREGIONAL NOROESTE,2,1,0,1,1,1
SANTA CASA DE PARANAVAI,PARANAVAI,14a RS PARANAVAI,MACRORREGIONAL NOROESTE,3,1,0,1,1,0
SANTA CASA DE PARANAVAI,PARANAVAI,14a RS PARANAVAI,MACRORREGIONAL NOROESTE,4,1,0,1,1,0
SANTA CASA DE PARANAVAI,PARANAVAI,14a RS PARANAVAI,MACRORREGIONAL NOROESTE,6,2,0,1,1,0
SANTA CASA DE PARANAVAI,PARANAVAI,14a RS PARANAVAI,MACRORREGIONAL NOROESTE,8,1,0,1,1,0
SANTA CASA DE PARANAVAI,PARANAVAI,14a RS PARANAVAI,MACRORREGIONAL NOROESTE,12,2,0,2,2,0
SANTA CASA DE PARANAVAI,PARANAVAI,14a RS PARANAVAI,MACRORREGIONAL NOROESTE,13,1,0,1,1,1
SANTA CASA DE PARANAVAI,PARANAVAI,14a RS PARANAVAI,MACRORREGIONAL NOROESTE,16,2,0,2,2,1
SANTA CASA DE PARANAVAI,PARANAVAI,14a RS PARANAVAI,MACRORREGIONAL NOROESTE,17,1,0,1,1,1
SANTA CASA DE PARANAVAI,PARANAVAI,14a RS PARANAVAI,MACRORREGIONAL NOROESTE,20,1,0,1,1,1
SANTA CASA DE PARANAVAI,PARANAVAI,14a RS PARANAVAI,MACRORREGIONAL NOROESTE,21,3,1,3,3,2
SANTA CASA DE PARANAVAI,PARANAVAI,14a RS PARANAVAI,MACRORREGIONAL NOROESTE,22,2,0,1,2,1
SANTA CASA DE PARANAVAI,PARANAVAI,14a RS PARANAVAI,MACRORREGIONAL NOROESTE,23,2,0,2,2,2
SANTA CASA DE PARANAVAI,PARANAVAI,14a RS PARANAVAI,MACRORREGIONAL NOROESTE,25,2,1,2,2,2
SANTA CASA DE PARANAVAI,PARANAVAI,14a RS PARANAVAI,MACRORREGIONAL NOROESTE,26,2,1,2,2,1
SANTA CASA DE PARANAVAI,PARANAVAI,14a RS PARANAVAI,MACRORREGIONAL NOROESTE,27,2,1,2,2,2
SANTA CASA DE PARANAVAI,PARANAVAI,14a RS PARANAVAI,MACRORREGIONAL NOROESTE,28,1,0,1,1,1
SANTA CASA DE PARANAVAI,PARANAVAI,14a RS PARANAVAI,MACRORREGIONAL NOROESTE,30,1,0,1,1,0
SANTA CASA DE PARANAVAI,PARANAVAI,14a RS PARANAVAI,MACRORREGIONAL NOROESTE,31,1,0,1,1,0
SANTA CASA DE PARANAVAI,PARANAVAI,14a RS PARANAVAI,MACRORREGIONAL NOROESTE,32,1,0,1,1,0
SANTA CASA DE PARANAVAI,PARANAVAI,14a RS PARANAVAI,MACRORREGIONAL NOROESTE,33,2,0,1,2,1
SANTA CASA DE PARANAVAI,PARANAVAI,14a RS PARANAVAI,MACRORREGIONAL NOROESTE,34,1,0,0,1,1
SANTA CASA DE PARANAVAI,PARANAVAI,14a RS PARANAVAI,MACRORREGIONAL NOROESTE,35,1,0,0,1,0
SANTA CASA DE PARANAVAI,PARANAVAI,14a RS PARANAVAI,MACRORREGIONAL NOROESTE,36,2,0,0,2,0
SANTA CASA DE PARANAVAI,PARANAVAI,14a RS PARANAVAI,MACRORREGIONAL NOROESTE,37,1,1,1,1,0
HOSP MUN E REG SAGRADO CORACAO DE JESUS NOVA ESPERANCA,NOVA ESPERANCA,15a RS MARINGA,MACRORREGIONAL NOROESTE,1,2,0,2,0,1
HOSP MUN E REG SAGRADO CORACAO DE JESUS NOVA ESPERANCA,NOVA ESPERANCA,15a RS MARINGA,MACRORREGIONAL NOROESTE,4,2,0,2,0,0
HOSP MUN E REG SAGRADO CORACAO DE JESUS NOVA ESPERANCA,NOVA ESPERANCA,15a RS MARINGA,MACRORREGIONAL NOROESTE,5,2,0,2,0,0
HOSP MUN E REG SAGRADO CORACAO DE JESUS NOVA ESPERANCA,NOVA ESPERANCA,15a RS MARINGA,MACRORREGIONAL NOROESTE,6,2,0,2,0,0
HOSP MUN E REG SAGRADO CORACAO DE JESUS NOVA ESPERANCA,NOVA ESPERANCA,15a RS MARINGA,MACRORREGIONAL NOROESTE,7,3,0,3,0,2
HOSP MUN E REG SAGRADO CORACAO DE JESUS NOVA ESPERANCA,NOVA ESPERANCA,15a RS MARINGA,MACRORREGIONAL NOROESTE,8,2,0,2,0,0
HOSP MUN E REG SAGRADO CORACAO DE JESUS NOVA ESPERANCA,NOVA ESPERANCA,15a RS MARINGA,MACRORREGIONAL NOROESTE,9,1,0,1,0,0
HOSP MUN E REG SAGRADO CORACAO DE JESUS NOVA ESPERANCA,NOVA ESPERANCA,15a RS MARINGA,MACRORREGIONAL NOROESTE,10,1,0,1,0,1
HOSP MUN E REG SAGRADO CORACAO DE JESUS NOVA ESPERANCA,NOVA ESPERANCA,15a RS MARINGA,MACRORREGIONAL NOROESTE,11,4,0,4,0,1
HOSP MUN E REG SAGRADO CORACAO DE JESUS NOVA ESPERANCA,NOVA ESPERANCA,15a RS MARINGA,MACRORREGIONAL NOROESTE,13,4,0,4,0,1
HOSP MUN E REG SAGRADO CORACAO DE JESUS NOVA ESPERANCA,NOVA ESPERANCA,15a RS MARINGA,MACRORREGIONAL NOROESTE,14,5,0,5,0,2
HOSP MUN E REG SAGRADO CORACAO DE JESUS NOVA ESPERANCA,NOVA ESPERANCA,15a RS MARINGA,MACRORREGIONAL NOROESTE,15,3,0,3,0,1
HOSP MUN E REG SAGRADO CORACAO DE JESUS NOVA ESPERANCA,NOVA ESPERANCA,15a RS MARINGA,MACRORREGIONAL NOROESTE,16,3,1,3,0,2
HOSP MUN E REG SAGRADO CORACAO DE JESUS NOVA ESPERANCA,NOVA ESPERANCA,15a RS MARINGA,MACRORREGIONAL NOROESTE,17,5,0,5,0,1
HOSP MUN E REG SAGRADO CORACAO DE JESUS NOVA ESPERANCA,NOVA ESPERANCA,15a RS MARINGA,MACRORREGIONAL NOROESTE,18,3,1,3,0,1
HOSP MUN E REG SAGRADO CORACAO DE JESUS NOVA ESPERANCA,NOVA ESPERANCA,15a RS MARINGA,MACRORREGIONAL NOROESTE,19,9,1,9,1,3
HOSP MUN E REG SAGRADO CORACAO DE JESUS NOVA ESPERANCA,NOVA ESPERANCA,15a RS MARINGA,MACRORREGIONAL NOROESTE,20,3,0,3,0,2
HOSP MUN E REG SAGRADO CORACAO DE JESUS NOVA ESPERANCA,NOVA ESPERANCA,15a RS MARINGA,MACRORREGIONAL NOROESTE,21,8,0,8,0,5
HOSP MUN E REG SAGRADO CORACAO DE JESUS NOVA ESPERANCA,NOVA ESPERANCA,15a RS MARINGA,MACRORREGIONAL NOROESTE,22,9,0,9,0,6
HOSP MUN E REG SAGRADO CORACAO DE JESUS NOVA ESPERANCA,NOVA ESPERANCA,15a RS MARINGA,MACRORREGIONAL NOROESTE,23,4,2,4,0,1
HOSP MUN E REG SAGRADO CORACAO DE JESUS NOVA ESPERANCA,NOVA ESPERANCA,15a RS MARINGA,MACRORREGIONAL NOROESTE,24,6,2,6,0,3
HOSP MUN E REG SAGRADO CORACAO DE JESUS NOVA ESPERANCA,NOVA ESPERANCA,15a RS MARINGA,MACRORREGIONAL NOROESTE,25,5,0,5,0,2
HOSP MUN E REG SAGRADO CORACAO DE JESUS NOVA ESPERANCA,NOVA ESPERANCA,15a RS MARINGA,MACRORREGIONAL NOROESTE,26,8,1,8,0,3
HOSP MUN E REG SAGRADO CORACAO DE JESUS NOVA ESPERANCA,NOVA ESPERANCA,15a RS MARINGA,MACRORREGIONAL NOROESTE,27,6,1,6,0,3
HOSP MUN E REG SAGRADO CORACAO DE JESUS NOVA ESPERANCA,NOVA ESPERANCA,15a RS MARINGA,MACRORREGIONAL NOROESTE,28,4,0,4,0,1
HOSP MUN E REG SAGRADO CORACAO DE JESUS NOVA ESPERANCA,NOVA ESPERANCA,15a RS MARINGA,MACRORREGIONAL NOROESTE,29,3,0,3,0,1
HOSP MUN E REG SAGRADO CORACAO DE JESUS NOVA ESPERANCA,NOVA ESPERANCA,15a RS MARINGA,MACRORREGIONAL NOROESTE,31,2,1,2,0,0
HOSP MUN E REG SAGRADO CORACAO DE JESUS NOVA ESPERANCA,NOVA ESPERANCA,15a RS MARINGA,MACRORREGIONAL NOROESTE,32,6,0,6,0,3
HOSP MUN E REG SAGRADO CORACAO DE JESUS NOVA ESPERANCA,NOVA ESPERANCA,15a RS MARINGA,MACRORREGIONAL NOROESTE,33,3,0,2,0,0
HOSP MUN E REG SAGRADO CORACAO DE JESUS NOVA ESPERANCA,NOVA ESPERANCA,15a RS MARINGA,MACRORREGIONAL NOROESTE,34,3,0,3,0,1
HOSP MUN E REG SAGRADO CORACAO DE JESUS NOVA ESPERANCA,NOVA ESPERANCA,15a RS MARINGA,MACRORREGIONAL NOROESTE,35,1,0,1,0,0
HOSP MUN E REG SAGRADO CORACAO DE JESUS NOVA ESPERANCA,NOVA ESPERANCA,15a RS MARINGA,MACRORREGIONAL NOROESTE,37,3,0,0,0,0
HOSP MUN E REG SAGRADO CORACAO DE JESUS NOVA ESPERANCA,NOVA ESPERANCA,15a RS MARINGA,MACRORREGIONAL NOROESTE,38,2,0,0,0,0
HOSP MUN E REG SAGRADO CORACAO DE JESUS NOVA ESPERANCA,NOVA ESPERANCA,15a RS MARINGA,MACRORREGIONAL NOROESTE,39,4,0,0,0,0
HOSPITAL BOM SAMARITANO DE MARINGA,MARINGA,15a RS MARINGA,MACRORREGIONAL NOROESTE,1,2,0,2,1,1
HOSPITAL BOM SAMARITANO DE MARINGA,MARINGA,15a RS MARINGA,MACRORREGIONAL NOROESTE,2,1,1,1,1,0
HOSPITAL BOM SAMARITANO DE MARINGA,MARINGA,15a RS MARINGA,MACRORREGIONAL NOROESTE,4,1,0,1,0,1
HOSPITAL BOM SAMARITANO DE MARINGA,MARINGA,15a RS MARINGA,MACRORREGIONAL NOROESTE,5,4,0,4,2,2
HOSPITAL BOM SAMARITANO DE MARINGA,MARINGA,15a RS MARINGA,MACRORREGIONAL NOROESTE,6,3,0,3,1,2
HOSPITAL BOM SAMARITANO DE MARINGA,MARINGA,15a RS MARINGA,MACRORREGIONAL NOROESTE,7,4,0,4,1,3
HOSPITAL BOM SAMARITANO DE MARINGA,MARINGA,15a RS MARINGA,MACRORREGIONAL NOROESTE,8,5,0,5,2,4
HOSPITAL BOM SAMARITANO DE MARINGA,MARINGA,15a RS MARINGA,MACRORREGIONAL NOROESTE,9,4,0,4,3,4
HOSPITAL BOM SAMARITANO DE MARINGA,MARINGA,15a RS MARINGA,MACRORREGIONAL NOROESTE,10,4,0,4,0,2
HOSPITAL BOM SAMARITANO DE MARINGA,MARINGA,15a RS MARINGA,MACRORREGIONAL NOROESTE,11,4,0,4,1,4
HOSPITAL BOM SAMARITANO DE MARINGA,MARINGA,15a RS MARINGA,MACRORREGIONAL NOROESTE,12,1,0,1,0,0
HOSPITAL BOM SAMARITANO DE MARINGA,MARINGA,15a RS MARINGA,MACRORREGIONAL NOROESTE,13,3,0,3,1,3
HOSPITAL BOM SAMARITANO DE MARINGA,MARINGA,15a RS MARINGA,MACRORREGIONAL NOROESTE,14,2,1,2,1,2
HOSPITAL BOM SAMARITANO DE MARINGA,MARINGA,15a RS MARINGA,MACRORREGIONAL NOROESTE,17,4,0,4,0,4
HOSPITAL BOM SAMARITANO DE MARINGA,MARINGA,15a RS MARINGA,MACRORREGIONAL NOROESTE,18,5,0,5,0,5
HOSPITAL BOM SAMARITANO DE MARINGA,MARINGA,15a RS MARINGA,MACRORREGIONAL NOROESTE,19,2,0,2,0,2
HOSPITAL BOM SAMARITANO DE MARINGA,MARINGA,15a RS MARINGA,MACRORREGIONAL NOROESTE,20,1,0,1,0,1
HOSPITAL BOM SAMARITANO DE MARINGA,MARINGA,15a RS MARINGA,MACRORREGIONAL NOROESTE,22,3,0,3,3,2
HOSPITAL BOM SAMARITANO DE MARINGA,MARINGA,15a RS MARINGA,MACRORREGIONAL NOROESTE,25,1,0,1,1,0
HOSPITAL BOM SAMARITANO DE MARINGA,MARINGA,15a RS MARINGA,MACRORREGIONAL NOROESTE,31,1,0,1,0,1
HOSPITAL BOM SAMARITANO DE MARINGA,MARINGA,15a RS MARINGA,MACRORREGIONAL NOROESTE,32,1,0,1,1,1
HOSPITAL BOM SAMARITANO DE MARINGA,MARINGA,15a RS MARINGA,MACRORREGIONAL NOROESTE,34,2,0,1,2,2
HOSPITAL BOM SAMARITANO DE MARINGA,MARINGA,15a RS MARINGA,MACRORREGIONAL NOROESTE,37,1,0,0,0,0
HOSPITAL BOM SAMARITANO DE MARINGA,MARINGA,15a RS MARINGA,MACRORREGIONAL NOROESTE,38,2,0,0,0,0
HOSPITAL BOM SAMARITANO DE MARINGA,MARINGA,15a RS MARINGA,MACRORREGIONAL NOROESTE,39,2,0,0,1,0
HOSPITAL DA CRIANCA DE MARINGA,MARINGA,15a RS MARINGA,MACRORREGIONAL NOROESTE,4,3,0,3,2,2
HOSPITAL DA CRIANCA DE MARINGA,MARINGA,15a RS MARINGA,MACRORREGIONAL NOROESTE,6,1,0,1,0,1
HOSPITAL DA CRIANCA DE MARINGA,MARINGA,15a RS MARINGA,MACRORREGIONAL NOROESTE,7,3,0,3,1,1
HOSPITAL DA CRIANCA DE MARINGA,MARINGA,15a RS MARINGA,MACRORREGIONAL NOROESTE,8,3,0,3,1,2
HOSPITAL DA CRIANCA DE MARINGA,MARINGA,15a RS MARINGA,MACRORREGIONAL NOROESTE,9,1,0,1,0,1
HOSPITAL DA CRIANCA DE MARINGA,MARINGA,15a RS MARINGA,MACRORREGIONAL NOROESTE,10,4,0,4,1,1
HOSPITAL DA CRIANCA DE MARINGA,MARINGA,15a RS MARINGA,MACRORREGIONAL NOROESTE,11,7,0,7,3,3
HOSPITAL DA CRIANCA DE MARINGA,MARINGA,15a RS MARINGA,MACRORREGIONAL NOROESTE,12,1,0,1,1,1
HOSPITAL DA CRIANCA DE MARINGA,MARINGA,15a RS MARINGA,MACRORREGIONAL NOROESTE,14,1,0,1,1,1
HOSPITAL DA CRIANCA DE MARINGA,MARINGA,15a RS MARINGA,MACRORREGIONAL NOROESTE,15,4,0,4,3,4
HOSPITAL DA CRIANCA DE MARINGA,MARINGA,15a RS MARINGA,MACRORREGIONAL NOROESTE,16,1,0,1,1,0
HOSPITAL DA CRIANCA DE MARINGA,MARINGA,15a RS MARINGA,MACRORREGIONAL NOROESTE,18,3,0,3,3,3
HOSPITAL DA CRIANCA DE MARINGA,MARINGA,15a RS MARINGA,MACRORREGIONAL NOROESTE,19,3,0,3,2,3
HOSPITAL DA CRIANCA DE MARINGA,MARINGA,15a RS MARINGA,MACRORREGIONAL NOROESTE,20,2,0,1,0,1
HOSPITAL DA CRIANCA DE MARINGA,MARINGA,15a RS MARINGA,MACRORREGIONAL NOROESTE,21,2,0,2,2,2
HOSPITAL DA CRIANCA DE MARINGA,MARINGA,15a RS MARINGA,MACRORREGIONAL NOROESTE,22,1,0,1,1,1
HOSPITAL DA CRIANCA DE MARINGA,MARINGA,15a RS MARINGA,MACRORREGIONAL NOROESTE,24,1,0,1,0,0
HOSPITAL DA CRIANCA DE MARINGA,MARINGA,15a RS MARINGA,MACRORREGIONAL NOROESTE,26,1,0,1,1,1
HOSPITAL DA CRIANCA DE MARINGA,MARINGA,15a RS MARINGA,MACRORREGIONAL NOROESTE,27,4,1,4,4,3
HOSPITAL DA CRIANCA DE MARINGA,MARINGA,15a RS MARINGA,MACRORREGIONAL NOROESTE,28,1,0,1,1,1
HOSPITAL DA CRIANCA DE MARINGA,MARINGA,15a RS MARINGA,MACRORREGIONAL NOROESTE,29,4,0,3,4,2
HOSPITAL DA CRIANCA DE MARINGA,MARINGA,15a RS MARINGA,MACRORREGIONAL NOROESTE,30,1,0,1,0,1
HOSPITAL DA CRIANCA DE MARINGA,MARINGA,15a RS MARINGA,MACRORREGIONAL NOROESTE,32,1,0,0,1,1
HOSPITAL DA CRIANCA DE MARINGA,MARINGA,15a RS MARINGA,MACRORREGIONAL NOROESTE,37,6,0,4,4,5
HOSPITAL DA CRIANCA DE MARINGA,MARINGA,15a RS MARINGA,MACRORREGIONAL NOROESTE,38,8,0,4,3,4
HOSPITAL DA CRIANCA DE MARINGA,MARINGA,15a RS MARINGA,MACRORREGIONAL NOROESTE,39,1,0,0,1,1
HOSPITAL E MATERNIDADE MARINGA,MARINGA,15a RS MARINGA,MACRORREGIONAL NOROESTE,15,1,0,1,1,0
HOSPITAL E MATERNIDADE SANTA CLARA,COLORADO,15a RS MARINGA,MACRORREGIONAL NOROESTE,1,4,0,4,2,2
HOSPITAL E MATERNIDADE SANTA CLARA,COLORADO,15a RS MARINGA,MACRORREGIONAL NOROESTE,3,1,0,1,1,0
HOSPITAL E MATERNIDADE SANTA CLARA,COLORADO,15a RS MARINGA,MACRORREGIONAL NOROESTE,4,1,0,1,1,0
HOSPITAL E MATERNIDADE SANTA CLARA,COLORADO,15a RS MARINGA,MACRORREGIONAL NOROESTE,5,2,0,2,0,2
HOSPITAL E MATERNIDADE SANTA CLARA,COLORADO,15a RS MARINGA,MACRORREGIONAL NOROESTE,6,1,0,1,0,0
HOSPITAL E MATERNIDADE SANTA CLARA,COLORADO,15a RS MARINGA,MACRORREGIONAL NOROESTE,7,4,0,4,0,3
HOSPITAL E MATERNIDADE SANTA CLARA,COLORADO,15a RS MARINGA,MACRORREGIONAL NOROESTE,8,1,0,1,0,1
HOSPITAL E MATERNIDADE SANTA CLARA,COLORADO,15a RS MARINGA,MACRORREGIONAL NOROESTE,9,5,0,5,0,5
HOSPITAL E MATERNIDADE SANTA CLARA,COLORADO,15a RS MARINGA,MACRORREGIONAL NOROESTE,10,1,0,1,0,1
HOSPITAL E MATERNIDADE SANTA CLARA,COLORADO,15a RS MARINGA,MACRORREGIONAL NOROESTE,11,2,0,2,0,1
HOSPITAL E MATERNIDADE SANTA CLARA,COLORADO,15a RS MARINGA,MACRORREGIONAL NOROESTE,12,3,0,3,0,1
HOSPITAL E MATERNIDADE SANTA CLARA,COLORADO,15a RS MARINGA,MACRORREGIONAL NOROESTE,13,3,0,3,0,0
HOSPITAL E MATERNIDADE SANTA CLARA,COLORADO,15a RS MARINGA,MACRORREGIONAL NOROESTE,14,2,0,1,1,0
HOSPITAL E MATERNIDADE SANTA CLARA,COLORADO,15a RS MARINGA,MACRORREGIONAL NOROESTE,15,1,0,1,0,1
HOSPITAL E MATERNIDADE SANTA CLARA,COLORADO,15a RS MARINGA,MACRORREGIONAL NOROESTE,16,4,0,3,0,2
HOSPITAL E MATERNIDADE SANTA CLARA,COLORADO,15a RS MARINGA,MACRORREGIONAL NOROESTE,17,4,0,4,0,4
HOSPITAL E MATERNIDADE SANTA CLARA,COLORADO,15a RS MARINGA,MACRORREGIONAL NOROESTE,18,5,0,5,0,5
HOSPITAL E MATERNIDADE SANTA CLARA,COLORADO,15a RS MARINGA,MACRORREGIONAL NOROESTE,19,1,0,1,0,1
HOSPITAL E MATERNIDADE SANTA CLARA,COLORADO,15a RS MARINGA,MACRORREGIONAL NOROESTE,20,2,0,2,0,2
HOSPITAL E MATERNIDADE SANTA CLARA,COLORADO,15a RS MARINGA,MACRORREGIONAL NOROESTE,21,5,0,5,2,2
HOSPITAL E MATERNIDADE SANTA CLARA,COLORADO,15a RS MARINGA,MACRORREGIONAL NOROESTE,22,8,0,8,0,6
HOSPITAL E MATERNIDADE SANTA CLARA,COLORADO,15a RS MARINGA,MACRORREGIONAL NOROESTE,23,4,0,4,0,3
HOSPITAL E MATERNIDADE SANTA CLARA,COLORADO,15a RS MARINGA,MACRORREGIONAL NOROESTE,24,3,0,3,0,2
HOSPITAL E MATERNIDADE SANTA CLARA,COLORADO,15a RS MARINGA,MACRORREGIONAL NOROESTE,25,3,0,3,0,2
HOSPITAL E MATERNIDADE SANTA CLARA,COLORADO,15a RS MARINGA,MACRORREGIONAL NOROESTE,26,6,0,6,0,3
HOSPITAL E MATERNIDADE SANTA CLARA,COLORADO,15a RS MARINGA,MACRORREGIONAL NOROESTE,27,3,0,3,0,2
HOSPITAL E MATERNIDADE SANTA CLARA,COLORADO,15a RS MARINGA,MACRORREGIONAL NOROESTE,28,1,0,1,0,1
HOSPITAL E MATERNIDADE SANTA CLARA,COLORADO,15a RS MARINGA,MACRORREGIONAL NOROESTE,29,2,0,2,0,1
HOSPITAL E MATERNIDADE SANTA CLARA,COLORADO,15a RS MARINGA,MACRORREGIONAL NOROESTE,30,3,0,3,0,1
HOSPITAL E MATERNIDADE SANTA CLARA,COLORADO,15a RS MARINGA,MACRORREGIONAL NOROESTE,31,3,0,3,0,1
HOSPITAL E MATERNIDADE SANTA CLARA,COLORADO,15a RS MARINGA,MACRORREGIONAL NOROESTE,32,5,0,5,0,3
HOSPITAL E MATERNIDADE SANTA CLARA,COLORADO,15a RS MARINGA,MACRORREGIONAL NOROESTE,33,1,0,1,0,1
HOSPITAL E MATERNIDADE SANTA CLARA,COLORADO,15a RS MARINGA,MACRORREGIONAL NOROESTE,36,1,0,1,0,0
HOSPITAL E MATERNIDADE SANTA CLARA,COLORADO,15a RS MARINGA,MACRORREGIONAL NOROESTE,37,1,0,0,0,0
HOSPITAL E MATERNIDADE SANTA CLARA,COLORADO,15a RS MARINGA,MACRORREGIONAL NOROESTE,38,1,0,0,1,0
HOSPITAL E MATERNIDADE SANTA CLARA,COLORADO,15a RS MARINGA,MACRORREGIONAL NOROESTE,39,1,0,0,0,0
HOSPITAL E MATERNIDADE SAO MARCOS,MARINGA,15a RS MARINGA,MACRORREGIONAL NOROESTE,7,1,0,1,1,1
HOSPITAL E MATERNIDADE SAO MARCOS,MARINGA,15a RS MARINGA,MACRORREGIONAL NOROESTE,8,1,0,1,0,1
HOSPITAL E MATERNIDADE SAO MARCOS,MARINGA,15a RS MARINGA,MACRORREGIONAL NOROESTE,9,1,0,1,1,1
HOSPITAL E MATERNIDADE SAO MARCOS,MARINGA,15a RS MARINGA,MACRORREGIONAL NOROESTE,10,1,1,1,1,0
HOSPITAL E MATERNIDADE SAO MARCOS,MARINGA,15a RS MARINGA,MACRORREGIONAL NOROESTE,12,1,0,1,1,1
HOSPITAL E MATERNIDADE SAO MARCOS,MARINGA,15a RS MARINGA,MACRORREGIONAL NOROESTE,14,1,0,1,0,1
HOSPITAL E MATERNIDADE SAO MARCOS,MARINGA,15a RS MARINGA,MACRORREGIONAL NOROESTE,18,2,0,2,0,2
HOSPITAL E MATERNIDADE SAO MARCOS,MARINGA,15a RS MARINGA,MACRORREGIONAL NOROESTE,25,1,0,1,1,1
HOSPITAL E MATERNIDADE SAO MARCOS,MARINGA,15a RS MARINGA,MACRORREGIONAL NOROESTE,26,2,0,2,0,2
HOSPITAL E MATERNIDADE SAO MARCOS,MARINGA,15a RS MARINGA,MACRORREGIONAL NOROESTE,28,1,0,1,0,1
HOSPITAL E MATERNIDADE SAO MARCOS,MARINGA,15a RS MARINGA,MACRORREGIONAL NOROESTE,29,2,0,2,2,2
HOSPITAL E MATERNIDADE SAO MARCOS,MARINGA,15a RS MARINGA,MACRORREGIONAL NOROESTE,32,1,1,1,1,0
HOSPITAL E MATERNIDADE SAO MARCOS,MARINGA,15a RS MARINGA,MACRORREGIONAL NOROESTE,33,1,0,1,0,1
HOSPITAL E MATERNIDADE SAO MARCOS,MARINGA,15a RS MARINGA,MACRORREGIONAL NOROESTE,34,1,0,1,1,1
HOSPITAL E MATERNIDADE SAO MARCOS,MARINGA,15a RS MARINGA,MACRORREGIONAL NOROESTE,36,1,0,1,1,1
HOSPITAL GERAL UNIMED,MARINGA,15a RS MARINGA,MACRORREGIONAL NOROESTE,2,1,0,1,1,0
HOSPITAL MEMORIAL UNINGA,MARINGA,15a RS MARINGA,MACRORREGIONAL NOROESTE,2,1,0,1,0,1
HOSPITAL MEMORIAL UNINGA,MARINGA,15a RS MARINGA,MACRORREGIONAL NOROESTE,4,1,0,1,1,0
HOSPITAL MEMORIAL UNINGA,MARINGA,15a RS MARINGA,MACRORREGIONAL NOROESTE,5,1,1,1,1,0
HOSPITAL MEMORIAL UNINGA,MARINGA,15a RS MARINGA,MACRORREGIONAL NOROESTE,8,1,1,1,1,1
HOSPITAL MEMORIAL UNINGA,MARINGA,15a RS MARINGA,MACRORREGIONAL NOROESTE,10,1,1,1,1,0
HOSPITAL MEMORIAL UNINGA,MARINGA,15a RS MARINGA,MACRORREGIONAL NOROESTE,12,1,0,1,1,1
HOSPITAL MEMORIAL UNINGA,MARINGA,15a RS MARINGA,MACRORREGIONAL NOROESTE,14,2,1,1,2,0
HOSPITAL MEMORIAL UNINGA,MARINGA,15a RS MARINGA,MACRORREGIONAL NOROESTE,16,1,0,1,1,0
HOSPITAL MEMORIAL UNINGA,MARINGA,15a RS MARINGA,MACRORREGIONAL NOROESTE,17,2,0,2,1,0
HOSPITAL MEMORIAL UNINGA,MARINGA,15a RS MARINGA,MACRORREGIONAL NOROESTE,19,1,0,0,0,0
HOSPITAL MEMORIAL UNINGA,MARINGA,15a RS MARINGA,MACRORREGIONAL NOROESTE,22,1,0,1,1,1
HOSPITAL MEMORIAL UNINGA,MARINGA,15a RS MARINGA,MACRORREGIONAL NOROESTE,23,1,0,1,0,1
HOSPITAL MEMORIAL UNINGA,MARINGA,15a RS MARINGA,MACRORREGIONAL NOROESTE,24,2,0,2,1,2
HOSPITAL MEMORIAL UNINGA,MARINGA,15a RS MARINGA,MACRORREGIONAL NOROESTE,26,1,0,1,1,0
HOSPITAL MEMORIAL UNINGA,MARINGA,15a RS MARINGA,MACRORREGIONAL NOROESTE,29,1,0,1,1,0
HOSPITAL MEMORIAL UNINGA,MARINGA,15a RS MARINGA,MACRORREGIONAL NOROESTE,30,1,0,0,0,0
HOSPITAL MEMORIAL UNINGA,MARINGA,15a RS MARINGA,MACRORREGIONAL NOROESTE,37,1,0,0,1,0
HOSPITAL MUNICIPAL DE MARINGA THELMA VILLANOVA KASPROWICZ,MARINGA,15a RS MARINGA,MACRORREGIONAL NOROESTE,3,2,1,2,2,1
HOSPITAL MUNICIPAL DE MARINGA THELMA VILLANOVA KASPROWICZ,MARINGA,15a RS MARINGA,MACRORREGIONAL NOROESTE,5,2,0,2,1,2
HOSPITAL MUNICIPAL DE MARINGA THELMA VILLANOVA KASPROWICZ,MARINGA,15a RS MARINGA,MACRORREGIONAL NOROESTE,6,1,0,1,0,0
HOSPITAL MUNICIPAL DE MARINGA THELMA VILLANOVA KASPROWICZ,MARINGA,15a RS MARINGA,MACRORREGIONAL NOROESTE,8,1,0,1,1,0
HOSPITAL MUNICIPAL DE MARINGA THELMA VILLANOVA KASPROWICZ,MARINGA,15a RS MARINGA,MACRORREGIONAL NOROESTE,10,1,0,1,1,1
HOSPITAL MUNICIPAL DE MARINGA THELMA VILLANOVA KASPROWICZ,MARINGA,15a RS MARINGA,MACRORREGIONAL NOROESTE,11,3,0,3,2,2
HOSPITAL MUNICIPAL DE MARINGA THELMA VILLANOVA KASPROWICZ,MARINGA,15a RS MARINGA,MACRORREGIONAL NOROESTE,12,2,0,2,1,1
HOSPITAL MUNICIPAL DE MARINGA THELMA VILLANOVA KASPROWICZ,MARINGA,15a RS MARINGA,MACRORREGIONAL NOROESTE,13,1,1,1,0,1
HOSPITAL MUNICIPAL DE MARINGA THELMA VILLANOVA KASPROWICZ,MARINGA,15a RS MARINGA,MACRORREGIONAL NOROESTE,14,3,0,3,3,2
HOSPITAL MUNICIPAL DE MARINGA THELMA VILLANOVA KASPROWICZ,MARINGA,15a RS MARINGA,MACRORREGIONAL NOROESTE,15,3,1,3,3,2
HOSPITAL MUNICIPAL DE MARINGA THELMA VILLANOVA KASPROWICZ,MARINGA,15a RS MARINGA,MACRORREGIONAL NOROESTE,16,4,1,4,0,4
HOSPITAL MUNICIPAL DE MARINGA THELMA VILLANOVA KASPROWICZ,MARINGA,15a RS MARINGA,MACRORREGIONAL NOROESTE,17,3,1,3,2,2
HOSPITAL MUNICIPAL DE MARINGA THELMA VILLANOVA KASPROWICZ,MARINGA,15a RS MARINGA,MACRORREGIONAL NOROESTE,19,2,0,2,2,1
HOSPITAL MUNICIPAL DE MARINGA THELMA VILLANOVA KASPROWICZ,MARINGA,15a RS MARINGA,MACRORREGIONAL NOROESTE,20,2,1,2,1,2
HOSPITAL MUNICIPAL DE MARINGA THELMA VILLANOVA KASPROWICZ,MARINGA,15a RS MARINGA,MACRORREGIONAL NOROESTE,21,8,1,8,4,6
HOSPITAL MUNICIPAL DE MARINGA THELMA VILLANOVA KASPROWICZ,MARINGA,15a RS MARINGA,MACRORREGIONAL NOROESTE,24,1,0,1,0,1
HOSPITAL MUNICIPAL DE MARINGA THELMA VILLANOVA KASPROWICZ,MARINGA,15a RS MARINGA,MACRORREGIONAL NOROESTE,25,1,0,1,1,1
HOSPITAL MUNICIPAL DE MARINGA THELMA VILLANOVA KASPROWICZ,MARINGA,15a RS MARINGA,MACRORREGIONAL NOROESTE,27,5,2,5,1,4
HOSPITAL MUNICIPAL DE MARINGA THELMA VILLANOVA KASPROWICZ,MARINGA,15a RS MARINGA,MACRORREGIONAL NOROESTE,28,4,0,4,2,3
HOSPITAL MUNICIPAL DE MARINGA THELMA VILLANOVA KASPROWICZ,MARINGA,15a RS MARINGA,MACRORREGIONAL NOROESTE,29,4,2,4,2,2
HOSPITAL MUNICIPAL DE MARINGA THELMA VILLANOVA KASPROWICZ,MARINGA,15a RS MARINGA,MACRORREGIONAL NOROESTE,30,1,0,1,1,1
HOSPITAL MUNICIPAL DE MARINGA THELMA VILLANOVA KASPROWICZ,MARINGA,15a RS MARINGA,MACRORREGIONAL NOROESTE,31,2,0,2,1,2
HOSPITAL MUNICIPAL DE MARINGA THELMA VILLANOVA KASPROWICZ,MARINGA,15a RS MARINGA,MACRORREGIONAL NOROESTE,32,2,0,2,2,0
HOSPITAL MUNICIPAL DE MARINGA THELMA VILLANOVA KASPROWICZ,MARINGA,15a RS MARINGA,MACRORREGIONAL NOROESTE,33,4,1,4,1,3
HOSPITAL MUNICIPAL DE MARINGA THELMA VILLANOVA KASPROWICZ,MARINGA,15a RS MARINGA,MACRORREGIONAL NOROESTE,34,3,3,3,3,3
HOSPITAL MUNICIPAL DE MARINGA THELMA VILLANOVA KASPROWICZ,MARINGA,15a RS MARINGA,MACRORREGIONAL NOROESTE,35,6,1,6,1,5
HOSPITAL MUNICIPAL DE MARINGA THELMA VILLANOVA KASPROWICZ,MARINGA,15a RS MARINGA,MACRORREGIONAL NOROESTE,36,3,0,2,2,1
HOSPITAL MUNICIPAL DE MARINGA THELMA VILLANOVA KASPROWICZ,MARINGA,15a RS MARINGA,MACRORREGIONAL NOROESTE,37,1,0,1,1,0
HOSPITAL MUNICIPAL DE MARINGA THELMA VILLANOVA KASPROWICZ,MARINGA,15a RS MARINGA,MACRORREGIONAL NOROESTE,38,2,0,1,2,0
HOSPITAL PARANA,MARINGA,15a RS MARINGA,MACRORREGIONAL NOROESTE,1,2,1,2,1,2
HOSPITAL PARANA,MARINGA,15a RS MARINGA,MACRORREGIONAL NOROESTE,3,1,0,1,1,1
HOSPITAL PARANA,MARINGA,15a RS MARINGA,MACRORREGIONAL NOROESTE,5,1,0,1,1,0
HOSPITAL PARANA,MARINGA,15a RS MARINGA,MACRORREGIONAL NOROESTE,15,1,0,1,0,1
HOSPITAL PARANA,MARINGA,15a RS MARINGA,MACRORREGIONAL NOROESTE,20,4,0,4,3,3
HOSPITAL PARANA,MARINGA,15a RS MARINGA,MACRORREGIONAL NOROESTE,22,1,0,1,1,0
HOSPITAL PARANA,MARINGA,15a RS MARINGA,MACRORREGIONAL NOROESTE,31,1,0,1,1,1
HOSPITAL PARANA,MARINGA,15a RS MARINGA,MACRORREGIONAL NOROESTE,32,1,0,1,1,1
HOSPITAL PARANA,MARINGA,15a RS MARINGA,MACRORREGIONAL NOROESTE,34,1,0,1,1,1
HOSPITAL REGIONAL CRISTO REI,ASTORGA,15a RS MARINGA,MACRORREGIONAL NOROESTE,7,1,0,1,0,1
HOSPITAL REGIONAL CRISTO REI,ASTORGA,15a RS MARINGA,MACRORREGIONAL NOROESTE,8,1,0,1,0,0
HOSPITAL REGIONAL CRISTO REI,ASTORGA,15a RS MARINGA,MACRORREGIONAL NOROESTE,14,1,0,1,0,1
HOSPITAL REGIONAL CRISTO REI,ASTORGA,15a RS MARINGA,MACRORREGIONAL NOROESTE,19,3,0,3,1,2
HOSPITAL REGIONAL CRISTO REI,ASTORGA,15a RS MARINGA,MACRORREGIONAL NOROESTE,20,1,0,1,0,1
HOSPITAL REGIONAL CRISTO REI,ASTORGA,15a RS MARINGA,MACRORREGIONAL NOROESTE,27,1,0,1,0,0
HOSPITAL REGIONAL CRISTO REI,ASTORGA,15a RS MARINGA,MACRORREGIONAL NOROESTE,32,2,0,2,0,1
HOSPITAL REGIONAL CRISTO REI,ASTORGA,15a RS MARINGA,MACRORREGIONAL NOROESTE,35,1,0,1,0,0
HOSPITAL REGIONAL CRISTO REI,ASTORGA,15a RS MARINGA,MACRORREGIONAL NOROESTE,37,1,0,1,0,1
HOSPITAL REGIONAL CRISTO REI,ASTORGA,15a RS MARINGA,MACRORREGIONAL NOROESTE,38,2,0,1,0,0
HOSPITAL REGIONAL CRISTO REI,ASTORGA,15a RS MARINGA,MACRORREGIONAL NOROESTE,39,1,0,0,0,0
HOSPITAL SANTA RITA,MARINGA,15a RS MARINGA,MACRORREGIONAL NOROESTE,10,1,0,1,0,0
HOSPITAL SANTA RITA,MARINGA,15a RS MARINGA,MACRORREGIONAL NOROESTE,12,1,0,1,1,0
HOSPITAL SANTA RITA,MARINGA,15a RS MARINGA,MACRORREGIONAL NOROESTE,16,1,0,1,0,0
HOSPITAL SANTA RITA,MARINGA,15a RS MARINGA,MACRORREGIONAL NOROESTE,17,1,0,1,0,1
HOSPITAL SANTA RITA,MARINGA,15a RS MARINGA,MACRORREGIONAL NOROESTE,19,2,0,2,1,0
HOSPITAL SANTA RITA,MARINGA,15a RS MARINGA,MACRORREGIONAL NOROESTE,20,1,1,1,0,1
HOSPITAL SANTA RITA,MARINGA,15a RS MARINGA,MACRORREGIONAL NOROESTE,21,1,1,1,1,1
HOSPITAL SANTA RITA,MARINGA,15a RS MARINGA,MACRORREGIONAL NOROESTE,24,4,2,4,3,1
HOSPITAL SANTA RITA,MARINGA,15a RS MARINGA,MACRORREGIONAL NOROESTE,26,1,0,1,1,1
HOSPITAL SANTA RITA,MARINGA,15a RS MARINGA,MACRORREGIONAL NOROESTE,29,1,1,1,1,1
HOSPITAL UNIVERSITARIO REGIONAL DE MARINGA,MARINGA,15a RS MARINGA,MACRORREGIONAL NOROESTE,3,2,0,2,2,2
HOSPITAL UNIVERSITARIO REGIONAL DE MARINGA,MARINGA,15a RS MARINGA,MACRORREGIONAL NOROESTE,5,1,0,1,1,1
HOSPITAL UNIVERSITARIO REGIONAL DE MARINGA,MARINGA,15a RS MARINGA,MACRORREGIONAL NOROESTE,6,2,0,2,2,2
HOSPITAL UNIVERSITARIO REGIONAL DE MARINGA,MARINGA,15a RS MARINGA,MACRORREGIONAL NOROESTE,7,1,0,1,1,1
HOSPITAL UNIVERSITARIO REGIONAL DE MARINGA,MARINGA,15a RS MARINGA,MACRORREGIONAL NOROESTE,8,1,0,1,1,1
HOSPITAL UNIVERSITARIO REGIONAL DE MARINGA,MARINGA,15a RS MARINGA,MACRORREGIONAL NOROESTE,9,3,0,3,3,3
HOSPITAL UNIVERSITARIO REGIONAL DE MARINGA,MARINGA,15a RS MARINGA,MACRORREGIONAL NOROESTE,10,4,0,4,4,2
HOSPITAL UNIVERSITARIO REGIONAL DE MARINGA,MARINGA,15a RS MARINGA,MACRORREGIONAL NOROESTE,11,2,0,2,2,2
HOSPITAL UNIVERSITARIO REGIONAL DE MARINGA,MARINGA,15a RS MARINGA,MACRORREGIONAL NOROESTE,12,1,0,1,1,1
HOSPITAL UNIVERSITARIO REGIONAL DE MARINGA,MARINGA,15a RS MARINGA,MACRORREGIONAL NOROESTE,13,2,0,2,2,2
HOSPITAL UNIVERSITARIO REGIONAL DE MARINGA,MARINGA,15a RS MARINGA,MACRORREGIONAL NOROESTE,14,1,0,1,1,0
HOSPITAL UNIVERSITARIO REGIONAL DE MARINGA,MARINGA,15a RS MARINGA,MACRORREGIONAL NOROESTE,15,2,0,2,2,2
HOSPITAL UNIVERSITARIO REGIONAL DE MARINGA,MARINGA,15a RS MARINGA,MACRORREGIONAL NOROESTE,17,2,0,2,2,2
HOSPITAL UNIVERSITARIO REGIONAL DE MARINGA,MARINGA,15a RS MARINGA,MACRORREGIONAL NOROESTE,18,1,0,1,1,1
HOSPITAL UNIVERSITARIO REGIONAL DE MARINGA,MARINGA,15a RS MARINGA,MACRORREGIONAL NOROESTE,19,3,1,3,3,3
HOSPITAL UNIVERSITARIO REGIONAL DE MARINGA,MARINGA,15a RS MARINGA,MACRORREGIONAL NOROESTE,20,2,0,2,2,1
HOSPITAL UNIVERSITARIO REGIONAL DE MARINGA,MARINGA,15a RS MARINGA,MACRORREGIONAL NOROESTE,21,1,0,1,1,0
HOSPITAL UNIVERSITARIO REGIONAL DE MARINGA,MARINGA,15a RS MARINGA,MACRORREGIONAL NOROESTE,24,1,1,1,1,1
HOSPITAL UNIVERSITARIO REGIONAL DE MARINGA,MARINGA,15a RS MARINGA,MACRORREGIONAL NOROESTE,25,1,0,1,1,1
HOSPITAL UNIVERSITARIO REGIONAL DE MARINGA,MARINGA,15a RS MARINGA,MACRORREGIONAL NOROESTE,27,2,0,2,2,2
HOSPITAL UNIVERSITARIO REGIONAL DE MARINGA,MARINGA,15a RS MARINGA,MACRORREGIONAL NOROESTE,28,1,0,1,1,1
HOSPITAL UNIVERSITARIO REGIONAL DE MARINGA,MARINGA,15a RS MARINGA,MACRORREGIONAL NOROESTE,29,1,0,1,1,0
HOSPITAL UNIVERSITARIO REGIONAL DE MARINGA,MARINGA,15a RS MARINGA,MACRORREGIONAL NOROESTE,32,1,0,1,1,1
HOSPITAL UNIVERSITARIO REGIONAL DE MARINGA,MARINGA,15a RS MARINGA,MACRORREGIONAL NOROESTE,33,1,0,1,1,0
HOSPITAL UNIVERSITARIO REGIONAL DE MARINGA,MARINGA,15a RS MARINGA,MACRORREGIONAL NOROESTE,35,1,0,1,1,0
HOSPITAL UNIVERSITARIO REGIONAL DE MARINGA,MARINGA,15a RS MARINGA,MACRORREGIONAL NOROESTE,37,2,0,0,2,0
METROPOLITANA DE SARANDI,SARANDI,15a RS MARINGA,MACRORREGIONAL NOROESTE,1,11,1,11,3,5
METROPOLITANA DE SARANDI,SARANDI,15a RS MARINGA,MACRORREGIONAL NOROESTE,2,7,0,7,1,0
METROPOLITANA DE SARANDI,SARANDI,15a RS MARINGA,MACRORREGIONAL NOROESTE,3,3,0,3,0,0
METROPOLITANA DE SARANDI,SARANDI,15a RS MARINGA,MACRORREGIONAL NOROESTE,4,3,1,3,1,2
METROPOLITANA DE SARANDI,SARANDI,15a RS MARINGA,MACRORREGIONAL NOROESTE,5,2,0,2,0,0
METROPOLITANA DE SARANDI,SARANDI,15a RS MARINGA,MACRORREGIONAL NOROESTE,6,3,0,3,2,1
METROPOLITANA DE SARANDI,SARANDI,15a RS MARINGA,MACRORREGIONAL NOROESTE,7,8,1,8,1,1
METROPOLITANA DE SARANDI,SARANDI,15a RS MARINGA,MACRORREGIONAL NOROESTE,8,7,0,7,2,1
METROPOLITANA DE SARANDI,SARANDI,15a RS MARINGA,MACRORREGIONAL NOROESTE,9,13,1,13,3,5
METROPOLITANA DE SARANDI,SARANDI,15a RS MARINGA,MACRORREGIONAL NOROESTE,10,4,0,4,3,2
METROPOLITANA DE SARANDI,SARANDI,15a RS MARINGA,MACRORREGIONAL NOROESTE,11,5,0,5,2,2
METROPOLITANA DE SARANDI,SARANDI,15a RS MARINGA,MACRORREGIONAL NOROESTE,12,7,0,7,3,3
METROPOLITANA DE SARANDI,SARANDI,15a RS MARINGA,MACRORREGIONAL NOROESTE,13,6,1,6,2,1
METROPOLITANA DE SARANDI,SARANDI,15a RS MARINGA,MACRORREGIONAL NOROESTE,14,10,2,10,3,3
METROPOLITANA DE SARANDI,SARANDI,15a RS MARINGA,MACRORREGIONAL NOROESTE,15,13,1,13,2,7
METROPOLITANA DE SARANDI,SARANDI,15a RS MARINGA,MACRORREGIONAL NOROESTE,16,10,1,10,3,6
METROPOLITANA DE SARANDI,SARANDI,15a RS MARINGA,MACRORREGIONAL NOROESTE,17,4,0,4,0,2
METROPOLITANA DE SARANDI,SARANDI,15a RS MARINGA,MACRORREGIONAL NOROESTE,18,9,0,9,3,4
METROPOLITANA DE SARANDI,SARANDI,15a RS MARINGA,MACRORREGIONAL NOROESTE,19,12,0,12,3,5
METROPOLITANA DE SARANDI,SARANDI,15a RS MARINGA,MACRORREGIONAL NOROESTE,20,11,0,11,2,3
METROPOLITANA DE SARANDI,SARANDI,15a RS MARINGA,MACRORREGIONAL NOROESTE,21,12,1,12,3,4
METROPOLITANA DE SARANDI,SARANDI,15a RS MARINGA,MACRORREGIONAL NOROESTE,22,19,3,19,7,12
METROPOLITANA DE SARANDI,SARANDI,15a RS MARINGA,MACRORREGIONAL NOROESTE,23,18,3,18,5,8
METROPOLITANA DE SARANDI,SARANDI,15a RS MARINGA,MACRORREGIONAL NOROESTE,24,22,0,22,5,12
METROPOLITANA DE SARANDI,SARANDI,15a RS MARINGA,MACRORREGIONAL NOROESTE,25,13,0,13,3,6
METROPOLITANA DE SARANDI,SARANDI,15a RS MARINGA,MACRORREGIONAL NOROESTE,26,13,1,12,4,4
METROPOLITANA DE SARANDI,SARANDI,15a RS MARINGA,MACRORREGIONAL NOROESTE,27,10,1,10,3,5
METROPOLITANA DE SARANDI,SARANDI,15a RS MARINGA,MACRORREGIONAL NOROESTE,28,11,0,11,5,5
METROPOLITANA DE SARANDI,SARANDI,15a RS MARINGA,MACRORREGIONAL NOROESTE,29,13,1,13,7,7
METROPOLITANA DE SARANDI,SARANDI,15a RS MARINGA,MACRORREGIONAL NOROESTE,30,7,0,6,0,1
METROPOLITANA DE SARANDI,SARANDI,15a RS MARINGA,MACRORREGIONAL NOROESTE,31,4,0,4,2,0
METROPOLITANA DE SARANDI,SARANDI,15a RS MARINGA,MACRORREGIONAL NOROESTE,32,8,0,8,4,3
METROPOLITANA DE SARANDI,SARANDI,15a RS MARINGA,MACRORREGIONAL NOROESTE,33,8,0,8,3,3
METROPOLITANA DE SARANDI,SARANDI,15a RS MARINGA,MACRORREGIONAL NOROESTE,34,8,1,8,3,3
METROPOLITANA DE SARANDI,SARANDI,15a RS MARINGA,MACRORREGIONAL NOROESTE,35,2,0,2,0,1
METROPOLITANA DE SARANDI,SARANDI,15a RS MARINGA,MACRORREGIONAL NOROESTE,36,5,0,4,3,0
METROPOLITANA DE SARANDI,SARANDI,15a RS MARINGA,MACRORREGIONAL NOROESTE,37,3,0,2,1,1
METROPOLITANA DE SARANDI,SARANDI,15a RS MARINGA,MACRORREGIONAL NOROESTE,38,6,0,0,1,0
METROPOLITANA DE SARANDI,SARANDI,15a RS MARINGA,MACRORREGIONAL NOROESTE,39,1,0,0,0,0
PRONTO ATENDIMENTO DA CRIANCA PAC,MARINGA,15a RS MARINGA,MACRORREGIONAL NOROESTE,6,1,0,1,0,0
PRONTO ATENDIMENTO DA CRIANCA PAC,MARINGA,15a RS MARINGA,MACRORREGIONAL NOROESTE,7,3,0,1,0,0
PRONTO ATENDIMENTO DA CRIANCA PAC,MARINGA,15a RS MARINGA,MACRORREGIONAL NOROESTE,8,2,0,2,0,0
PRONTO ATENDIMENTO DA CRIANCA PAC,MARINGA,15a RS MARINGA,MACRORREGIONAL NOROESTE,9,3,0,3,0,3
PRONTO ATENDIMENTO DA CRIANCA PAC,MARINGA,15a RS MARINGA,MACRORREGIONAL NOROESTE,11,4,0,4,1,2
PRONTO ATENDIMENTO DA CRIANCA PAC,MARINGA,15a RS MARINGA,MACRORREGIONAL NOROESTE,12,1,0,1,0,1
PRONTO ATENDIMENTO DA CRIANCA PAC,MARINGA,15a RS MARINGA,MACRORREGIONAL NOROESTE,13,1,0,0,0,1
PRONTO ATENDIMENTO DA CRIANCA PAC,MARINGA,15a RS MARINGA,MACRORREGIONAL NOROESTE,14,7,0,6,0,7
PRONTO ATENDIMENTO DA CRIANCA PAC,MARINGA,15a RS MARINGA,MACRORREGIONAL NOROESTE,15,9,0,9,2,7
PRONTO ATENDIMENTO DA CRIANCA PAC,MARINGA,15a RS MARINGA,MACRORREGIONAL NOROESTE,16,8,0,8,1,7
PRONTO ATENDIMENTO DA CRIANCA PAC,MARINGA,15a RS MARINGA,MACRORREGIONAL NOROESTE,17,15,0,14,2,12
PRONTO ATENDIMENTO DA CRIANCA PAC,MARINGA,15a RS MARINGA,MACRORREGIONAL NOROESTE,18,15,0,15,2,15
PRONTO ATENDIMENTO DA CRIANCA PAC,MARINGA,15a RS MARINGA,MACRORREGIONAL NOROESTE,19,19,0,19,2,15
PRONTO ATENDIMENTO DA CRIANCA PAC,MARINGA,15a RS MARINGA,MACRORREGIONAL NOROESTE,20,13,0,12,1,12
PRONTO ATENDIMENTO DA CRIANCA PAC,MARINGA,15a RS MARINGA,MACRORREGIONAL NOROESTE,21,15,0,15,5,12
PRONTO ATENDIMENTO DA CRIANCA PAC,MARINGA,15a RS MARINGA,MACRORREGIONAL NOROESTE,22,8,0,8,2,8
PRONTO ATENDIMENTO DA CRIANCA PAC,MARINGA,15a RS MARINGA,MACRORREGIONAL NOROESTE,23,6,0,6,1,5
PRONTO ATENDIMENTO DA CRIANCA PAC,MARINGA,15a RS MARINGA,MACRORREGIONAL NOROESTE,24,10,0,10,1,7
PRONTO ATENDIMENTO DA CRIANCA PAC,MARINGA,15a RS MARINGA,MACRORREGIONAL NOROESTE,25,8,0,8,0,6
PRONTO ATENDIMENTO DA CRIANCA PAC,MARINGA,15a RS MARINGA,MACRORREGIONAL NOROESTE,26,13,0,13,1,9
PRONTO ATENDIMENTO DA CRIANCA PAC,MARINGA,15a RS MARINGA,MACRORREGIONAL NOROESTE,27,20,0,19,0,15
PRONTO ATENDIMENTO DA CRIANCA PAC,MARINGA,15a RS MARINGA,MACRORREGIONAL NOROESTE,28,14,0,14,0,10
PRONTO ATENDIMENTO DA CRIANCA PAC,MARINGA,15a RS MARINGA,MACRORREGIONAL NOROESTE,29,6,0,5,2,4
PRONTO ATENDIMENTO DA CRIANCA PAC,MARINGA,15a RS MARINGA,MACRORREGIONAL NOROESTE,30,19,0,18,1,14
PRONTO ATENDIMENTO DA CRIANCA PAC,MARINGA,15a RS MARINGA,MACRORREGIONAL NOROESTE,31,11,0,10,1,7
PRONTO ATENDIMENTO DA CRIANCA PAC,MARINGA,15a RS MARINGA,MACRORREGIONAL NOROESTE,32,5,0,5,0,3
PRONTO ATENDIMENTO DA CRIANCA PAC,MARINGA,15a RS MARINGA,MACRORREGIONAL NOROESTE,33,8,0,7,0,7
PRONTO ATENDIMENTO DA CRIANCA PAC,MARINGA,15a RS MARINGA,MACRORREGIONAL NOROESTE,34,7,0,5,1,4
PRONTO ATENDIMENTO DA CRIANCA PAC,MARINGA,15a RS MARINGA,MACRORREGIONAL NOROESTE,35,5,0,5,0,3
PRONTO ATENDIMENTO DA CRIANCA PAC,MARINGA,15a RS MARINGA,MACRORREGIONAL NOROESTE,36,6,0,4,0,2
PRONTO ATENDIMENTO DA CRIANCA PAC,MARINGA,15a RS MARINGA,MACRORREGIONAL NOROESTE,37,4,0,4,0,1
PRONTO ATENDIMENTO DA CRIANCA PAC,MARINGA,15a RS MARINGA,MACRORREGIONAL NOROESTE,38,9,0,0,0,0
PRONTO ATENDIMENTO DA CRIANCA PAC,MARINGA,15a RS MARINGA,MACRORREGIONAL NOROESTE,39,5,0,0,0,1
SANTA CASA DE MARINGA HOSPITAL E MAT M AUXILIADORA,MARINGA,15a RS MARINGA,MACRORREGIONAL NOROESTE,1,1,0,1,1,0
SANTA CASA DE MARINGA HOSPITAL E MAT M AUXILIADORA,MARINGA,15a RS MARINGA,MACRORREGIONAL NOROESTE,6,2,0,2,2,1
SANTA CASA DE MARINGA HOSPITAL E MAT M AUXILIADORA,MARINGA,15a RS MARINGA,MACRORREGIONAL NOROESTE,7,1,0,1,1,1
SANTA CASA DE MARINGA HOSPITAL E MAT M AUXILIADORA,MARINGA,15a RS MARINGA,MACRORREGIONAL NOROESTE,8,1,0,1,1,1
SANTA CASA DE MARINGA HOSPITAL E MAT M AUXILIADORA,MARINGA,15a RS MARINGA,MACRORREGIONAL NOROESTE,11,1,0,1,1,1
SANTA CASA DE MARINGA HOSPITAL E MAT M AUXILIADORA,MARINGA,15a RS MARINGA,MACRORREGIONAL NOROESTE,12,1,0,1,1,0
SANTA CASA DE MARINGA HOSPITAL E MAT M AUXILIADORA,MARINGA,15a RS MARINGA,MACRORREGIONAL NOROESTE,13,2,0,2,2,2
SANTA CASA DE MARINGA HOSPITAL E MAT M AUXILIADORA,MARINGA,15a RS MARINGA,MACRORREGIONAL NOROESTE,14,4,0,4,4,2
SANTA CASA DE MARINGA HOSPITAL E MAT M AUXILIADORA,MARINGA,15a RS MARINGA,MACRORREGIONAL NOROESTE,15,5,0,5,5,3
SANTA CASA DE MARINGA HOSPITAL E MAT M AUXILIADORA,MARINGA,15a RS MARINGA,MACRORREGIONAL NOROESTE,16,3,0,3,3,1
SANTA CASA DE MARINGA HOSPITAL E MAT M AUXILIADORA,MARINGA,15a RS MARINGA,MACRORREGIONAL NOROESTE,17,4,0,4,3,2
SANTA CASA DE MARINGA HOSPITAL E MAT M AUXILIADORA,MARINGA,15a RS MARINGA,MACRORREGIONAL NOROESTE,18,11,0,11,6,10
SANTA CASA DE MARINGA HOSPITAL E MAT M AUXILIADORA,MARINGA,15a RS MARINGA,MACRORREGIONAL NOROESTE,19,5,0,5,5,1
SANTA CASA DE MARINGA HOSPITAL E MAT M AUXILIADORA,MARINGA,15a RS MARINGA,MACRORREGIONAL NOROESTE,20,4,0,4,4,4
SANTA CASA DE MARINGA HOSPITAL E MAT M AUXILIADORA,MARINGA,15a RS MARINGA,MACRORREGIONAL NOROESTE,21,3,0,3,3,3
SANTA CASA DE MARINGA HOSPITAL E MAT M AUXILIADORA,MARINGA,15a RS MARINGA,MACRORREGIONAL NOROESTE,22,5,0,5,5,4
SANTA CASA DE MARINGA HOSPITAL E MAT M AUXILIADORA,MARINGA,15a RS MARINGA,MACRORREGIONAL NOROESTE,23,2,0,2,1,2
SANTA CASA DE MARINGA HOSPITAL E MAT M AUXILIADORA,MARINGA,15a RS MARINGA,MACRORREGIONAL NOROESTE,24,2,0,2,2,1
SANTA CASA DE MARINGA HOSPITAL E MAT M AUXILIADORA,MARINGA,15a RS MARINGA,MACRORREGIONAL NOROESTE,25,8,1,8,6,7
SANTA CASA DE MARINGA HOSPITAL E MAT M AUXILIADORA,MARINGA,15a RS MARINGA,MACRORREGIONAL NOROESTE,26,6,0,6,6,6
SANTA CASA DE MARINGA HOSPITAL E MAT M AUXILIADORA,MARINGA,15a RS MARINGA,MACRORREGIONAL NOROESTE,27,5,0,5,5,4
SANTA CASA DE MARINGA HOSPITAL E MAT M AUXILIADORA,MARINGA,15a RS MARINGA,MACRORREGIONAL NOROESTE,28,1,0,1,1,0
SANTA CASA DE MARINGA HOSPITAL E MAT M AUXILIADORA,MARINGA,15a RS MARINGA,MACRORREGIONAL NOROESTE,30,2,0,2,2,2
SANTA CASA DE MARINGA HOSPITAL E MAT M AUXILIADORA,MARINGA,15a RS MARINGA,MACRORREGIONAL NOROESTE,31,1,0,1,1,0
SANTA CASA DE MARINGA HOSPITAL E MAT M AUXILIADORA,MARINGA,15a RS MARINGA,MACRORREGIONAL NOROESTE,33,1,0,1,1,1
SANTA CASA DE MARINGA HOSPITAL E MAT M AUXILIADORA,MARINGA,15a RS MARINGA,MACRORREGIONAL NOROESTE,34,6,0,6,6,4
SANTA CASA DE MARINGA HOSPITAL E MAT M AUXILIADORA,MARINGA,15a RS MARINGA,MACRORREGIONAL NOROESTE,35,1,0,1,1,1
SANTA CASA DE MARINGA HOSPITAL E MAT M AUXILIADORA,MARINGA,15a RS MARINGA,MACRORREGIONAL NOROESTE,36,2,0,2,1,0
SANTA CASA DE MARINGA HOSPITAL E MAT M AUXILIADORA,MARINGA,15a RS MARINGA,MACRORREGIONAL NOROESTE,37,4,0,3,3,1
SANTA CASA DE MARINGA HOSPITAL E MAT M AUXILIADORA,MARINGA,15a RS MARINGA,MACRORREGIONAL NOROESTE,38,3,0,0,3,3
SANTA CASA DE MARINGA HOSPITAL E MAT M AUXILIADORA,MARINGA,15a RS MARINGA,MACRORREGIONAL NOROESTE,39,1,0,0,1,1
UNIDADE DE PRONTO ATENDIMENTO UPA ZONA NORTE,MARINGA,15a RS MARINGA,MACRORREGIONAL NOROESTE,1,4,1,4,1,2
UNIDADE DE PRONTO ATENDIMENTO UPA ZONA NORTE,MARINGA,15a RS MARINGA,MACRORREGIONAL NOROESTE,2,1,0,1,1,0
UNIDADE DE PRONTO ATENDIMENTO UPA ZONA NORTE,SARANDI,15a RS MARINGA,MACRORREGIONAL NOROESTE,2,1,0,1,0,1
UNIDADE DE PRONTO ATENDIMENTO UPA ZONA NORTE,MARINGA,15a RS MARINGA,MACRORREGIONAL NOROESTE,3,1,0,1,1,0
UNIDADE DE PRONTO ATENDIMENTO UPA ZONA NORTE,MARINGA,15a RS MARINGA,MACRORREGIONAL NOROESTE,4,1,0,1,0,1
UNIDADE DE PRONTO ATENDIMENTO UPA ZONA NORTE,SARANDI,15a RS MARINGA,MACRORREGIONAL NOROESTE,4,1,0,1,1,1
UNIDADE DE PRONTO ATENDIMENTO UPA ZONA NORTE,MARINGA,15a RS MARINGA,MACRORREGIONAL NOROESTE,5,7,0,7,2,3
UNIDADE DE PRONTO ATENDIMENTO UPA ZONA NORTE,MARINGA,15a RS MARINGA,MACRORREGIONAL NOROESTE,7,2,0,2,2,2
UNIDADE DE PRONTO ATENDIMENTO UPA ZONA NORTE,MARINGA,15a RS MARINGA,MACRORREGIONAL NOROESTE,8,2,0,2,0,1
UNIDADE DE PRONTO ATENDIMENTO UPA ZONA NORTE,MARINGA,15a RS MARINGA,MACRORREGIONAL NOROESTE,9,1,1,1,1,1
UNIDADE DE PRONTO ATENDIMENTO UPA ZONA NORTE,SARANDI,15a RS MARINGA,MACRORREGIONAL NOROESTE,9,1,0,1,0,1
UNIDADE DE PRONTO ATENDIMENTO UPA ZONA NORTE,MARINGA,15a RS MARINGA,MACRORREGIONAL NOROESTE,10,4,1,4,1,3
UNIDADE DE PRONTO ATENDIMENTO UPA ZONA NORTE,MARINGA,15a RS MARINGA,MACRORREGIONAL NOROESTE,11,1,0,1,1,1
UNIDADE DE PRONTO ATENDIMENTO UPA ZONA NORTE,MARINGA,15a RS MARINGA,MACRORREGIONAL NOROESTE,12,2,0,1,2,1
UNIDADE DE PRONTO ATENDIMENTO UPA ZONA NORTE,MARINGA,15a RS MARINGA,MACRORREGIONAL NOROESTE,14,2,0,2,2,0
UNIDADE DE PRONTO ATENDIMENTO UPA ZONA NORTE,MARINGA,15a RS MARINGA,MACRORREGIONAL NOROESTE,15,1,0,1,1,1
UNIDADE DE PRONTO ATENDIMENTO UPA ZONA NORTE,MARINGA,15a RS MARINGA,MACRORREGIONAL NOROESTE,17,2,1,2,1,2
UNIDADE DE PRONTO ATENDIMENTO UPA ZONA NORTE,MARINGA,15a RS MARINGA,MACRORREGIONAL NOROESTE,20,3,0,2,1,2
UNIDADE DE PRONTO ATENDIMENTO UPA ZONA NORTE,MARINGA,15a RS MARINGA,MACRORREGIONAL NOROESTE,21,6,1,5,3,4
UNIDADE DE PRONTO ATENDIMENTO UPA ZONA NORTE,MARINGA,15a RS MARINGA,MACRORREGIONAL NOROESTE,22,4,0,4,1,3
UNIDADE DE PRONTO ATENDIMENTO UPA ZONA NORTE,MARINGA,15a RS MARINGA,MACRORREGIONAL NOROESTE,23,8,2,7,3,7
UNIDADE DE PRONTO ATENDIMENTO UPA ZONA NORTE,MARINGA,15a RS MARINGA,MACRORREGIONAL NOROESTE,24,6,2,2,1,6
UNIDADE DE PRONTO ATENDIMENTO UPA ZONA NORTE,MARINGA,15a RS MARINGA,MACRORREGIONAL NOROESTE,25,6,3,4,3,5
UNIDADE DE PRONTO ATENDIMENTO UPA ZONA NORTE,MARINGA,15a RS MARINGA,MACRORREGIONAL NOROESTE,26,4,0,4,2,1
UNIDADE DE PRONTO ATENDIMENTO UPA ZONA NORTE,MARINGA,15a RS MARINGA,MACRORREGIONAL NOROESTE,27,6,4,5,1,5
UNIDADE DE PRONTO ATENDIMENTO UPA ZONA NORTE,MARINGA,15a RS MARINGA,MACRORREGIONAL NOROESTE,28,4,0,3,0,3
UNIDADE DE PRONTO ATENDIMENTO UPA ZONA NORTE,MARINGA,15a RS MARINGA,MACRORREGIONAL NOROESTE,29,1,1,1,0,1
UNIDADE DE PRONTO ATENDIMENTO UPA ZONA NORTE,MARINGA,15a RS MARINGA,MACRORREGIONAL NOROESTE,30,2,2,2,2,0
UNIDADE DE PRONTO ATENDIMENTO UPA ZONA NORTE,MARINGA,15a RS MARINGA,MACRORREGIONAL NOROESTE,31,3,1,2,2,3
UNIDADE DE PRONTO ATENDIMENTO UPA ZONA NORTE,MARINGA,15a RS MARINGA,MACRORREGIONAL NOROESTE,32,2,1,2,1,2
UNIDADE DE PRONTO ATENDIMENTO UPA ZONA NORTE,MARINGA,15a RS MARINGA,MACRORREGIONAL NOROESTE,33,5,2,4,2,5
UNIDADE DE PRONTO ATENDIMENTO UPA ZONA NORTE,MARINGA,15a RS MARINGA,MACRORREGIONAL NOROESTE,34,4,1,3,1,4
UNIDADE DE PRONTO ATENDIMENTO UPA ZONA NORTE,SARANDI,15a RS MARINGA,MACRORREGIONAL NOROESTE,34,1,0,1,0,1
UNIDADE DE PRONTO ATENDIMENTO UPA ZONA NORTE,MARINGA,15a RS MARINGA,MACRORREGIONAL NOROESTE,35,2,2,2,2,2
UNIDADE DE PRONTO ATENDIMENTO UPA ZONA SUL,MARINGA,15a RS MARINGA,MACRORREGIONAL NOROESTE,1,2,0,2,1,2
UNIDADE DE PRONTO ATENDIMENTO UPA ZONA SUL,MARINGA,15a RS MARINGA,MACRORREGIONAL NOROESTE,2,3,0,3,1,1
UNIDADE DE PRONTO ATENDIMENTO UPA ZONA SUL,MARINGA,15a RS MARINGA,MACRORREGIONAL NOROESTE,3,1,0,1,0,0
UNIDADE DE PRONTO ATENDIMENTO UPA ZONA SUL,MARINGA,15a RS MARINGA,MACRORREGIONAL NOROESTE,5,2,1,2,1,2
UNIDADE DE PRONTO ATENDIMENTO UPA ZONA SUL,SARANDI,15a RS MARINGA,MACRORREGIONAL NOROESTE,5,1,0,1,0,0
UNIDADE DE PRONTO ATENDIMENTO UPA ZONA SUL,MARINGA,15a RS MARINGA,MACRORREGIONAL NOROESTE,6,4,0,4,0,3
UNIDADE DE PRONTO ATENDIMENTO UPA ZONA SUL,SARANDI,15a RS MARINGA,MACRORREGIONAL NOROESTE,6,1,0,1,0,0
UNIDADE DE PRONTO ATENDIMENTO UPA ZONA SUL,MARINGA,15a RS MARINGA,MACRORREGIONAL NOROESTE,7,1,0,0,0,1
UNIDADE DE PRONTO ATENDIMENTO UPA ZONA SUL,MARINGA,15a RS MARINGA,MACRORREGIONAL NOROESTE,9,1,0,1,0,0
UNIDADE DE PRONTO ATENDIMENTO UPA ZONA SUL,MARINGA,15a RS MARINGA,MACRORREGIONAL NOROESTE,10,3,0,3,0,0
UNIDADE DE PRONTO ATENDIMENTO UPA ZONA SUL,MARINGA,15a RS MARINGA,MACRORREGIONAL NOROESTE,11,3,1,3,0,2
UNIDADE DE PRONTO ATENDIMENTO UPA ZONA SUL,MARINGA,15a RS MARINGA,MACRORREGIONAL NOROESTE,12,1,0,1,0,0
UNIDADE DE PRONTO ATENDIMENTO UPA ZONA SUL,MARINGA,15a RS MARINGA,MACRORREGIONAL NOROESTE,13,1,0,1,0,1
UNIDADE DE PRONTO ATENDIMENTO UPA ZONA SUL,MARINGA,15a RS MARINGA,MACRORREGIONAL NOROESTE,14,1,0,1,1,1
UNIDADE DE PRONTO ATENDIMENTO UPA ZONA SUL,SARANDI,15a RS MARINGA,MACRORREGIONAL NOROESTE,14,1,0,1,0,1
UNIDADE DE PRONTO ATENDIMENTO UPA ZONA SUL,MARINGA,15a RS MARINGA,MACRORREGIONAL NOROESTE,15,2,0,1,0,2
UNIDADE DE PRONTO ATENDIMENTO UPA ZONA SUL,MARINGA,15a RS MARINGA,MACRORREGIONAL NOROESTE,16,2,0,1,1,2
UNIDADE DE PRONTO ATENDIMENTO UPA ZONA SUL,MARINGA,15a RS MARINGA,MACRORREGIONAL NOROESTE,17,3,0,2,0,2
UNIDADE DE PRONTO ATENDIMENTO UPA ZONA SUL,MARINGA,15a RS MARINGA,MACRORREGIONAL NOROESTE,19,3,1,2,0,3
UNIDADE DE PRONTO ATENDIMENTO UPA ZONA SUL,MARINGA,15a RS MARINGA,MACRORREGIONAL NOROESTE,20,5,0,3,0,3
UNIDADE DE PRONTO ATENDIMENTO UPA ZONA SUL,SARANDI,15a RS MARINGA,MACRORREGIONAL NOROESTE,20,1,0,1,1,0
UNIDADE DE PRONTO ATENDIMENTO UPA ZONA SUL,MARINGA,15a RS MARINGA,MACRORREGIONAL NOROESTE,21,13,0,11,0,9
UNIDADE DE PRONTO ATENDIMENTO UPA ZONA SUL,MARINGA,15a RS MARINGA,MACRORREGIONAL NOROESTE,22,3,0,2,0,3
UNIDADE DE PRONTO ATENDIMENTO UPA ZONA SUL,SARANDI,15a RS MARINGA,MACRORREGIONAL NOROESTE,22,2,2,2,1,2
UNIDADE DE PRONTO ATENDIMENTO UPA ZONA SUL,MARINGA,15a RS MARINGA,MACRORREGIONAL NOROESTE,23,11,0,5,1,10
UNIDADE DE PRONTO ATENDIMENTO UPA ZONA SUL,MARINGA,15a RS MARINGA,MACRORREGIONAL NOROESTE,24,13,1,10,0,7
UNIDADE DE PRONTO ATENDIMENTO UPA ZONA SUL,MARINGA,15a RS MARINGA,MACRORREGIONAL NOROESTE,25,11,0,10,1,3
UNIDADE DE PRONTO ATENDIMENTO UPA ZONA SUL,MARINGA,15a RS MARINGA,MACRORREGIONAL NOROESTE,26,6,1,6,1,5
UNIDADE DE PRONTO ATENDIMENTO UPA ZONA SUL,SARANDI,15a RS MARINGA,MACRORREGIONAL NOROESTE,26,1,1,1,1,1
UNIDADE DE PRONTO ATENDIMENTO UPA ZONA SUL,MARINGA,15a RS MARINGA,MACRORREGIONAL NOROESTE,27,7,3,6,0,7
UNIDADE DE PRONTO ATENDIMENTO UPA ZONA SUL,MARINGA,15a RS MARINGA,MACRORREGIONAL NOROESTE,28,11,2,7,1,10
UNIDADE DE PRONTO ATENDIMENTO UPA ZONA SUL,MARINGA,15a RS MARINGA,MACRORREGIONAL NOROESTE,29,3,1,1,0,1
UNIDADE DE PRONTO ATENDIMENTO UPA ZONA SUL,SARANDI,15a RS MARINGA,MACRORREGIONAL NOROESTE,29,1,0,0,1,1
UNIDADE DE PRONTO ATENDIMENTO UPA ZONA SUL,MARINGA,15a RS MARINGA,MACRORREGIONAL NOROESTE,30,8,2,4,2,7
UNIDADE DE PRONTO ATENDIMENTO UPA ZONA SUL,MARINGA,15a RS MARINGA,MACRORREGIONAL NOROESTE,31,1,1,1,0,1
UNIDADE DE PRONTO ATENDIMENTO UPA ZONA SUL,SARANDI,15a RS MARINGA,MACRORREGIONAL NOROESTE,31,1,0,1,0,0
UNIDADE DE PRONTO ATENDIMENTO UPA ZONA SUL,MARINGA,15a RS MARINGA,MACRORREGIONAL NOROESTE,32,2,1,2,0,2
UNIDADE DE PRONTO ATENDIMENTO UPA ZONA SUL,MARINGA,15a RS MARINGA,MACRORREGIONAL NOROESTE,33,4,0,3,0,4
UNIDADE DE PRONTO ATENDIMENTO UPA ZONA SUL,MARINGA,15a RS MARINGA,MACRORREGIONAL NOROESTE,34,2,0,2,0,2
UNIDADE DE PRONTO ATENDIMENTO UPA ZONA SUL,MARINGA,15a RS MARINGA,MACRORREGIONAL NOROESTE,35,7,1,7,1,5
UNIDADE DE PRONTO ATENDIMENTO UPA ZONA SUL,MARINGA,15a RS MARINGA,MACRORREGIONAL NOROESTE,36,2,0,1,0,2
UNIDADE DE PRONTO ATENDIMENTO UPA ZONA SUL,MARINGA,15a RS MARINGA,MACRORREGIONAL NOROESTE,37,1,0,0,0,0
UNIDADE DE PRONTO ATENDIMENTO UPA ZONA SUL,MARINGA,15a RS MARINGA,MACRORREGIONAL NOROESTE,38,1,0,0,0,0
UNIDADE DE PRONTO ATENDIMENTO UPA ZONA SUL,MARINGA,15a RS MARINGA,MACRORREGIONAL NOROESTE,39,1,0,0,0,0
UPA 24 HS GUSTAVO FARIAS,SARANDI,15a RS MARINGA,MACRORREGIONAL NOROESTE,3,1,0,1,0,1
UPA 24 HS GUSTAVO FARIAS,SARANDI,15a RS MARINGA,MACRORREGIONAL NOROESTE,28,1,0,1,0,0
UPA 24 HS GUSTAVO FARIAS,MARINGA,15a RS MARINGA,MACRORREGIONAL NOROESTE,29,1,0,1,0,0
UPA 24 HS GUSTAVO FARIAS,SARANDI,15a RS MARINGA,MACRORREGIONAL NOROESTE,29,1,0,1,0,0
UPA 24 HS GUSTAVO FARIAS,SARANDI,15a RS MARINGA,MACRORREGIONAL NOROESTE,31,1,0,1,0,0
UPA 24 HS GUSTAVO FARIAS,SARANDI,15a RS MARINGA,MACRORREGIONAL NOROESTE,34,2,1,2,1,0
HNSG HOSPITAL PROVIDENCIA MATERNO INFANTIL,APUCARANA,16a RS APUCARANA,MACRORREGIONAL NORTE,1,3,0,3,0,3
HNSG HOSPITAL PROVIDENCIA MATERNO INFANTIL,APUCARANA,16a RS APUCARANA,MACRORREGIONAL NORTE,2,1,0,1,0,1
HNSG HOSPITAL PROVIDENCIA MATERNO INFANTIL,APUCARANA,16a RS APUCARANA,MACRORREGIONAL NORTE,3,1,0,1,0,1
HNSG HOSPITAL PROVIDENCIA MATERNO INFANTIL,APUCARANA,16a RS APUCARANA,MACRORREGIONAL NORTE,4,2,0,2,1,2
HNSG HOSPITAL PROVIDENCIA MATERNO INFANTIL,APUCARANA,16a RS APUCARANA,MACRORREGIONAL NORTE,5,1,0,1,0,1
HNSG HOSPITAL PROVIDENCIA MATERNO INFANTIL,APUCARANA,16a RS APUCARANA,MACRORREGIONAL NORTE,7,5,0,5,2,5
HNSG HOSPITAL PROVIDENCIA MATERNO INFANTIL,APUCARANA,16a RS APUCARANA,MACRORREGIONAL NORTE,8,2,0,2,0,2
HNSG HOSPITAL PROVIDENCIA MATERNO INFANTIL,APUCARANA,16a RS APUCARANA,MACRORREGIONAL NORTE,9,2,0,2,1,2
HNSG HOSPITAL PROVIDENCIA MATERNO INFANTIL,APUCARANA,16a RS APUCARANA,MACRORREGIONAL NORTE,10,1,0,1,0,1
HNSG HOSPITAL PROVIDENCIA MATERNO INFANTIL,APUCARANA,16a RS APUCARANA,MACRORREGIONAL NORTE,11,3,0,3,0,3
HNSG HOSPITAL PROVIDENCIA MATERNO INFANTIL,APUCARANA,16a RS APUCARANA,MACRORREGIONAL NORTE,13,1,0,1,0,1
HNSG HOSPITAL PROVIDENCIA MATERNO INFANTIL,APUCARANA,16a RS APUCARANA,MACRORREGIONAL NORTE,14,4,0,4,0,4
HNSG HOSPITAL PROVIDENCIA MATERNO INFANTIL,APUCARANA,16a RS APUCARANA,MACRORREGIONAL NORTE,15,3,0,3,0,3
HNSG HOSPITAL PROVIDENCIA MATERNO INFANTIL,APUCARANA,16a RS APUCARANA,MACRORREGIONAL NORTE,16,5,0,5,1,5
HNSG HOSPITAL PROVIDENCIA MATERNO INFANTIL,APUCARANA,16a RS APUCARANA,MACRORREGIONAL NORTE,17,6,0,6,1,6
HNSG HOSPITAL PROVIDENCIA MATERNO INFANTIL,APUCARANA,16a RS APUCARANA,MACRORREGIONAL NORTE,18,4,0,4,2,4
HNSG HOSPITAL PROVIDENCIA MATERNO INFANTIL,APUCARANA,16a RS APUCARANA,MACRORREGIONAL NORTE,19,8,0,8,0,8
HNSG HOSPITAL PROVIDENCIA MATERNO INFANTIL,APUCARANA,16a RS APUCARANA,MACRORREGIONAL NORTE,20,10,0,9,1,9
HNSG HOSPITAL PROVIDENCIA MATERNO INFANTIL,APUCARANA,16a RS APUCARANA,MACRORREGIONAL NORTE,21,7,0,7,1,7
HNSG HOSPITAL PROVIDENCIA MATERNO INFANTIL,APUCARANA,16a RS APUCARANA,MACRORREGIONAL NORTE,22,8,0,8,3,8
HNSG HOSPITAL PROVIDENCIA MATERNO INFANTIL,APUCARANA,16a RS APUCARANA,MACRORREGIONAL NORTE,23,11,2,11,2,11
HNSG HOSPITAL PROVIDENCIA MATERNO INFANTIL,APUCARANA,16a RS APUCARANA,MACRORREGIONAL NORTE,24,10,0,8,2,9
HNSG HOSPITAL PROVIDENCIA MATERNO INFANTIL,APUCARANA,16a RS APUCARANA,MACRORREGIONAL NORTE,25,9,0,7,0,7
HNSG HOSPITAL PROVIDENCIA MATERNO INFANTIL,APUCARANA,16a RS APUCARANA,MACRORREGIONAL NORTE,26,8,0,6,1,6
HNSG HOSPITAL PROVIDENCIA MATERNO INFANTIL,APUCARANA,16a RS APUCARANA,MACRORREGIONAL NORTE,27,4,0,2,3,3
HNSG HOSPITAL PROVIDENCIA MATERNO INFANTIL,APUCARANA,16a RS APUCARANA,MACRORREGIONAL NORTE,28,7,0,7,2,7
HNSG HOSPITAL PROVIDENCIA MATERNO INFANTIL,APUCARANA,16a RS APUCARANA,MACRORREGIONAL NORTE,29,2,0,2,1,2
HNSG HOSPITAL PROVIDENCIA MATERNO INFANTIL,APUCARANA,16a RS APUCARANA,MACRORREGIONAL NORTE,30,3,0,2,0,2
HNSG HOSPITAL PROVIDENCIA MATERNO INFANTIL,APUCARANA,16a RS APUCARANA,MACRORREGIONAL NORTE,31,1,0,1,1,1
HNSG HOSPITAL PROVIDENCIA MATERNO INFANTIL,APUCARANA,16a RS APUCARANA,MACRORREGIONAL NORTE,32,3,0,3,0,3
HNSG HOSPITAL PROVIDENCIA MATERNO INFANTIL,APUCARANA,16a RS APUCARANA,MACRORREGIONAL NORTE,33,2,0,2,1,2
HNSG HOSPITAL PROVIDENCIA MATERNO INFANTIL,APUCARANA,16a RS APUCARANA,MACRORREGIONAL NORTE,34,4,0,4,3,4
HNSG HOSPITAL PROVIDENCIA MATERNO INFANTIL,APUCARANA,16a RS APUCARANA,MACRORREGIONAL NORTE,35,4,0,4,1,4
HNSG HOSPITAL PROVIDENCIA MATERNO INFANTIL,APUCARANA,16a RS APUCARANA,MACRORREGIONAL NORTE,36,4,0,3,0,3
HNSG HOSPITAL PROVIDENCIA MATERNO INFANTIL,APUCARANA,16a RS APUCARANA,MACRORREGIONAL NORTE,37,2,0,1,0,1
HNSG HOSPITAL PROVIDENCIA MATERNO INFANTIL,APUCARANA,16a RS APUCARANA,MACRORREGIONAL NORTE,38,4,0,0,0,0
HONPAR HOSPITAL NORTE PARANAENSE,ARAPONGAS,16a RS APUCARANA,MACRORREGIONAL NORTE,1,3,0,2,1,1
HONPAR HOSPITAL NORTE PARANAENSE,ARAPONGAS,16a RS APUCARANA,MACRORREGIONAL NORTE,2,7,0,5,3,0
HONPAR HOSPITAL NORTE PARANAENSE,ARAPONGAS,16a RS APUCARANA,MACRORREGIONAL NORTE,3,2,0,2,0,0
HONPAR HOSPITAL NORTE PARANAENSE,ARAPONGAS,16a RS APUCARANA,MACRORREGIONAL NORTE,5,2,0,2,0,0
HONPAR HOSPITAL NORTE PARANAENSE,ARAPONGAS,16a RS APUCARANA,MACRORREGIONAL NORTE,6,2,0,2,1,0
HONPAR HOSPITAL NORTE PARANAENSE,ARAPONGAS,16a RS APUCARANA,MACRORREGIONAL NORTE,7,3,0,3,0,0
HONPAR HOSPITAL NORTE PARANAENSE,ARAPONGAS,16a RS APUCARANA,MACRORREGIONAL NORTE,8,4,0,1,0,0
HONPAR HOSPITAL NORTE PARANAENSE,ARAPONGAS,16a RS APUCARANA,MACRORREGIONAL NORTE,9,1,0,0,0,0
HONPAR HOSPITAL NORTE PARANAENSE,ARAPONGAS,16a RS APUCARANA,MACRORREGIONAL NORTE,10,1,0,1,1,0
HONPAR HOSPITAL NORTE PARANAENSE,ARAPONGAS,16a RS APUCARANA,MACRORREGIONAL NORTE,12,2,0,0,1,0
HONPAR HOSPITAL NORTE PARANAENSE,ARAPONGAS,16a RS APUCARANA,MACRORREGIONAL NORTE,13,4,0,3,3,0
HONPAR HOSPITAL NORTE PARANAENSE,ARAPONGAS,16a RS APUCARANA,MACRORREGIONAL NORTE,14,2,0,1,1,0
HONPAR HOSPITAL NORTE PARANAENSE,ARAPONGAS,16a RS APUCARANA,MACRORREGIONAL NORTE,15,3,0,3,0,0
HONPAR HOSPITAL NORTE PARANAENSE,ARAPONGAS,16a RS APUCARANA,MACRORREGIONAL NORTE,17,1,1,1,1,0
HONPAR HOSPITAL NORTE PARANAENSE,ARAPONGAS,16a RS APUCARANA,MACRORREGIONAL NORTE,18,4,0,3,3,0
HONPAR HOSPITAL NORTE PARANAENSE,ARAPONGAS,16a RS APUCARANA,MACRORREGIONAL NORTE,19,3,0,1,2,0
HONPAR HOSPITAL NORTE PARANAENSE,ARAPONGAS,16a RS APUCARANA,MACRORREGIONAL NORTE,20,2,0,1,2,0
HONPAR HOSPITAL NORTE PARANAENSE,ARAPONGAS,16a RS APUCARANA,MACRORREGIONAL NORTE,21,4,0,1,2,0
HONPAR HOSPITAL NORTE PARANAENSE,ARAPONGAS,16a RS APUCARANA,MACRORREGIONAL NORTE,22,4,1,2,2,1
HONPAR HOSPITAL NORTE PARANAENSE,ARAPONGAS,16a RS APUCARANA,MACRORREGIONAL NORTE,23,5,0,4,5,0
HONPAR HOSPITAL NORTE PARANAENSE,ARAPONGAS,16a RS APUCARANA,MACRORREGIONAL NORTE,24,6,0,3,1,0
HONPAR HOSPITAL NORTE PARANAENSE,ARAPONGAS,16a RS APUCARANA,MACRORREGIONAL NORTE,25,4,0,2,1,0
HONPAR HOSPITAL NORTE PARANAENSE,ARAPONGAS,16a RS APUCARANA,MACRORREGIONAL NORTE,26,1,0,0,1,0
HONPAR HOSPITAL NORTE PARANAENSE,ARAPONGAS,16a RS APUCARANA,MACRORREGIONAL NORTE,27,4,0,0,3,0
HONPAR HOSPITAL NORTE PARANAENSE,ARAPONGAS,16a RS APUCARANA,MACRORREGIONAL NORTE,28,2,0,0,0,0
HONPAR HOSPITAL NORTE PARANAENSE,ARAPONGAS,16a RS APUCARANA,MACRORREGIONAL NORTE,29,2,0,0,0,0
HOSPITAL NOSSA SENHORA DE FATIMA,JANDAIA DO SUL,16a RS APUCARANA,MACRORREGIONAL NORTE,4,1,0,1,0,0
HOSPITAL NOSSA SENHORA DE FATIMA,JANDAIA DO SUL,16a RS APUCARANA,MACRORREGIONAL NORTE,10,2,0,2,0,1
HOSPITAL NOSSA SENHORA DE FATIMA,JANDAIA DO SUL,16a RS APUCARANA,MACRORREGIONAL NORTE,11,1,0,1,0,0
HOSPITAL NOSSA SENHORA DE FATIMA,JANDAIA DO SUL,16a RS APUCARANA,MACRORREGIONAL NORTE,14,1,0,1,0,0
HOSPITAL NOSSA SENHORA DE FATIMA,JANDAIA DO SUL,16a RS APUCARANA,MACRORREGIONAL NORTE,15,4,0,4,0,1
HOSPITAL NOSSA SENHORA DE FATIMA,JANDAIA DO SUL,16a RS APUCARANA,MACRORREGIONAL NORTE,16,2,0,2,0,1
HOSPITAL NOSSA SENHORA DE FATIMA,JANDAIA DO SUL,16a RS APUCARANA,MACRORREGIONAL NORTE,17,5,0,5,0,3
HOSPITAL NOSSA SENHORA DE FATIMA,JANDAIA DO SUL,16a RS APUCARANA,MACRORREGIONAL NORTE,18,5,0,5,0,2
HOSPITAL NOSSA SENHORA DE FATIMA,JANDAIA DO SUL,16a RS APUCARANA,MACRORREGIONAL NORTE,19,3,0,3,0,2
HOSPITAL NOSSA SENHORA DE FATIMA,JANDAIA DO SUL,16a RS APUCARANA,MACRORREGIONAL NORTE,20,2,0,2,0,2
HOSPITAL NOSSA SENHORA DE FATIMA,JANDAIA DO SUL,16a RS APUCARANA,MACRORREGIONAL NORTE,21,6,0,6,0,3
HOSPITAL NOSSA SENHORA DE FATIMA,JANDAIA DO SUL,16a RS APUCARANA,MACRORREGIONAL NORTE,22,6,0,6,0,2
HOSPITAL NOSSA SENHORA DE FATIMA,JANDAIA DO SUL,16a RS APUCARANA,MACRORREGIONAL NORTE,23,1,0,1,0,0
HOSPITAL NOSSA SENHORA DE FATIMA,JANDAIA DO SUL,16a RS APUCARANA,MACRORREGIONAL NORTE,24,5,0,5,0,0
HOSPITAL NOSSA SENHORA DE FATIMA,JANDAIA DO SUL,16a RS APUCARANA,MACRORREGIONAL NORTE,25,1,0,1,0,0
HOSPITAL NOSSA SENHORA DE FATIMA,JANDAIA DO SUL,16a RS APUCARANA,MACRORREGIONAL NORTE,26,5,0,5,0,1
HOSPITAL NOSSA SENHORA DE FATIMA,JANDAIA DO SUL,16a RS APUCARANA,MACRORREGIONAL NORTE,27,7,0,7,0,2
HOSPITAL NOSSA SENHORA DE FATIMA,JANDAIA DO SUL,16a RS APUCARANA,MACRORREGIONAL NORTE,28,5,0,4,0,0
HOSPITAL NOSSA SENHORA DE FATIMA,JANDAIA DO SUL,16a RS APUCARANA,MACRORREGIONAL NORTE,29,2,0,2,0,1
HOSPITAL NOSSA SENHORA DE FATIMA,JANDAIA DO SUL,16a RS APUCARANA,MACRORREGIONAL NORTE,30,4,0,4,0,1
HOSPITAL NOSSA SENHORA DE FATIMA,JANDAIA DO SUL,16a RS APUCARANA,MACRORREGIONAL NORTE,31,4,0,4,0,3
HOSPITAL NOSSA SENHORA DE FATIMA,JANDAIA DO SUL,16a RS APUCARANA,MACRORREGIONAL NORTE,33,2,0,2,0,0
HOSPITAL NOSSA SENHORA DE FATIMA,JANDAIA DO SUL,16a RS APUCARANA,MACRORREGIONAL NORTE,34,2,0,2,0,1
HOSPITAL NOSSA SENHORA DE FATIMA,JANDAIA DO SUL,16a RS APUCARANA,MACRORREGIONAL NORTE,35,2,0,2,0,0
HOSPITAL NOSSA SENHORA DE FATIMA,JANDAIA DO SUL,16a RS APUCARANA,MACRORREGIONAL NORTE,36,3,0,0,0,0
HOSPITAL NOSSA SENHORA DE FATIMA,JANDAIA DO SUL,16a RS APUCARANA,MACRORREGIONAL NORTE,37,1,0,0,0,0
HOSPITAL NOSSA SENHORA DE FATIMA,JANDAIA DO SUL,16a RS APUCARANA,MACRORREGIONAL NORTE,38,1,0,0,0,0
CLINIPAM CLINICA PARANAENSE DE ASSISTENCIA MEDICA,LONDRINA,17a RS LONDRINA,MACRORREGIONAL NORTE,1,1,0,1,1,0
CLINIPAM CLINICA PARANAENSE DE ASSISTENCIA MEDICA,LONDRINA,17a RS LONDRINA,MACRORREGIONAL NORTE,2,1,0,1,1,0
CLINIPAM CLINICA PARANAENSE DE ASSISTENCIA MEDICA,LONDRINA,17a RS LONDRINA,MACRORREGIONAL NORTE,7,1,0,1,0,0
CLINIPAM CLINICA PARANAENSE DE ASSISTENCIA MEDICA,LONDRINA,17a RS LONDRINA,MACRORREGIONAL NORTE,8,1,0,1,1,0
CLINIPAM CLINICA PARANAENSE DE ASSISTENCIA MEDICA,LONDRINA,17a RS LONDRINA,MACRORREGIONAL NORTE,10,1,0,1,1,0
CLINIPAM CLINICA PARANAENSE DE ASSISTENCIA MEDICA,LONDRINA,17a RS LONDRINA,MACRORREGIONAL NORTE,14,3,0,3,2,3
CLINIPAM CLINICA PARANAENSE DE ASSISTENCIA MEDICA,LONDRINA,17a RS LONDRINA,MACRORREGIONAL NORTE,16,2,0,2,0,0
CLINIPAM CLINICA PARANAENSE DE ASSISTENCIA MEDICA,LONDRINA,17a RS LONDRINA,MACRORREGIONAL NORTE,17,5,0,5,3,2
CLINIPAM CLINICA PARANAENSE DE ASSISTENCIA MEDICA,LONDRINA,17a RS LONDRINA,MACRORREGIONAL NORTE,18,2,0,2,2,1
CLINIPAM CLINICA PARANAENSE DE ASSISTENCIA MEDICA,LONDRINA,17a RS LONDRINA,MACRORREGIONAL NORTE,19,2,0,2,2,2
CLINIPAM CLINICA PARANAENSE DE ASSISTENCIA MEDICA,LONDRINA,17a RS LONDRINA,MACRORREGIONAL NORTE,20,1,0,1,1,0
CLINIPAM CLINICA PARANAENSE DE ASSISTENCIA MEDICA,LONDRINA,17a RS LONDRINA,MACRORREGIONAL NORTE,21,2,0,2,1,2
CLINIPAM CLINICA PARANAENSE DE ASSISTENCIA MEDICA,LONDRINA,17a RS LONDRINA,MACRORREGIONAL NORTE,23,1,0,1,1,0
CLINIPAM CLINICA PARANAENSE DE ASSISTENCIA MEDICA,LONDRINA,17a RS LONDRINA,MACRORREGIONAL NORTE,24,1,0,1,1,0
CLINIPAM CLINICA PARANAENSE DE ASSISTENCIA MEDICA,LONDRINA,17a RS LONDRINA,MACRORREGIONAL NORTE,25,1,0,1,1,1
CLINIPAM CLINICA PARANAENSE DE ASSISTENCIA MEDICA,LONDRINA,17a RS LONDRINA,MACRORREGIONAL NORTE,26,1,0,1,1,1
CLINIPAM CLINICA PARANAENSE DE ASSISTENCIA MEDICA,LONDRINA,17a RS LONDRINA,MACRORREGIONAL NORTE,27,1,0,1,1,1
CLINIPAM CLINICA PARANAENSE DE ASSISTENCIA MEDICA,LONDRINA,17a RS LONDRINA,MACRORREGIONAL NORTE,38,1,0,0,1,0
HCL HOSPITAL DO CANCER DE LONDRINA,LONDRINA,17a RS LONDRINA,MACRORREGIONAL NORTE,3,1,0,1,0,1
HCL HOSPITAL DO CANCER DE LONDRINA,LONDRINA,17a RS LONDRINA,MACRORREGIONAL NORTE,4,1,0,1,0,1
HCL HOSPITAL DO CANCER DE LONDRINA,LONDRINA,17a RS LONDRINA,MACRORREGIONAL NORTE,5,1,0,1,0,1
HCL HOSPITAL DO CANCER DE LONDRINA,LONDRINA,17a RS LONDRINA,MACRORREGIONAL NORTE,6,3,0,2,0,2
HCL HOSPITAL DO CANCER DE LONDRINA,LONDRINA,17a RS LONDRINA,MACRORREGIONAL NORTE,16,2,0,1,1,1
HCL HOSPITAL DO CANCER DE LONDRINA,LONDRINA,17a RS LONDRINA,MACRORREGIONAL NORTE,33,1,0,0,1,0
HOSPITAL ARAUCARIA DE LONDRINA,LONDRINA,17a RS LONDRINA,MACRORREGIONAL NORTE,1,2,0,2,2,2
HOSPITAL ARAUCARIA DE LONDRINA,LONDRINA,17a RS LONDRINA,MACRORREGIONAL NORTE,4,1,0,1,0,0
HOSPITAL ARAUCARIA DE LONDRINA,LONDRINA,17a RS LONDRINA,MACRORREGIONAL NORTE,6,1,0,1,0,1
HOSPITAL ARAUCARIA DE LONDRINA,LONDRINA,17a RS LONDRINA,MACRORREGIONAL NORTE,7,1,0,1,1,0
HOSPITAL ARAUCARIA DE LONDRINA,LONDRINA,17a RS LONDRINA,MACRORREGIONAL NORTE,17,1,0,1,0,1
HOSPITAL ARAUCARIA DE LONDRINA,LONDRINA,17a RS LONDRINA,MACRORREGIONAL NORTE,22,2,0,2,1,2
HOSPITAL ARAUCARIA DE LONDRINA,LONDRINA,17a RS LONDRINA,MACRORREGIONAL NORTE,23,3,0,2,1,2
HOSPITAL ARAUCARIA DE LONDRINA,LONDRINA,17a RS LONDRINA,MACRORREGIONAL NORTE,24,1,0,1,0,1
HOSPITAL ARAUCARIA DE LONDRINA,LONDRINA,17a RS LONDRINA,MACRORREGIONAL NORTE,25,1,0,1,0,1
HOSPITAL ARAUCARIA DE LONDRINA,LONDRINA,17a RS LONDRINA,MACRORREGIONAL NORTE,26,2,0,0,1,1
HOSPITAL ARAUCARIA DE LONDRINA,LONDRINA,17a RS LONDRINA,MACRORREGIONAL NORTE,27,1,0,1,0,1
HOSPITAL ARAUCARIA DE LONDRINA,LONDRINA,17a RS LONDRINA,MACRORREGIONAL NORTE,30,1,0,1,1,1
HOSPITAL CRISTO REI,IBIPORA,17a RS LONDRINA,MACRORREGIONAL NORTE,1,4,0,4,0,1
HOSPITAL CRISTO REI,IBIPORA,17a RS LONDRINA,MACRORREGIONAL NORTE,4,1,0,1,0,0
HOSPITAL CRISTO REI,IBIPORA,17a RS LONDRINA,MACRORREGIONAL NORTE,11,1,0,0,0,0
HOSPITAL CRISTO REI,IBIPORA,17a RS LONDRINA,MACRORREGIONAL NORTE,14,1,0,0,0,0
HOSPITAL CRISTO REI,IBIPORA,17a RS LONDRINA,MACRORREGIONAL NORTE,15,1,0,0,0,0
HOSPITAL CRISTO REI,IBIPORA,17a RS LONDRINA,MACRORREGIONAL NORTE,16,1,0,0,0,0
HOSPITAL CRISTO REI,IBIPORA,17a RS LONDRINA,MACRORREGIONAL NORTE,17,1,0,0,0,0
HOSPITAL CRISTO REI,IBIPORA,17a RS LONDRINA,MACRORREGIONAL NORTE,18,1,0,0,0,0
HOSPITAL CRISTO REI,IBIPORA,17a RS LONDRINA,MACRORREGIONAL NORTE,19,3,0,2,0,2
HOSPITAL CRISTO REI,IBIPORA,17a RS LONDRINA,MACRORREGIONAL NORTE,20,4,0,4,0,3
HOSPITAL CRISTO REI,IBIPORA,17a RS LONDRINA,MACRORREGIONAL NORTE,21,2,0,2,0,1
HOSPITAL CRISTO REI,IBIPORA,17a RS LONDRINA,MACRORREGIONAL NORTE,22,1,0,1,0,1
HOSPITAL CRISTO REI,IBIPORA,17a RS LONDRINA,MACRORREGIONAL NORTE,23,1,0,1,0,1
HOSPITAL CRISTO REI,IBIPORA,17a RS LONDRINA,MACRORREGIONAL NORTE,25,1,0,1,0,1
HOSPITAL CRISTO REI,IBIPORA,17a RS LONDRINA,MACRORREGIONAL NORTE,37,1,0,0,0,0
HOSPITAL DOUTOR ANISIO FIGUEIREDO HZN,LONDRINA,17a RS LONDRINA,MACRORREGIONAL NORTE,1,1,0,0,0,0
HOSPITAL DOUTOR ANISIO FIGUEIREDO HZN,LONDRINA,17a RS LONDRINA,MACRORREGIONAL NORTE,3,3,2,3,0,0
HOSPITAL DOUTOR ANISIO FIGUEIREDO HZN,LONDRINA,17a RS LONDRINA,MACRORREGIONAL NORTE,4,4,0,4,0,1
HOSPITAL DOUTOR ANISIO FIGUEIREDO HZN,LONDRINA,17a RS LONDRINA,MACRORREGIONAL NORTE,5,3,2,3,1,0
HOSPITAL DOUTOR ANISIO FIGUEIREDO HZN,LONDRINA,17a RS LONDRINA,MACRORREGIONAL NORTE,6,1,0,1,0,0
HOSPITAL DOUTOR ANISIO FIGUEIREDO HZN,LONDRINA,17a RS LONDRINA,MACRORREGIONAL NORTE,7,1,0,0,0,0
HOSPITAL DOUTOR ANISIO FIGUEIREDO HZN,LONDRINA,17a RS LONDRINA,MACRORREGIONAL NORTE,8,2,0,1,0,0
HOSPITAL DOUTOR ANISIO FIGUEIREDO HZN,LONDRINA,17a RS LONDRINA,MACRORREGIONAL NORTE,14,1,0,0,0,0
HOSPITAL DOUTOR ANISIO FIGUEIREDO HZN,LONDRINA,17a RS LONDRINA,MACRORREGIONAL NORTE,19,4,0,0,0,0
HOSPITAL DOUTOR ANISIO FIGUEIREDO HZN,LONDRINA,17a RS LONDRINA,MACRORREGIONAL NORTE,20,9,0,0,0,0
HOSPITAL DOUTOR ANISIO FIGUEIREDO HZN,LONDRINA,17a RS LONDRINA,MACRORREGIONAL NORTE,21,2,0,0,0,0
HOSPITAL DOUTOR ANISIO FIGUEIREDO HZN,LONDRINA,17a RS LONDRINA,MACRORREGIONAL NORTE,22,6,0,1,0,0
HOSPITAL DOUTOR ANISIO FIGUEIREDO HZN,LONDRINA,17a RS LONDRINA,MACRORREGIONAL NORTE,26,1,0,0,0,0
HOSPITAL DOUTOR EULALINO IGNACIO DE ANDRADE HZS,LONDRINA,17a RS LONDRINA,MACRORREGIONAL NORTE,1,3,0,0,0,1
HOSPITAL DOUTOR EULALINO IGNACIO DE ANDRADE HZS,LONDRINA,17a RS LONDRINA,MACRORREGIONAL NORTE,3,1,0,0,0,0
HOSPITAL DOUTOR EULALINO IGNACIO DE ANDRADE HZS,LONDRINA,17a RS LONDRINA,MACRORREGIONAL NORTE,6,2,0,0,0,1
HOSPITAL DOUTOR EULALINO IGNACIO DE ANDRADE HZS,LONDRINA,17a RS LONDRINA,MACRORREGIONAL NORTE,8,3,0,2,0,1
HOSPITAL DOUTOR EULALINO IGNACIO DE ANDRADE HZS,LONDRINA,17a RS LONDRINA,MACRORREGIONAL NORTE,9,3,0,2,0,2
HOSPITAL DOUTOR EULALINO IGNACIO DE ANDRADE HZS,LONDRINA,17a RS LONDRINA,MACRORREGIONAL NORTE,10,3,0,3,0,2
HOSPITAL DOUTOR EULALINO IGNACIO DE ANDRADE HZS,LONDRINA,17a RS LONDRINA,MACRORREGIONAL NORTE,11,2,0,2,0,2
HOSPITAL DOUTOR EULALINO IGNACIO DE ANDRADE HZS,LONDRINA,17a RS LONDRINA,MACRORREGIONAL NORTE,12,4,0,2,0,1
HOSPITAL DOUTOR EULALINO IGNACIO DE ANDRADE HZS,LONDRINA,17a RS LONDRINA,MACRORREGIONAL NORTE,13,2,0,0,0,0
HOSPITAL DOUTOR EULALINO IGNACIO DE ANDRADE HZS,LONDRINA,17a RS LONDRINA,MACRORREGIONAL NORTE,14,2,0,2,0,1
HOSPITAL DOUTOR EULALINO IGNACIO DE ANDRADE HZS,LONDRINA,17a RS LONDRINA,MACRORREGIONAL NORTE,15,2,0,2,0,2
HOSPITAL DOUTOR EULALINO IGNACIO DE ANDRADE HZS,LONDRINA,17a RS LONDRINA,MACRORREGIONAL NORTE,16,6,0,3,0,4
HOSPITAL DOUTOR EULALINO IGNACIO DE ANDRADE HZS,LONDRINA,17a RS LONDRINA,MACRORREGIONAL NORTE,19,7,0,5,0,5
HOSPITAL DOUTOR EULALINO IGNACIO DE ANDRADE HZS,LONDRINA,17a RS LONDRINA,MACRORREGIONAL NORTE,20,4,0,3,0,3
HOSPITAL DOUTOR EULALINO IGNACIO DE ANDRADE HZS,LONDRINA,17a RS LONDRINA,MACRORREGIONAL NORTE,21,14,0,8,0,7
HOSPITAL DOUTOR EULALINO IGNACIO DE ANDRADE HZS,LONDRINA,17a RS LONDRINA,MACRORREGIONAL NORTE,22,7,0,1,0,5
HOSPITAL DOUTOR EULALINO IGNACIO DE ANDRADE HZS,LONDRINA,17a RS LONDRINA,MACRORREGIONAL NORTE,23,5,0,0,0,4
HOSPITAL DOUTOR EULALINO IGNACIO DE ANDRADE HZS,LONDRINA,17a RS LONDRINA,MACRORREGIONAL NORTE,24,9,0,2,0,5
HOSPITAL DOUTOR EULALINO IGNACIO DE ANDRADE HZS,LONDRINA,17a RS LONDRINA,MACRORREGIONAL NORTE,25,7,0,1,0,4
HOSPITAL DOUTOR EULALINO IGNACIO DE ANDRADE HZS,LONDRINA,17a RS LONDRINA,MACRORREGIONAL NORTE,26,9,0,1,0,2
HOSPITAL DOUTOR EULALINO IGNACIO DE ANDRADE HZS,LONDRINA,17a RS LONDRINA,MACRORREGIONAL NORTE,27,8,0,1,0,0
HOSPITAL DOUTOR EULALINO IGNACIO DE ANDRADE HZS,LONDRINA,17a RS LONDRINA,MACRORREGIONAL NORTE,28,10,0,3,0,2
HOSPITAL DOUTOR EULALINO IGNACIO DE ANDRADE HZS,LONDRINA,17a RS LONDRINA,MACRORREGIONAL NORTE,29,10,0,3,0,3
HOSPITAL DOUTOR EULALINO IGNACIO DE ANDRADE HZS,LONDRINA,17a RS LONDRINA,MACRORREGIONAL NORTE,30,1,0,1,0,1
HOSPITAL DOUTOR EULALINO IGNACIO DE ANDRADE HZS,LONDRINA,17a RS LONDRINA,MACRORREGIONAL NORTE,31,6,0,2,0,2
HOSPITAL DOUTOR EULALINO IGNACIO DE ANDRADE HZS,LONDRINA,17a RS LONDRINA,MACRORREGIONAL NORTE,32,10,0,1,0,1
HOSPITAL DOUTOR EULALINO IGNACIO DE ANDRADE HZS,LONDRINA,17a RS LONDRINA,MACRORREGIONAL NORTE,33,4,0,0,0,0
HOSPITAL DOUTOR EULALINO IGNACIO DE ANDRADE HZS,LONDRINA,17a RS LONDRINA,MACRORREGIONAL NORTE,34,6,0,0,0,0
HOSPITAL DOUTOR EULALINO IGNACIO DE ANDRADE HZS,LONDRINA,17a RS LONDRINA,MACRORREGIONAL NORTE,35,2,0,1,0,0
HOSPITAL DOUTOR EULALINO IGNACIO DE ANDRADE HZS,LONDRINA,17a RS LONDRINA,MACRORREGIONAL NORTE,36,8,0,2,0,1
HOSPITAL DOUTOR EULALINO IGNACIO DE ANDRADE HZS,LONDRINA,17a RS LONDRINA,MACRORREGIONAL NORTE,37,3,0,1,0,1
HOSPITAL DOUTOR EULALINO IGNACIO DE ANDRADE HZS,LONDRINA,17a RS LONDRINA,MACRORREGIONAL NORTE,38,7,0,0,0,0
HOSPITAL DOUTOR EULALINO IGNACIO DE ANDRADE HZS,LONDRINA,17a RS LONDRINA,MACRORREGIONAL NORTE,39,2,0,0,0,0
HOSPITAL EVANGELICO DE LONDRINA,LONDRINA,17a RS LONDRINA,MACRORREGIONAL NORTE,1,1,0,1,0,0
HOSPITAL EVANGELICO DE LONDRINA,LONDRINA,17a RS LONDRINA,MACRORREGIONAL NORTE,2,1,0,1,0,1
HOSPITAL EVANGELICO DE LONDRINA,LONDRINA,17a RS LONDRINA,MACRORREGIONAL NORTE,3,1,0,1,1,0
HOSPITAL EVANGELICO DE LONDRINA,LONDRINA,17a RS LONDRINA,MACRORREGIONAL NORTE,5,1,0,0,0,0
HOSPITAL EVANGELICO DE LONDRINA,LONDRINA,17a RS LONDRINA,MACRORREGIONAL NORTE,7,3,0,3,0,0
HOSPITAL EVANGELICO DE LONDRINA,LONDRINA,17a RS LONDRINA,MACRORREGIONAL NORTE,8,5,0,0,1,0
HOSPITAL EVANGELICO DE LONDRINA,LONDRINA,17a RS LONDRINA,MACRORREGIONAL NORTE,9,4,0,0,0,0
HOSPITAL EVANGELICO DE LONDRINA,LONDRINA,17a RS LONDRINA,MACRORREGIONAL NORTE,10,6,0,1,1,0
HOSPITAL EVANGELICO DE LONDRINA,LONDRINA,17a RS LONDRINA,MACRORREGIONAL NORTE,11,4,0,0,0,0
HOSPITAL EVANGELICO DE LONDRINA,LONDRINA,17a RS LONDRINA,MACRORREGIONAL NORTE,12,4,0,0,1,0
HOSPITAL EVANGELICO DE LONDRINA,LONDRINA,17a RS LONDRINA,MACRORREGIONAL NORTE,13,2,0,0,0,0
HOSPITAL EVANGELICO DE LONDRINA,LONDRINA,17a RS LONDRINA,MACRORREGIONAL NORTE,14,3,0,0,0,0
HOSPITAL EVANGELICO DE LONDRINA,LONDRINA,17a RS LONDRINA,MACRORREGIONAL NORTE,15,4,0,1,1,0
HOSPITAL EVANGELICO DE LONDRINA,LONDRINA,17a RS LONDRINA,MACRORREGIONAL NORTE,16,4,0,1,1,1
HOSPITAL EVANGELICO DE LONDRINA,LONDRINA,17a RS LONDRINA,MACRORREGIONAL NORTE,17,2,0,0,1,0
HOSPITAL EVANGELICO DE LONDRINA,LONDRINA,17a RS LONDRINA,MACRORREGIONAL NORTE,18,7,0,3,1,0
HOSPITAL EVANGELICO DE LONDRINA,LONDRINA,17a RS LONDRINA,MACRORREGIONAL NORTE,19,5,0,4,2,0
HOSPITAL EVANGELICO DE LONDRINA,LONDRINA,17a RS LONDRINA,MACRORREGIONAL NORTE,20,10,0,6,3,0
HOSPITAL EVANGELICO DE LONDRINA,LONDRINA,17a RS LONDRINA,MACRORREGIONAL NORTE,21,11,0,3,2,1
HOSPITAL EVANGELICO DE LONDRINA,LONDRINA,17a RS LONDRINA,MACRORREGIONAL NORTE,22,11,1,4,3,2
HOSPITAL EVANGELICO DE LONDRINA,LONDRINA,17a RS LONDRINA,MACRORREGIONAL NORTE,23,8,0,1,2,0
HOSPITAL EVANGELICO DE LONDRINA,LONDRINA,17a RS LONDRINA,MACRORREGIONAL NORTE,24,12,0,2,6,1
HOSPITAL EVANGELICO DE LONDRINA,LONDRINA,17a RS LONDRINA,MACRORREGIONAL NORTE,25,6,0,1,1,0
HOSPITAL EVANGELICO DE LONDRINA,LONDRINA,17a RS LONDRINA,MACRORREGIONAL NORTE,26,11,0,2,1,1
HOSPITAL EVANGELICO DE LONDRINA,LONDRINA,17a RS LONDRINA,MACRORREGIONAL NORTE,27,5,0,0,1,0
HOSPITAL EVANGELICO DE LONDRINA,LONDRINA,17a RS LONDRINA,MACRORREGIONAL NORTE,28,4,1,1,0,1
HOSPITAL EVANGELICO DE LONDRINA,LONDRINA,17a RS LONDRINA,MACRORREGIONAL NORTE,29,4,0,0,1,0
HOSPITAL EVANGELICO DE LONDRINA,LONDRINA,17a RS LONDRINA,MACRORREGIONAL NORTE,31,2,0,0,0,0
HOSPITAL EVANGELICO DE LONDRINA,LONDRINA,17a RS LONDRINA,MACRORREGIONAL NORTE,32,3,0,0,1,0
HOSPITAL EVANGELICO DE LONDRINA,LONDRINA,17a RS LONDRINA,MACRORREGIONAL NORTE,34,2,0,0,0,0
HOSPITAL EVANGELICO DE LONDRINA,LONDRINA,17a RS LONDRINA,MACRORREGIONAL NORTE,35,2,0,2,0,0
HOSPITAL EVANGELICO DE LONDRINA,LONDRINA,17a RS LONDRINA,MACRORREGIONAL NORTE,36,9,0,3,3,2
HOSPITAL EVANGELICO DE LONDRINA,LONDRINA,17a RS LONDRINA,MACRORREGIONAL NORTE,37,3,0,1,0,1
HOSPITAL EVANGELICO DE LONDRINA,LONDRINA,17a RS LONDRINA,MACRORREGIONAL NORTE,38,3,0,0,0,0
HOSPITAL MUNICIPAL DE LUPIONOPOLIS,LUPIONOPOLIS,17a RS LONDRINA,MACRORREGIONAL NORTE,20,1,1,1,0,1
HOSPITAL MUNICIPAL DE PORECATU,PORECATU,17a RS LONDRINA,MACRORREGIONAL NORTE,3,1,0,1,0,0
HOSPITAL MUNICIPAL DE PORECATU,PORECATU,17a RS LONDRINA,MACRORREGIONAL NORTE,8,1,0,1,0,0
HOSPITAL MUNICIPAL DE PORECATU,PORECATU,17a RS LONDRINA,MACRORREGIONAL NORTE,10,1,0,1,0,0
HOSPITAL MUNICIPAL DE PORECATU,PORECATU,17a RS LONDRINA,MACRORREGIONAL NORTE,21,1,1,1,0,1
HOSPITAL MUNICIPAL DE PORECATU,PORECATU,17a RS LONDRINA,MACRORREGIONAL NORTE,24,1,0,1,0,1
HOSPITAL MUNICIPAL DR LAURO MACEDO SOBRINHO,CENTENARIO DO SUL,17a RS LONDRINA,MACRORREGIONAL NORTE,23,2,0,2,0,1
HOSPITAL MUNICIPAL SANTA BRANCA,FLORESTOPOLIS,17a RS LONDRINA,MACRORREGIONAL NORTE,21,1,0,1,0,1
HOSPITAL MUNICIPAL SANTA BRANCA,CAMBE,17a RS LONDRINA,MACRORREGIONAL NORTE,22,1,0,0,0,0
HOSPITAL MUNICIPAL SANTA BRANCA,LONDRINA,17a RS LONDRINA,MACRORREGIONAL NORTE,23,1,0,1,0,1
HOSPITAL MUNICIPAL SANTA BRANCA,CAMBE,17a RS LONDRINA,MACRORREGIONAL NORTE,26,1,0,1,0,1
HOSPITAL MUNICIPAL SANTA BRANCA,FLORESTOPOLIS,17a RS LONDRINA,MACRORREGIONAL NORTE,27,1,0,1,0,1
HOSPITAL MUNICIPAL SANTA BRANCA,FLORESTOPOLIS,17a RS LONDRINA,MACRORREGIONAL NORTE,28,1,0,1,0,1
HOSPITAL MUNICIPAL SANTA BRANCA,FLORESTOPOLIS,17a RS LONDRINA,MACRORREGIONAL NORTE,29,1,0,0,0,1
HOSPITAL REGIONAL UNIMED LONDRINA,LONDRINA,17a RS LONDRINA,MACRORREGIONAL NORTE,1,6,1,6,2,3
HOSPITAL REGIONAL UNIMED LONDRINA,LONDRINA,17a RS LONDRINA,MACRORREGIONAL NORTE,2,3,0,3,0,1
HOSPITAL REGIONAL UNIMED LONDRINA,LONDRINA,17a RS LONDRINA,MACRORREGIONAL NORTE,3,4,0,3,2,3
HOSPITAL REGIONAL UNIMED LONDRINA,LONDRINA,17a RS LONDRINA,MACRORREGIONAL NORTE,4,2,0,2,1,1
HOSPITAL REGIONAL UNIMED LONDRINA,LONDRINA,17a RS LONDRINA,MACRORREGIONAL NORTE,5,2,0,2,0,2
HOSPITAL REGIONAL UNIMED LONDRINA,LONDRINA,17a RS LONDRINA,MACRORREGIONAL NORTE,6,6,0,6,2,2
HOSPITAL REGIONAL UNIMED LONDRINA,LONDRINA,17a RS LONDRINA,MACRORREGIONAL NORTE,7,12,0,11,3,6
HOSPITAL REGIONAL UNIMED LONDRINA,LONDRINA,17a RS LONDRINA,MACRORREGIONAL NORTE,8,7,1,7,3,5
HOSPITAL REGIONAL UNIMED LONDRINA,LONDRINA,17a RS LONDRINA,MACRORREGIONAL NORTE,9,7,0,6,4,2
HOSPITAL REGIONAL UNIMED LONDRINA,LONDRINA,17a RS LONDRINA,MACRORREGIONAL NORTE,10,11,0,10,3,2
HOSPITAL REGIONAL UNIMED LONDRINA,LONDRINA,17a RS LONDRINA,MACRORREGIONAL NORTE,11,5,0,4,1,2
HOSPITAL REGIONAL UNIMED LONDRINA,LONDRINA,17a RS LONDRINA,MACRORREGIONAL NORTE,12,11,0,7,3,3
HOSPITAL REGIONAL UNIMED LONDRINA,LONDRINA,17a RS LONDRINA,MACRORREGIONAL NORTE,13,9,2,9,2,2
HOSPITAL REGIONAL UNIMED LONDRINA,LONDRINA,17a RS LONDRINA,MACRORREGIONAL NORTE,14,10,0,8,4,4
HOSPITAL REGIONAL UNIMED LONDRINA,LONDRINA,17a RS LONDRINA,MACRORREGIONAL NORTE,15,10,0,10,1,6
HOSPITAL REGIONAL UNIMED LONDRINA,LONDRINA,17a RS LONDRINA,MACRORREGIONAL NORTE,16,16,0,14,4,9
HOSPITAL REGIONAL UNIMED LONDRINA,LONDRINA,17a RS LONDRINA,MACRORREGIONAL NORTE,17,18,0,17,2,13
HOSPITAL REGIONAL UNIMED LONDRINA,LONDRINA,17a RS LONDRINA,MACRORREGIONAL NORTE,18,16,0,16,4,11
HOSPITAL REGIONAL UNIMED LONDRINA,LONDRINA,17a RS LONDRINA,MACRORREGIONAL NORTE,19,15,0,10,2,6
HOSPITAL REGIONAL UNIMED LONDRINA,LONDRINA,17a RS LONDRINA,MACRORREGIONAL NORTE,20,25,0,22,9,12
HOSPITAL REGIONAL UNIMED LONDRINA,LONDRINA,17a RS LONDRINA,MACRORREGIONAL NORTE,21,16,0,14,4,11
HOSPITAL REGIONAL UNIMED LONDRINA,LONDRINA,17a RS LONDRINA,MACRORREGIONAL NORTE,22,9,0,8,2,4
HOSPITAL REGIONAL UNIMED LONDRINA,LONDRINA,17a RS LONDRINA,MACRORREGIONAL NORTE,23,7,0,6,2,2
HOSPITAL REGIONAL UNIMED LONDRINA,LONDRINA,17a RS LONDRINA,MACRORREGIONAL NORTE,24,9,0,8,5,4
HOSPITAL REGIONAL UNIMED LONDRINA,LONDRINA,17a RS LONDRINA,MACRORREGIONAL NORTE,25,6,0,6,0,3
HOSPITAL REGIONAL UNIMED LONDRINA,LONDRINA,17a RS LONDRINA,MACRORREGIONAL NORTE,26,9,1,9,5,5
HOSPITAL REGIONAL UNIMED LONDRINA,LONDRINA,17a RS LONDRINA,MACRORREGIONAL NORTE,27,14,0,14,7,8
HOSPITAL REGIONAL UNIMED LONDRINA,LONDRINA,17a RS LONDRINA,MACRORREGIONAL NORTE,28,9,0,9,1,2
HOSPITAL REGIONAL UNIMED LONDRINA,LONDRINA,17a RS LONDRINA,MACRORREGIONAL NORTE,29,5,0,5,1,1
HOSPITAL REGIONAL UNIMED LONDRINA,LONDRINA,17a RS LONDRINA,MACRORREGIONAL NORTE,30,4,0,4,3,2
HOSPITAL REGIONAL UNIMED LONDRINA,LONDRINA,17a RS LONDRINA,MACRORREGIONAL NORTE,31,3,0,3,0,2
HOSPITAL REGIONAL UNIMED LONDRINA,LONDRINA,17a RS LONDRINA,MACRORREGIONAL NORTE,32,7,0,6,2,4
HOSPITAL REGIONAL UNIMED LONDRINA,LONDRINA,17a RS LONDRINA,MACRORREGIONAL NORTE,33,7,0,1,0,3
HOSPITAL REGIONAL UNIMED LONDRINA,LONDRINA,17a RS LONDRINA,MACRORREGIONAL NORTE,34,1,0,0,1,0
HOSPITAL REGIONAL UNIMED LONDRINA,LONDRINA,17a RS LONDRINA,MACRORREGIONAL NORTE,35,3,0,0,0,0
HOSPITAL REGIONAL UNIMED LONDRINA,LONDRINA,17a RS LONDRINA,MACRORREGIONAL NORTE,37,3,0,0,1,1
HOSPITAL REGIONAL UNIMED LONDRINA,LONDRINA,17a RS LONDRINA,MACRORREGIONAL NORTE,38,2,0,0,0,0
HOSPITAL SAO FRANCISCO,CAMBE,17a RS LONDRINA,MACRORREGIONAL NORTE,1,1,0,1,1,0
HOSPITAL SAO FRANCISCO,CAMBE,17a RS LONDRINA,MACRORREGIONAL NORTE,6,1,0,1,1,0
HOSPITAL SAO LUCAS DE SERTANOPOLIS,LONDRINA,17a RS LONDRINA,MACRORREGIONAL NORTE,19,1,0,0,0,0
HOSPITAL SAO LUCAS DE SERTANOPOLIS,SERTANOPOLIS,17a RS LONDRINA,MACRORREGIONAL NORTE,25,2,0,0,0,0
HOSPITAL SAO RAFAEL,ROLANDIA,17a RS LONDRINA,MACRORREGIONAL NORTE,1,8,0,8,0,1
HOSPITAL SAO RAFAEL,ROLANDIA,17a RS LONDRINA,MACRORREGIONAL NORTE,2,7,0,7,0,0
HOSPITAL SAO RAFAEL,ROLANDIA,17a RS LONDRINA,MACRORREGIONAL NORTE,3,5,0,5,0,2
HOSPITAL SAO RAFAEL,ROLANDIA,17a RS LONDRINA,MACRORREGIONAL NORTE,4,9,1,9,0,1
HOSPITAL SAO RAFAEL,ROLANDIA,17a RS LONDRINA,MACRORREGIONAL NORTE,5,11,0,11,0,2
HOSPITAL SAO RAFAEL,ROLANDIA,17a RS LONDRINA,MACRORREGIONAL NORTE,6,11,1,11,0,4
HOSPITAL SAO RAFAEL,ROLANDIA,17a RS LONDRINA,MACRORREGIONAL NORTE,7,10,0,8,0,4
HOSPITAL SAO RAFAEL,ROLANDIA,17a RS LONDRINA,MACRORREGIONAL NORTE,8,14,1,14,0,4
HOSPITAL SAO RAFAEL,ROLANDIA,17a RS LONDRINA,MACRORREGIONAL NORTE,9,11,1,10,0,3
HOSPITAL SAO RAFAEL,ROLANDIA,17a RS LONDRINA,MACRORREGIONAL NORTE,10,14,0,14,0,5
HOSPITAL SAO RAFAEL,ROLANDIA,17a RS LONDRINA,MACRORREGIONAL NORTE,11,16,0,13,0,7
HOSPITAL SAO RAFAEL,ROLANDIA,17a RS LONDRINA,MACRORREGIONAL NORTE,12,9,0,4,0,3
HOSPITAL SAO RAFAEL,ROLANDIA,17a RS LONDRINA,MACRORREGIONAL NORTE,13,6,0,2,0,2
HOSPITAL SAO RAFAEL,ROLANDIA,17a RS LONDRINA,MACRORREGIONAL NORTE,14,9,1,7,0,4
HOSPITAL SAO RAFAEL,ROLANDIA,17a RS LONDRINA,MACRORREGIONAL NORTE,15,8,0,7,0,3
HOSPITAL SAO RAFAEL,ROLANDIA,17a RS LONDRINA,MACRORREGIONAL NORTE,16,11,2,11,0,3
HOSPITAL SAO RAFAEL,ROLANDIA,17a RS LONDRINA,MACRORREGIONAL NORTE,17,12,0,12,0,7
HOSPITAL SAO RAFAEL,ROLANDIA,17a RS LONDRINA,MACRORREGIONAL NORTE,18,5,0,5,0,2
HOSPITAL SAO RAFAEL,ROLANDIA,17a RS LONDRINA,MACRORREGIONAL NORTE,19,9,1,9,0,3
HOSPITAL SAO RAFAEL,ROLANDIA,17a RS LONDRINA,MACRORREGIONAL NORTE,20,22,0,22,0,9
HOSPITAL SAO RAFAEL,ROLANDIA,17a RS LONDRINA,MACRORREGIONAL NORTE,21,28,1,26,0,14
HOSPITAL SAO RAFAEL,ROLANDIA,17a RS LONDRINA,MACRORREGIONAL NORTE,22,23,2,22,0,14
HOSPITAL SAO RAFAEL,ROLANDIA,17a RS LONDRINA,MACRORREGIONAL NORTE,23,14,0,14,0,7
HOSPITAL SAO RAFAEL,ROLANDIA,17a RS LONDRINA,MACRORREGIONAL NORTE,24,26,1,24,0,13
HOSPITAL SAO RAFAEL,ROLANDIA,17a RS LONDRINA,MACRORREGIONAL NORTE,25,13,0,13,0,7
HOSPITAL SAO RAFAEL,ROLANDIA,17a RS LONDRINA,MACRORREGIONAL NORTE,26,23,0,23,0,7
HOSPITAL SAO RAFAEL,ROLANDIA,17a RS LONDRINA,MACRORREGIONAL NORTE,27,14,0,13,0,5
HOSPITAL SAO RAFAEL,ROLANDIA,17a RS LONDRINA,MACRORREGIONAL NORTE,28,18,1,17,0,9
HOSPITAL SAO RAFAEL,ROLANDIA,17a RS LONDRINA,MACRORREGIONAL NORTE,29,13,0,7,0,5
HOSPITAL SAO RAFAEL,ROLANDIA,17a RS LONDRINA,MACRORREGIONAL NORTE,30,14,0,4,0,2
HOSPITAL SAO RAFAEL,ROLANDIA,17a RS LONDRINA,MACRORREGIONAL NORTE,31,12,0,2,0,1
HOSPITAL SAO RAFAEL,ROLANDIA,17a RS LONDRINA,MACRORREGIONAL NORTE,32,7,0,2,0,0
HOSPITAL SAO RAFAEL,ROLANDIA,17a RS LONDRINA,MACRORREGIONAL NORTE,33,11,0,2,0,0
HOSPITAL SAO RAFAEL,ROLANDIA,17a RS LONDRINA,MACRORREGIONAL NORTE,34,11,0,4,0,1
HOSPITAL SAO RAFAEL,ROLANDIA,17a RS LONDRINA,MACRORREGIONAL NORTE,35,9,1,4,0,1
HOSPITAL SAO RAFAEL,ROLANDIA,17a RS LONDRINA,MACRORREGIONAL NORTE,36,8,0,0,0,0
HOSPITAL SAO RAFAEL,ROLANDIA,17a RS LONDRINA,MACRORREGIONAL NORTE,37,9,0,0,0,0
HOSPITAL SAO RAFAEL,ROLANDIA,17a RS LONDRINA,MACRORREGIONAL NORTE,38,15,0,1,0,0
HOSPITAL SAO RAFAEL,ROLANDIA,17a RS LONDRINA,MACRORREGIONAL NORTE,39,6,0,0,0,0
HOSPITAL UNIVERSITARIO REGIONAL DO NORTE DO PARANA,LONDRINA,17a RS LONDRINA,MACRORREGIONAL NORTE,1,8,2,8,1,3
HOSPITAL UNIVERSITARIO REGIONAL DO NORTE DO PARANA,LONDRINA,17a RS LONDRINA,MACRORREGIONAL NORTE,2,3,0,3,1,1
HOSPITAL UNIVERSITARIO REGIONAL DO NORTE DO PARANA,LONDRINA,17a RS LONDRINA,MACRORREGIONAL NORTE,3,2,0,2,2,0
HOSPITAL UNIVERSITARIO REGIONAL DO NORTE DO PARANA,LONDRINA,17a RS LONDRINA,MACRORREGIONAL NORTE,5,6,0,5,1,4
HOSPITAL UNIVERSITARIO REGIONAL DO NORTE DO PARANA,LONDRINA,17a RS LONDRINA,MACRORREGIONAL NORTE,6,5,1,5,0,2
HOSPITAL UNIVERSITARIO REGIONAL DO NORTE DO PARANA,LONDRINA,17a RS LONDRINA,MACRORREGIONAL NORTE,7,3,1,2,0,3
HOSPITAL UNIVERSITARIO REGIONAL DO NORTE DO PARANA,LONDRINA,17a RS LONDRINA,MACRORREGIONAL NORTE,8,1,1,1,1,1
HOSPITAL UNIVERSITARIO REGIONAL DO NORTE DO PARANA,LONDRINA,17a RS LONDRINA,MACRORREGIONAL NORTE,9,1,0,0,1,1
HOSPITAL UNIVERSITARIO REGIONAL DO NORTE DO PARANA,LONDRINA,17a RS LONDRINA,MACRORREGIONAL NORTE,11,5,0,5,3,5
HOSPITAL UNIVERSITARIO REGIONAL DO NORTE DO PARANA,LONDRINA,17a RS LONDRINA,MACRORREGIONAL NORTE,13,2,0,2,1,2
HOSPITAL UNIVERSITARIO REGIONAL DO NORTE DO PARANA,LONDRINA,17a RS LONDRINA,MACRORREGIONAL NORTE,14,2,0,2,0,2
HOSPITAL UNIVERSITARIO REGIONAL DO NORTE DO PARANA,LONDRINA,17a RS LONDRINA,MACRORREGIONAL NORTE,15,9,1,9,2,9
HOSPITAL UNIVERSITARIO REGIONAL DO NORTE DO PARANA,LONDRINA,17a RS LONDRINA,MACRORREGIONAL NORTE,16,8,1,8,5,7
HOSPITAL UNIVERSITARIO REGIONAL DO NORTE DO PARANA,LONDRINA,17a RS LONDRINA,MACRORREGIONAL NORTE,17,8,1,8,2,8
HOSPITAL UNIVERSITARIO REGIONAL DO NORTE DO PARANA,LONDRINA,17a RS LONDRINA,MACRORREGIONAL NORTE,18,16,0,15,4,15
HOSPITAL UNIVERSITARIO REGIONAL DO NORTE DO PARANA,LONDRINA,17a RS LONDRINA,MACRORREGIONAL NORTE,19,21,1,21,8,21
HOSPITAL UNIVERSITARIO REGIONAL DO NORTE DO PARANA,LONDRINA,17a RS LONDRINA,MACRORREGIONAL NORTE,20,25,3,25,8,25
HOSPITAL UNIVERSITARIO REGIONAL DO NORTE DO PARANA,LONDRINA,17a RS LONDRINA,MACRORREGIONAL NORTE,21,21,3,20,8,20
HOSPITAL UNIVERSITARIO REGIONAL DO NORTE DO PARANA,LONDRINA,17a RS LONDRINA,MACRORREGIONAL NORTE,22,27,2,26,5,26
HOSPITAL UNIVERSITARIO REGIONAL DO NORTE DO PARANA,LONDRINA,17a RS LONDRINA,MACRORREGIONAL NORTE,23,23,1,21,6,18
HOSPITAL UNIVERSITARIO REGIONAL DO NORTE DO PARANA,LONDRINA,17a RS LONDRINA,MACRORREGIONAL NORTE,24,24,3,22,12,17
HOSPITAL UNIVERSITARIO REGIONAL DO NORTE DO PARANA,LONDRINA,17a RS LONDRINA,MACRORREGIONAL NORTE,25,14,0,13,2,10
HOSPITAL UNIVERSITARIO REGIONAL DO NORTE DO PARANA,LONDRINA,17a RS LONDRINA,MACRORREGIONAL NORTE,26,23,2,23,7,20
HOSPITAL UNIVERSITARIO REGIONAL DO NORTE DO PARANA,LONDRINA,17a RS LONDRINA,MACRORREGIONAL NORTE,27,16,3,16,3,13
HOSPITAL UNIVERSITARIO REGIONAL DO NORTE DO PARANA,LONDRINA,17a RS LONDRINA,MACRORREGIONAL NORTE,28,19,1,18,6,11
HOSPITAL UNIVERSITARIO REGIONAL DO NORTE DO PARANA,LONDRINA,17a RS LONDRINA,MACRORREGIONAL NORTE,29,14,2,12,3,9
HOSPITAL UNIVERSITARIO REGIONAL DO NORTE DO PARANA,LONDRINA,17a RS LONDRINA,MACRORREGIONAL NORTE,30,9,0,8,2,3
HOSPITAL UNIVERSITARIO REGIONAL DO NORTE DO PARANA,LONDRINA,17a RS LONDRINA,MACRORREGIONAL NORTE,31,11,1,11,1,5
HOSPITAL UNIVERSITARIO REGIONAL DO NORTE DO PARANA,LONDRINA,17a RS LONDRINA,MACRORREGIONAL NORTE,32,2,0,2,0,1
HOSPITAL UNIVERSITARIO REGIONAL DO NORTE DO PARANA,LONDRINA,17a RS LONDRINA,MACRORREGIONAL NORTE,33,4,0,2,2,3
HOSPITAL UNIVERSITARIO REGIONAL DO NORTE DO PARANA,LONDRINA,17a RS LONDRINA,MACRORREGIONAL NORTE,36,4,0,3,3,4
HOSPITAL UNIVERSITARIO REGIONAL DO NORTE DO PARANA,LONDRINA,17a RS LONDRINA,MACRORREGIONAL NORTE,37,2,0,0,2,1
HOSPITAL UNIVERSITARIO REGIONAL DO NORTE DO PARANA,LONDRINA,17a RS LONDRINA,MACRORREGIONAL NORTE,38,2,0,1,0,2
ISCAL,LONDRINA,17a RS LONDRINA,MACRORREGIONAL NORTE,1,15,0,15,1,2
ISCAL,LONDRINA,17a RS LONDRINA,MACRORREGIONAL NORTE,2,12,1,11,0,2
ISCAL,LONDRINA,17a RS LONDRINA,MACRORREGIONAL NORTE,3,7,0,7,0,0
ISCAL,LONDRINA,17a RS LONDRINA,MACRORREGIONAL NORTE,4,14,0,14,1,4
ISCAL,LONDRINA,17a RS LONDRINA,MACRORREGIONAL NORTE,5,12,1,12,3,1
ISCAL,LONDRINA,17a RS LONDRINA,MACRORREGIONAL NORTE,6,8,0,6,3,0
ISCAL,LONDRINA,17a RS LONDRINA,MACRORREGIONAL NORTE,7,19,1,17,1,0
ISCAL,LONDRINA,17a RS LONDRINA,MACRORREGIONAL NORTE,8,10,0,9,0,0
ISCAL,LONDRINA,17a RS LONDRINA,MACRORREGIONAL NORTE,9,15,0,10,1,0
ISCAL,LONDRINA,17a RS LONDRINA,MACRORREGIONAL NORTE,10,9,0,9,3,1
ISCAL,LONDRINA,17a RS LONDRINA,MACRORREGIONAL NORTE,11,15,0,15,2,1
ISCAL,LONDRINA,17a RS LONDRINA,MACRORREGIONAL NORTE,12,10,0,10,3,2
ISCAL,LONDRINA,17a RS LONDRINA,MACRORREGIONAL NORTE,13,10,0,10,2,2
ISCAL,LONDRINA,17a RS LONDRINA,MACRORREGIONAL NORTE,14,20,0,16,4,5
ISCAL,LONDRINA,17a RS LONDRINA,MACRORREGIONAL NORTE,15,19,0,18,4,4
ISCAL,LONDRINA,17a RS LONDRINA,MACRORREGIONAL NORTE,16,15,1,15,3,3
ISCAL,LONDRINA,17a RS LONDRINA,MACRORREGIONAL NORTE,17,20,1,18,8,7
ISCAL,LONDRINA,17a RS LONDRINA,MACRORREGIONAL NORTE,18,19,0,19,7,5
ISCAL,LONDRINA,17a RS LONDRINA,MACRORREGIONAL NORTE,19,18,0,18,4,6
ISCAL,LONDRINA,17a RS LONDRINA,MACRORREGIONAL NORTE,20,29,1,28,8,9
ISCAL,LONDRINA,17a RS LONDRINA,MACRORREGIONAL NORTE,21,25,0,25,3,10
ISCAL,LONDRINA,17a RS LONDRINA,MACRORREGIONAL NORTE,22,25,3,25,7,6
ISCAL,LONDRINA,17a RS LONDRINA,MACRORREGIONAL NORTE,23,31,5,31,6,5
ISCAL,LONDRINA,17a RS LONDRINA,MACRORREGIONAL NORTE,24,21,1,18,3,9
ISCAL,LONDRINA,17a RS LONDRINA,MACRORREGIONAL NORTE,25,30,1,28,6,10
ISCAL,LONDRINA,17a RS LONDRINA,MACRORREGIONAL NORTE,26,17,4,16,2,4
ISCAL,LONDRINA,17a RS LONDRINA,MACRORREGIONAL NORTE,27,18,2,18,2,7
ISCAL,LONDRINA,17a RS LONDRINA,MACRORREGIONAL NORTE,28,17,1,17,4,6
ISCAL,LONDRINA,17a RS LONDRINA,MACRORREGIONAL NORTE,29,9,0,8,0,1
ISCAL,LONDRINA,17a RS LONDRINA,MACRORREGIONAL NORTE,30,20,2,18,4,3
ISCAL,LONDRINA,17a RS LONDRINA,MACRORREGIONAL NORTE,31,14,0,13,3,2
ISCAL,LONDRINA,17a RS LONDRINA,MACRORREGIONAL NORTE,32,11,1,11,3,1
ISCAL,LONDRINA,17a RS LONDRINA,MACRORREGIONAL NORTE,33,10,0,10,3,1
ISCAL,LONDRINA,17a RS LONDRINA,MACRORREGIONAL NORTE,34,13,2,13,3,1
ISCAL,LONDRINA,17a RS LONDRINA,MACRORREGIONAL NORTE,35,10,1,6,1,1
ISCAL,LONDRINA,17a RS LONDRINA,MACRORREGIONAL NORTE,36,16,1,11,0,4
ISCAL,LONDRINA,17a RS LONDRINA,MACRORREGIONAL NORTE,37,11,0,3,1,1
ISCAL,LONDRINA,17a RS LONDRINA,MACRORREGIONAL NORTE,38,7,0,3,2,1
ISCAL,LONDRINA,17a RS LONDRINA,MACRORREGIONAL NORTE,39,4,0,1,0,0
SANTA CASA DE CAMBE,CAMBE,17a RS LONDRINA,MACRORREGIONAL NORTE,1,1,0,1,1,1
SANTA CASA DE CAMBE,CAMBE,17a RS LONDRINA,MACRORREGIONAL NORTE,3,1,0,1,0,0
SANTA CASA DE CAMBE,CAMBE,17a RS LONDRINA,MACRORREGIONAL NORTE,7,1,1,1,1,1
SANTA CASA DE CAMBE,CAMBE,17a RS LONDRINA,MACRORREGIONAL NORTE,18,2,0,2,0,1
SANTA CASA DE CAMBE,CAMBE,17a RS LONDRINA,MACRORREGIONAL NORTE,20,3,0,3,0,3
SANTA CASA DE CAMBE,CAMBE,17a RS LONDRINA,MACRORREGIONAL NORTE,21,2,0,2,0,1
SANTA CASA DE CAMBE,CAMBE,17a RS LONDRINA,MACRORREGIONAL NORTE,22,1,0,1,0,1
SANTA CASA DE CAMBE,CAMBE,17a RS LONDRINA,MACRORREGIONAL NORTE,26,2,1,2,0,2
SANTA CASA DE CAMBE,CAMBE,17a RS LONDRINA,MACRORREGIONAL NORTE,34,1,0,1,0,0
SANTA CASA DE CAMBE,CAMBE,17a RS LONDRINA,MACRORREGIONAL NORTE,38,1,0,0,0,0
SECRETARIA MUNICIPAL DE SAUDE,LONDRINA,17a RS LONDRINA,MACRORREGIONAL NORTE,25,1,0,0,1,0
CEGEN,CORNELIO PROCOPIO,18a RS CORNELIO PROCOPIO,MACRORREGIONAL NORTE,1,1,0,1,1,1
CEGEN,CORNELIO PROCOPIO,18a RS CORNELIO PROCOPIO,MACRORREGIONAL NORTE,2,1,0,1,1,1
CEGEN,CORNELIO PROCOPIO,18a RS CORNELIO PROCOPIO,MACRORREGIONAL NORTE,11,1,0,1,0,1
CEGEN,CORNELIO PROCOPIO,18a RS CORNELIO PROCOPIO,MACRORREGIONAL NORTE,13,1,0,1,1,0
CEGEN,CORNELIO PROCOPIO,18a RS CORNELIO PROCOPIO,MACRORREGIONAL NORTE,14,1,0,1,0,0
CEGEN,CORNELIO PROCOPIO,18a RS CORNELIO PROCOPIO,MACRORREGIONAL NORTE,20,4,0,4,1,3
CEGEN,CORNELIO PROCOPIO,18a RS CORNELIO PROCOPIO,MACRORREGIONAL NORTE,21,1,0,1,0,1
CEGEN,CORNELIO PROCOPIO,18a RS CORNELIO PROCOPIO,MACRORREGIONAL NORTE,22,1,0,1,0,0
CEGEN,CORNELIO PROCOPIO,18a RS CORNELIO PROCOPIO,MACRORREGIONAL NORTE,24,1,0,1,1,1
CEGEN,CORNELIO PROCOPIO,18a RS CORNELIO PROCOPIO,MACRORREGIONAL NORTE,25,1,0,1,0,1
CEGEN,CORNELIO PROCOPIO,18a RS CORNELIO PROCOPIO,MACRORREGIONAL NORTE,26,1,0,1,1,0
CEGEN,CORNELIO PROCOPIO,18a RS CORNELIO PROCOPIO,MACRORREGIONAL NORTE,27,1,0,1,0,0
CEGEN,CORNELIO PROCOPIO,18a RS CORNELIO PROCOPIO,MACRORREGIONAL NORTE,32,1,0,1,0,1
CEGEN,CORNELIO PROCOPIO,18a RS CORNELIO PROCOPIO,MACRORREGIONAL NORTE,33,1,0,1,0,1
CIS CENTRO INTEGRADO EM SAUDE,SANTA MARIANA,18a RS CORNELIO PROCOPIO,MACRORREGIONAL NORTE,19,1,0,1,0,1
CIS CENTRO INTEGRADO EM SAUDE,SANTA MARIANA,18a RS CORNELIO PROCOPIO,MACRORREGIONAL NORTE,23,1,0,0,0,0
HOSPITAL SANTA TEREZINHA,NOVA FATIMA,18a RS CORNELIO PROCOPIO,MACRORREGIONAL NORTE,10,2,0,2,0,0
HOSPITAL SANTA TEREZINHA,NOVA FATIMA,18a RS CORNELIO PROCOPIO,MACRORREGIONAL NORTE,12,1,0,1,0,0
HOSPITAL SANTA TEREZINHA,NOVA FATIMA,18a RS CORNELIO PROCOPIO,MACRORREGIONAL NORTE,13,1,0,1,0,1
HOSPITAL SANTA TEREZINHA,NOVA FATIMA,18a RS CORNELIO PROCOPIO,MACRORREGIONAL NORTE,16,2,0,2,0,1
HOSPITAL SANTA TEREZINHA,NOVA FATIMA,18a RS CORNELIO PROCOPIO,MACRORREGIONAL NORTE,17,1,0,1,0,1
HOSPITAL SANTA TEREZINHA,NOVA FATIMA,18a RS CORNELIO PROCOPIO,MACRORREGIONAL NORTE,18,1,0,1,0,0
HOSPITAL SANTA TEREZINHA,NOVA FATIMA,18a RS CORNELIO PROCOPIO,MACRORREGIONAL NORTE,19,2,0,1,0,0
HOSPITAL SANTA TEREZINHA,NOVA FATIMA,18a RS CORNELIO PROCOPIO,MACRORREGIONAL NORTE,20,2,0,2,0,0
HOSPITAL SANTA TEREZINHA,NOVA FATIMA,18a RS CORNELIO PROCOPIO,MACRORREGIONAL NORTE,21,4,0,4,0,1
HOSPITAL SANTA TEREZINHA,NOVA FATIMA,18a RS CORNELIO PROCOPIO,MACRORREGIONAL NORTE,23,2,0,2,0,0
HOSPITAL SANTA TEREZINHA,NOVA FATIMA,18a RS CORNELIO PROCOPIO,MACRORREGIONAL NORTE,24,1,0,1,0,0
HOSPITAL UBIRAJARA CONDESSA DE ITAMBARACA,ITAMBARACA,18a RS CORNELIO PROCOPIO,MACRORREGIONAL NORTE,1,1,0,0,0,0
HOSPITAL UBIRAJARA CONDESSA DE ITAMBARACA,ITAMBARACA,18a RS CORNELIO PROCOPIO,MACRORREGIONAL NORTE,4,1,0,0,0,0
HOSPITAL UBIRAJARA CONDESSA DE ITAMBARACA,ITAMBARACA,18a RS CORNELIO PROCOPIO,MACRORREGIONAL NORTE,5,2,0,2,0,0
HOSPITAL UBIRAJARA CONDESSA DE ITAMBARACA,ITAMBARACA,18a RS CORNELIO PROCOPIO,MACRORREGIONAL NORTE,8,1,0,1,0,0
HOSPITAL UBIRAJARA CONDESSA DE ITAMBARACA,ITAMBARACA,18a RS CORNELIO PROCOPIO,MACRORREGIONAL NORTE,9,1,0,1,0,0
HOSPITAL UNIMED NORTE DO PARANA,CORNELIO PROCOPIO,18a RS CORNELIO PROCOPIO,MACRORREGIONAL NORTE,11,1,0,1,0,1
HOSPITAL UNIMED NORTE DO PARANA,CORNELIO PROCOPIO,18a RS CORNELIO PROCOPIO,MACRORREGIONAL NORTE,21,2,0,2,0,1
HOSPITAL UNIMED NORTE DO PARANA,CORNELIO PROCOPIO,18a RS CORNELIO PROCOPIO,MACRORREGIONAL NORTE,22,1,0,1,0,1
SANTA CASA DE BANDEIRANTES,BANDEIRANTES,18a RS CORNELIO PROCOPIO,MACRORREGIONAL NORTE,1,1,1,1,0,1
SANTA CASA DE BANDEIRANTES,BANDEIRANTES,18a RS CORNELIO PROCOPIO,MACRORREGIONAL NORTE,20,3,0,2,0,1
SANTA CASA DE BANDEIRANTES,BANDEIRANTES,18a RS CORNELIO PROCOPIO,MACRORREGIONAL NORTE,21,5,0,3,0,2
SANTA CASA DE BANDEIRANTES,BANDEIRANTES,18a RS CORNELIO PROCOPIO,MACRORREGIONAL NORTE,22,2,0,1,0,1
SANTA CASA DE BANDEIRANTES,BANDEIRANTES,18a RS CORNELIO PROCOPIO,MACRORREGIONAL NORTE,23,3,0,3,1,3
SANTA CASA DE BANDEIRANTES,BANDEIRANTES,18a RS CORNELIO PROCOPIO,MACRORREGIONAL NORTE,24,2,0,1,0,1
SANTA CASA DE BANDEIRANTES,BANDEIRANTES,18a RS CORNELIO PROCOPIO,MACRORREGIONAL NORTE,25,3,0,0,0,0
SANTA CASA DE BANDEIRANTES,BANDEIRANTES,18a RS CORNELIO PROCOPIO,MACRORREGIONAL NORTE,26,3,0,0,0,0
SANTA CASA DE BANDEIRANTES,BANDEIRANTES,18a RS CORNELIO PROCOPIO,MACRORREGIONAL NORTE,27,5,0,0,0,0
SANTA CASA DE BANDEIRANTES,BANDEIRANTES,18a RS CORNELIO PROCOPIO,MACRORREGIONAL NORTE,28,3,1,1,1,1
SANTA CASA DE BANDEIRANTES,BANDEIRANTES,18a RS CORNELIO PROCOPIO,MACRORREGIONAL NORTE,33,1,0,0,0,0
SANTA CASA DE BANDEIRANTES,BANDEIRANTES,18a RS CORNELIO PROCOPIO,MACRORREGIONAL NORTE,35,1,0,1,0,0
SANTA CASA DE BANDEIRANTES,BANDEIRANTES,18a RS CORNELIO PROCOPIO,MACRORREGIONAL NORTE,36,1,0,0,0,0
SANTA CASA DE BANDEIRANTES,BANDEIRANTES,18a RS CORNELIO PROCOPIO,MACRORREGIONAL NORTE,37,1,0,0,0,0
SANTA CASA DE CORNELIO PROCOPIO,CORNELIO PROCOPIO,18a RS CORNELIO PROCOPIO,MACRORREGIONAL NORTE,1,1,0,1,1,0
SANTA CASA DE CORNELIO PROCOPIO,CORNELIO PROCOPIO,18a RS CORNELIO PROCOPIO,MACRORREGIONAL NORTE,2,1,0,1,0,0
SANTA CASA DE CORNELIO PROCOPIO,CORNELIO PROCOPIO,18a RS CORNELIO PROCOPIO,MACRORREGIONAL NORTE,3,1,0,1,1,0
SANTA CASA DE CORNELIO PROCOPIO,CORNELIO PROCOPIO,18a RS CORNELIO PROCOPIO,MACRORREGIONAL NORTE,5,1,0,1,0,0
SANTA CASA DE CORNELIO PROCOPIO,CORNELIO PROCOPIO,18a RS CORNELIO PROCOPIO,MACRORREGIONAL NORTE,10,1,0,1,0,1
SANTA CASA DE CORNELIO PROCOPIO,CORNELIO PROCOPIO,18a RS CORNELIO PROCOPIO,MACRORREGIONAL NORTE,11,2,0,2,0,1
SANTA CASA DE CORNELIO PROCOPIO,CORNELIO PROCOPIO,18a RS CORNELIO PROCOPIO,MACRORREGIONAL NORTE,12,2,0,2,0,2
SANTA CASA DE CORNELIO PROCOPIO,CORNELIO PROCOPIO,18a RS CORNELIO PROCOPIO,MACRORREGIONAL NORTE,13,2,0,2,1,2
SANTA CASA DE CORNELIO PROCOPIO,CORNELIO PROCOPIO,18a RS CORNELIO PROCOPIO,MACRORREGIONAL NORTE,14,5,0,4,0,3
SANTA CASA DE CORNELIO PROCOPIO,CORNELIO PROCOPIO,18a RS CORNELIO PROCOPIO,MACRORREGIONAL NORTE,16,1,0,1,0,1
SANTA CASA DE CORNELIO PROCOPIO,CORNELIO PROCOPIO,18a RS CORNELIO PROCOPIO,MACRORREGIONAL NORTE,18,2,0,2,0,2
SANTA CASA DE CORNELIO PROCOPIO,CORNELIO PROCOPIO,18a RS CORNELIO PROCOPIO,MACRORREGIONAL NORTE,20,1,0,1,0,0
SANTA CASA DE CORNELIO PROCOPIO,CORNELIO PROCOPIO,18a RS CORNELIO PROCOPIO,MACRORREGIONAL NORTE,22,2,0,2,0,1
SANTA CASA DE CORNELIO PROCOPIO,CORNELIO PROCOPIO,18a RS CORNELIO PROCOPIO,MACRORREGIONAL NORTE,24,2,0,2,0,2
SANTA CASA DE CORNELIO PROCOPIO,CORNELIO PROCOPIO,18a RS CORNELIO PROCOPIO,MACRORREGIONAL NORTE,25,1,0,1,0,1
SANTA CASA DE CORNELIO PROCOPIO,CORNELIO PROCOPIO,18a RS CORNELIO PROCOPIO,MACRORREGIONAL NORTE,26,1,0,1,0,1
SANTA CASA DE CORNELIO PROCOPIO,CORNELIO PROCOPIO,18a RS CORNELIO PROCOPIO,MACRORREGIONAL NORTE,27,1,0,1,0,0
SANTA CASA DE CORNELIO PROCOPIO,CORNELIO PROCOPIO,18a RS CORNELIO PROCOPIO,MACRORREGIONAL NORTE,28,3,0,3,1,2
SANTA CASA DE CORNELIO PROCOPIO,CORNELIO PROCOPIO,18a RS CORNELIO PROCOPIO,MACRORREGIONAL NORTE,29,1,0,1,0,1
SANTA CASA DE CORNELIO PROCOPIO,CORNELIO PROCOPIO,18a RS CORNELIO PROCOPIO,MACRORREGIONAL NORTE,31,2,0,2,0,1
SANTA CASA DE CORNELIO PROCOPIO,CORNELIO PROCOPIO,18a RS CORNELIO PROCOPIO,MACRORREGIONAL NORTE,36,1,0,1,1,0
CENTRO DE SAUDE,JACAREZINHO,19a RS JACAREZINHO,MACRORREGIONAL NORTE,11,1,0,0,0,0
CENTRO DE SAUDE,JACAREZINHO,19a RS JACAREZINHO,MACRORREGIONAL NORTE,19,1,0,1,1,1
CENTRO DE SAUDE,JACAREZINHO,19a RS JACAREZINHO,MACRORREGIONAL NORTE,22,1,0,1,0,1
CENTRO DE SAUDE,JACAREZINHO,19a RS JACAREZINHO,MACRORREGIONAL NORTE,23,1,0,1,0,1
CENTRO DE SAUDE,JACAREZINHO,19a RS JACAREZINHO,MACRORREGIONAL NORTE,25,1,0,1,0,0
CENTRO DE SAUDE,JACAREZINHO,19a RS JACAREZINHO,MACRORREGIONAL NORTE,26,2,0,1,0,0
CENTRO DE SAUDE,JACAREZINHO,19a RS JACAREZINHO,MACRORREGIONAL NORTE,30,10,3,10,4,3
CENTRO DE SAUDE,JACAREZINHO,19a RS JACAREZINHO,MACRORREGIONAL NORTE,31,6,1,6,0,1
CENTRO DE SAUDE,JACAREZINHO,19a RS JACAREZINHO,MACRORREGIONAL NORTE,32,8,0,7,0,2
CENTRO DE SAUDE,JACAREZINHO,19a RS JACAREZINHO,MACRORREGIONAL NORTE,33,5,0,5,0,2
CENTRO DE SAUDE,JACAREZINHO,19a RS JACAREZINHO,MACRORREGIONAL NORTE,34,12,1,11,0,4
CENTRO DE SAUDE,JACAREZINHO,19a RS JACAREZINHO,MACRORREGIONAL NORTE,35,6,0,5,0,2
CENTRO DE SAUDE,JACAREZINHO,19a RS JACAREZINHO,MACRORREGIONAL NORTE,36,10,0,9,0,5
CENTRO DE SAUDE,JACAREZINHO,19a RS JACAREZINHO,MACRORREGIONAL NORTE,37,4,0,0,0,0
CENTRO DE SAUDE,JACAREZINHO,19a RS JACAREZINHO,MACRORREGIONAL NORTE,38,11,0,0,0,0
HOSPITAL COMUNITARIO DR LINCOLN GRACA DE JMTAVORA,JOAQUIM TAVORA,19a RS JACAREZINHO,MACRORREGIONAL NORTE,6,1,0,1,0,1
HOSPITAL COMUNITARIO DR LINCOLN GRACA DE JMTAVORA,JOAQUIM TAVORA,19a RS JACAREZINHO,MACRORREGIONAL NORTE,17,1,0,1,0,0
HOSPITAL COMUNITARIO DR LINCOLN GRACA DE JMTAVORA,JOAQUIM TAVORA,19a RS JACAREZINHO,MACRORREGIONAL NORTE,20,1,0,1,0,0
HOSPITAL COMUNITARIO DR LINCOLN GRACA DE JMTAVORA,JOAQUIM TAVORA,19a RS JACAREZINHO,MACRORREGIONAL NORTE,21,1,0,1,0,0
HOSPITAL COMUNITARIO DR LINCOLN GRACA DE JMTAVORA,JOAQUIM TAVORA,19a RS JACAREZINHO,MACRORREGIONAL NORTE,22,3,1,3,0,3
HOSPITAL COMUNITARIO DR LINCOLN GRACA DE JMTAVORA,JOAQUIM TAVORA,19a RS JACAREZINHO,MACRORREGIONAL NORTE,23,6,0,6,0,4
HOSPITAL COMUNITARIO DR LINCOLN GRACA DE JMTAVORA,JOAQUIM TAVORA,19a RS JACAREZINHO,MACRORREGIONAL NORTE,24,3,0,3,0,2
HOSPITAL COMUNITARIO DR LINCOLN GRACA DE JMTAVORA,JOAQUIM TAVORA,19a RS JACAREZINHO,MACRORREGIONAL NORTE,25,4,0,4,0,4
HOSPITAL COMUNITARIO DR LINCOLN GRACA DE JMTAVORA,JOAQUIM TAVORA,19a RS JACAREZINHO,MACRORREGIONAL NORTE,26,6,0,6,0,5
HOSPITAL COMUNITARIO DR LINCOLN GRACA DE JMTAVORA,JOAQUIM TAVORA,19a RS JACAREZINHO,MACRORREGIONAL NORTE,27,8,0,8,1,5
HOSPITAL COMUNITARIO DR LINCOLN GRACA DE JMTAVORA,JOAQUIM TAVORA,19a RS JACAREZINHO,MACRORREGIONAL NORTE,28,4,0,4,0,3
HOSPITAL COMUNITARIO DR LINCOLN GRACA DE JMTAVORA,JOAQUIM TAVORA,19a RS JACAREZINHO,MACRORREGIONAL NORTE,29,4,0,3,0,1
HOSPITAL COMUNITARIO DR LINCOLN GRACA DE JMTAVORA,JOAQUIM TAVORA,19a RS JACAREZINHO,MACRORREGIONAL NORTE,30,3,0,2,0,1
HOSPITAL COMUNITARIO DR LINCOLN GRACA DE JMTAVORA,JOAQUIM TAVORA,19a RS JACAREZINHO,MACRORREGIONAL NORTE,31,3,0,3,0,1
HOSPITAL COMUNITARIO DR LINCOLN GRACA DE JMTAVORA,JOAQUIM TAVORA,19a RS JACAREZINHO,MACRORREGIONAL NORTE,32,3,0,0,0,0
HOSPITAL COMUNITARIO DR LINCOLN GRACA DE JMTAVORA,JOAQUIM TAVORA,19a RS JACAREZINHO,MACRORREGIONAL NORTE,33,1,0,0,0,0
HOSPITAL COMUNITARIO DR LINCOLN GRACA DE JMTAVORA,JOAQUIM TAVORA,19a RS JACAREZINHO,MACRORREGIONAL NORTE,34,1,0,0,0,0
HOSPITAL COMUNITARIO DR LINCOLN GRACA DE JMTAVORA,JOAQUIM TAVORA,19a RS JACAREZINHO,MACRORREGIONAL NORTE,35,1,0,0,0,0
HOSPITAL MUNICIPAL DE SALTO DO ITARARE,SALTO DO ITARARE,19a RS JACAREZINHO,MACRORREGIONAL NORTE,9,1,0,1,0,1
HOSPITAL MUNICIPAL DE SALTO DO ITARARE,SALTO DO ITARARE,19a RS JACAREZINHO,MACRORREGIONAL NORTE,10,1,0,1,0,1
HOSPITAL MUNICIPAL DE SALTO DO ITARARE,SALTO DO ITARARE,19a RS JACAREZINHO,MACRORREGIONAL NORTE,11,1,0,1,0,1
HOSPITAL MUNICIPAL DE SALTO DO ITARARE,SALTO DO ITARARE,19a RS JACAREZINHO,MACRORREGIONAL NORTE,12,2,0,2,0,1
HOSPITAL MUNICIPAL DE SALTO DO ITARARE,SALTO DO ITARARE,19a RS JACAREZINHO,MACRORREGIONAL NORTE,14,2,0,1,0,1
HOSPITAL MUNICIPAL DE SALTO DO ITARARE,SALTO DO ITARARE,19a RS JACAREZINHO,MACRORREGIONAL NORTE,17,1,0,0,0,1
HOSPITAL MUNICIPAL DE SALTO DO ITARARE,SALTO DO ITARARE,19a RS JACAREZINHO,MACRORREGIONAL NORTE,18,1,0,0,0,0
HOSPITAL NOSSA SENHORA DA SAUDE,SANTO ANTONIO DA PLATINA,19a RS JACAREZINHO,MACRORREGIONAL NORTE,5,1,0,0,0,0
HOSPITAL NOSSA SENHORA DA SAUDE,SANTO ANTONIO DA PLATINA,19a RS JACAREZINHO,MACRORREGIONAL NORTE,6,2,0,0,0,0
HOSPITAL NOSSA SENHORA DA SAUDE,SANTO ANTONIO DA PLATINA,19a RS JACAREZINHO,MACRORREGIONAL NORTE,9,2,0,1,0,0
HOSPITAL NOSSA SENHORA DA SAUDE,SANTO ANTONIO DA PLATINA,19a RS JACAREZINHO,MACRORREGIONAL NORTE,10,1,0,0,0,0
HOSPITAL NOSSA SENHORA DA SAUDE,SANTO ANTONIO DA PLATINA,19a RS JACAREZINHO,MACRORREGIONAL NORTE,12,1,0,1,0,0
HOSPITAL NOSSA SENHORA DA SAUDE,SANTO ANTONIO DA PLATINA,19a RS JACAREZINHO,MACRORREGIONAL NORTE,15,1,0,0,0,0
HOSPITAL NOSSA SENHORA DA SAUDE,SANTO ANTONIO DA PLATINA,19a RS JACAREZINHO,MACRORREGIONAL NORTE,20,1,0,0,0,0
HOSPITAL NOSSA SENHORA DA SAUDE,SANTO ANTONIO DA PLATINA,19a RS JACAREZINHO,MACRORREGIONAL NORTE,22,3,0,0,0,0
HOSPITAL NOSSA SENHORA DA SAUDE,SANTO ANTONIO DA PLATINA,19a RS JACAREZINHO,MACRORREGIONAL NORTE,23,2,0,0,0,0
HOSPITAL NOSSA SENHORA DA SAUDE,SANTO ANTONIO DA PLATINA,19a RS JACAREZINHO,MACRORREGIONAL NORTE,24,1,0,0,0,0
HOSPITAL NOSSA SENHORA DA SAUDE,SANTO ANTONIO DA PLATINA,19a RS JACAREZINHO,MACRORREGIONAL NORTE,25,1,0,0,0,0
HOSPITAL NOSSA SENHORA DA SAUDE,SANTO ANTONIO DA PLATINA,19a RS JACAREZINHO,MACRORREGIONAL NORTE,26,3,0,0,0,0
HOSPITAL NOSSA SENHORA DA SAUDE,SANTO ANTONIO DA PLATINA,19a RS JACAREZINHO,MACRORREGIONAL NORTE,27,1,0,0,0,0
HOSPITAL NOSSA SENHORA DA SAUDE,SANTO ANTONIO DA PLATINA,19a RS JACAREZINHO,MACRORREGIONAL NORTE,29,2,0,0,0,0
HOSPITAL NOSSA SENHORA DA SAUDE,SANTO ANTONIO DA PLATINA,19a RS JACAREZINHO,MACRORREGIONAL NORTE,33,1,0,0,0,0
HOSPITAL NOSSA SENHORA DA SAUDE,SANTO ANTONIO DA PLATINA,19a RS JACAREZINHO,MACRORREGIONAL NORTE,34,3,0,0,0,0
HOSPITAL NOSSA SENHORA DA SAUDE,SANTO ANTONIO DA PLATINA,19a RS JACAREZINHO,MACRORREGIONAL NORTE,35,1,0,0,0,0
HOSPITAL NOSSA SENHORA DA SAUDE,SANTO ANTONIO DA PLATINA,19a RS JACAREZINHO,MACRORREGIONAL NORTE,36,3,0,0,0,0
HOSPITAL NOSSA SENHORA DA SAUDE,SANTO ANTONIO DA PLATINA,19a RS JACAREZINHO,MACRORREGIONAL NORTE,37,1,0,0,0,0
HOSPITAL NOSSA SENHORA DA SAUDE,SANTO ANTONIO DA PLATINA,19a RS JACAREZINHO,MACRORREGIONAL NORTE,38,1,0,0,0,0
HOSPITAL REGIONAL DO NORTE PIONEIRO,SANTO ANTONIO DA PLATINA,19a RS JACAREZINHO,MACRORREGIONAL NORTE,1,5,2,5,5,0
HOSPITAL REGIONAL DO NORTE PIONEIRO,SANTO ANTONIO DA PLATINA,19a RS JACAREZINHO,MACRORREGIONAL NORTE,2,2,2,2,2,0
HOSPITAL REGIONAL DO NORTE PIONEIRO,SANTO ANTONIO DA PLATINA,19a RS JACAREZINHO,MACRORREGIONAL NORTE,3,1,0,1,1,0
HOSPITAL REGIONAL DO NORTE PIONEIRO,SANTO ANTONIO DA PLATINA,19a RS JACAREZINHO,MACRORREGIONAL NORTE,4,2,0,2,2,0
HOSPITAL REGIONAL DO NORTE PIONEIRO,SANTO ANTONIO DA PLATINA,19a RS JACAREZINHO,MACRORREGIONAL NORTE,5,2,0,1,0,0
HOSPITAL REGIONAL DO NORTE PIONEIRO,SANTO ANTONIO DA PLATINA,19a RS JACAREZINHO,MACRORREGIONAL NORTE,7,2,1,2,2,0
HOSPITAL REGIONAL DO NORTE PIONEIRO,SANTO ANTONIO DA PLATINA,19a RS JACAREZINHO,MACRORREGIONAL NORTE,9,4,0,3,1,2
HOSPITAL REGIONAL DO NORTE PIONEIRO,SANTO ANTONIO DA PLATINA,19a RS JACAREZINHO,MACRORREGIONAL NORTE,11,1,0,1,1,0
HOSPITAL REGIONAL DO NORTE PIONEIRO,SANTO ANTONIO DA PLATINA,19a RS JACAREZINHO,MACRORREGIONAL NORTE,13,1,0,1,0,0
HOSPITAL REGIONAL DO NORTE PIONEIRO,SANTO ANTONIO DA PLATINA,19a RS JACAREZINHO,MACRORREGIONAL NORTE,14,3,1,3,2,3
HOSPITAL REGIONAL DO NORTE PIONEIRO,SANTO ANTONIO DA PLATINA,19a RS JACAREZINHO,MACRORREGIONAL NORTE,15,1,0,1,0,0
HOSPITAL REGIONAL DO NORTE PIONEIRO,SANTO ANTONIO DA PLATINA,19a RS JACAREZINHO,MACRORREGIONAL NORTE,16,1,0,1,1,0
HOSPITAL REGIONAL DO NORTE PIONEIRO,SANTO ANTONIO DA PLATINA,19a RS JACAREZINHO,MACRORREGIONAL NORTE,19,1,0,1,0,1
HOSPITAL REGIONAL DO NORTE PIONEIRO,SANTO ANTONIO DA PLATINA,19a RS JACAREZINHO,MACRORREGIONAL NORTE,20,1,0,1,0,0
HOSPITAL REGIONAL DO NORTE PIONEIRO,SANTO ANTONIO DA PLATINA,19a RS JACAREZINHO,MACRORREGIONAL NORTE,21,2,0,2,1,0
HOSPITAL REGIONAL DO NORTE PIONEIRO,SANTO ANTONIO DA PLATINA,19a RS JACAREZINHO,MACRORREGIONAL NORTE,22,7,1,7,4,1
HOSPITAL REGIONAL DO NORTE PIONEIRO,SANTO ANTONIO DA PLATINA,19a RS JACAREZINHO,MACRORREGIONAL NORTE,23,2,1,2,1,0
HOSPITAL REGIONAL DO NORTE PIONEIRO,SANTO ANTONIO DA PLATINA,19a RS JACAREZINHO,MACRORREGIONAL NORTE,24,3,0,3,0,1
HOSPITAL REGIONAL DO NORTE PIONEIRO,SANTO ANTONIO DA PLATINA,19a RS JACAREZINHO,MACRORREGIONAL NORTE,25,3,0,3,0,1
HOSPITAL REGIONAL DO NORTE PIONEIRO,SANTO ANTONIO DA PLATINA,19a RS JACAREZINHO,MACRORREGIONAL NORTE,26,3,0,3,1,1
HOSPITAL REGIONAL DO NORTE PIONEIRO,SANTO ANTONIO DA PLATINA,19a RS JACAREZINHO,MACRORREGIONAL NORTE,27,4,0,4,2,3
HOSPITAL REGIONAL DO NORTE PIONEIRO,SANTO ANTONIO DA PLATINA,19a RS JACAREZINHO,MACRORREGIONAL NORTE,28,1,0,0,0,0
HOSPITAL REGIONAL DO NORTE PIONEIRO,SANTO ANTONIO DA PLATINA,19a RS JACAREZINHO,MACRORREGIONAL NORTE,30,2,0,2,0,0
HOSPITAL REGIONAL DO NORTE PIONEIRO,SANTO ANTONIO DA PLATINA,19a RS JACAREZINHO,MACRORREGIONAL NORTE,31,2,0,2,0,0
HOSPITAL REGIONAL DO NORTE PIONEIRO,SANTO ANTONIO DA PLATINA,19a RS JACAREZINHO,MACRORREGIONAL NORTE,32,1,0,1,0,0
HOSPITAL REGIONAL DO NORTE PIONEIRO,SANTO ANTONIO DA PLATINA,19a RS JACAREZINHO,MACRORREGIONAL NORTE,33,3,1,3,2,0
HOSPITAL REGIONAL DO NORTE PIONEIRO,SANTO ANTONIO DA PLATINA,19a RS JACAREZINHO,MACRORREGIONAL NORTE,34,4,0,0,2,0
HOSPITAL REGIONAL DO NORTE PIONEIRO,SANTO ANTONIO DA PLATINA,19a RS JACAREZINHO,MACRORREGIONAL NORTE,35,2,0,0,2,0
HOSPITAL REGIONAL DO NORTE PIONEIRO,SANTO ANTONIO DA PLATINA,19a RS JACAREZINHO,MACRORREGIONAL NORTE,36,4,0,0,1,0
HOSPITAL REGIONAL DO NORTE PIONEIRO,SANTO ANTONIO DA PLATINA,19a RS JACAREZINHO,MACRORREGIONAL NORTE,37,1,0,0,1,0
HOSPITAL REGIONAL DO NORTE PIONEIRO,SANTO ANTONIO DA PLATINA,19a RS JACAREZINHO,MACRORREGIONAL NORTE,38,3,0,0,1,0
HOSPITAL REGIONAL DO NORTE PIONEIRO,SANTO ANTONIO DA PLATINA,19a RS JACAREZINHO,MACRORREGIONAL NORTE,39,2,0,0,2,0
HOSPITAL SAO SEBASTIAO,WENCESLAU BRAZ,19a RS JACAREZINHO,MACRORREGIONAL NORTE,20,3,0,3,0,3
HOSPITAL SAO SEBASTIAO,WENCESLAU BRAZ,19a RS JACAREZINHO,MACRORREGIONAL NORTE,21,1,0,1,0,1
HOSPITAL SAO SEBASTIAO,WENCESLAU BRAZ,19a RS JACAREZINHO,MACRORREGIONAL NORTE,22,2,0,2,0,0
HOSPITAL SAO VICENTE DE PAULO,TOMAZINA,19a RS JACAREZINHO,MACRORREGIONAL NORTE,26,1,0,1,0,0
HOSPITAL SAO VICENTE DE PAULO,TOMAZINA,19a RS JACAREZINHO,MACRORREGIONAL NORTE,29,1,0,1,0,1
HOSPITAL SAO VICENTE DE PAULO,JACAREZINHO,19a RS JACAREZINHO,MACRORREGIONAL NORTE,36,1,0,1,0,1
SANTA CASA DE RIBEIRAO CLARO,RIBEIRAO CLARO,19a RS JACAREZINHO,MACRORREGIONAL NORTE,23,1,0,0,0,0
SANTA CASA DE RIBEIRAO CLARO,RIBEIRAO CLARO,19a RS JACAREZINHO,MACRORREGIONAL NORTE,24,1,0,0,0,0
SANTA CASA DE SIQUEIRA CAMPOS,SIQUEIRA CAMPOS,19a RS JACAREZINHO,MACRORREGIONAL NORTE,23,3,0,3,0,2
SANTA CASA DE SIQUEIRA CAMPOS,SIQUEIRA CAMPOS,19a RS JACAREZINHO,MACRORREGIONAL NORTE,24,2,0,2,0,1
SANTA CASA DE SIQUEIRA CAMPOS,SIQUEIRA CAMPOS,19a RS JACAREZINHO,MACRORREGIONAL NORTE,25,1,0,1,0,1
SANTA CASA DE SIQUEIRA CAMPOS,SIQUEIRA CAMPOS,19a RS JACAREZINHO,MACRORREGIONAL NORTE,26,1,0,1,0,1
SANTA CASA DE SIQUEIRA CAMPOS,SIQUEIRA CAMPOS,19a RS JACAREZINHO,MACRORREGIONAL NORTE,27,1,0,1,0,1
SANTA CASA DE SIQUEIRA CAMPOS,SIQUEIRA CAMPOS,19a RS JACAREZINHO,MACRORREGIONAL NORTE,28,1,0,0,0,0
SANTA CASA DE SIQUEIRA CAMPOS,SIQUEIRA CAMPOS,19a RS JACAREZINHO,MACRORREGIONAL NORTE,30,5,0,5,0,3
SANTA CASA DE SIQUEIRA CAMPOS,SIQUEIRA CAMPOS,19a RS JACAREZINHO,MACRORREGIONAL NORTE,31,3,0,3,0,2
SANTA CASA DE SIQUEIRA CAMPOS,SIQUEIRA CAMPOS,19a RS JACAREZINHO,MACRORREGIONAL NORTE,32,4,0,4,0,4
SANTA CASA DE SIQUEIRA CAMPOS,SIQUEIRA CAMPOS,19a RS JACAREZINHO,MACRORREGIONAL NORTE,33,1,0,1,0,1
SANTA CASA DE SIQUEIRA CAMPOS,SIQUEIRA CAMPOS,19a RS JACAREZINHO,MACRORREGIONAL NORTE,34,2,0,2,0,2
SANTA CASA DE SIQUEIRA CAMPOS,SIQUEIRA CAMPOS,19a RS JACAREZINHO,MACRORREGIONAL NORTE,36,3,0,3,0,1
SANTA CASA DE SIQUEIRA CAMPOS,SIQUEIRA CAMPOS,19a RS JACAREZINHO,MACRORREGIONAL NORTE,37,1,0,1,0,0
HOSPITAL MUNICIPAL DE GUARATUBA,GUARATUBA,1a RS PARANAGUA,MACRORREGIONAL LESTE,1,1,0,1,0,0
HOSPITAL MUNICIPAL DE GUARATUBA,GUARATUBA,1a RS PARANAGUA,MACRORREGIONAL LESTE,8,1,0,1,0,0
HOSPITAL MUNICIPAL DE GUARATUBA,GUARATUBA,1a RS PARANAGUA,MACRORREGIONAL LESTE,11,1,0,1,0,1
HOSPITAL MUNICIPAL DE GUARATUBA,GUARATUBA,1a RS PARANAGUA,MACRORREGIONAL LESTE,14,1,0,1,0,0
HOSPITAL MUNICIPAL DE GUARATUBA,GUARATUBA,1a RS PARANAGUA,MACRORREGIONAL LESTE,15,1,0,1,0,1
HOSPITAL MUNICIPAL DE GUARATUBA,GUARATUBA,1a RS PARANAGUA,MACRORREGIONAL LESTE,16,1,0,1,0,1
HOSPITAL MUNICIPAL DE GUARATUBA,GUARATUBA,1a RS PARANAGUA,MACRORREGIONAL LESTE,20,1,0,1,0,1
HOSPITAL MUNICIPAL DE GUARATUBA,GUARATUBA,1a RS PARANAGUA,MACRORREGIONAL LESTE,24,2,0,2,0,2
HOSPITAL MUNICIPAL DE GUARATUBA,GUARATUBA,1a RS PARANAGUA,MACRORREGIONAL LESTE,26,1,0,1,0,0
HOSPITAL MUNICIPAL DE GUARATUBA,GUARATUBA,1a RS PARANAGUA,MACRORREGIONAL LESTE,29,1,0,1,0,0
HOSPITAL MUNICIPAL DE GUARATUBA,GUARATUBA,1a RS PARANAGUA,MACRORREGIONAL LESTE,32,1,0,1,0,1
HOSPITAL REGIONAL DO LITORAL,PARANAGUA,1a RS PARANAGUA,MACRORREGIONAL LESTE,1,2,0,2,0,1
HOSPITAL REGIONAL DO LITORAL,PARANAGUA,1a RS PARANAGUA,MACRORREGIONAL LESTE,3,1,0,0,1,0
HOSPITAL REGIONAL DO LITORAL,PARANAGUA,1a RS PARANAGUA,MACRORREGIONAL LESTE,4,1,0,1,1,0
HOSPITAL REGIONAL DO LITORAL,PARANAGUA,1a RS PARANAGUA,MACRORREGIONAL LESTE,5,3,1,3,3,2
HOSPITAL REGIONAL DO LITORAL,PARANAGUA,1a RS PARANAGUA,MACRORREGIONAL LESTE,7,6,0,6,0,4
HOSPITAL REGIONAL DO LITORAL,PARANAGUA,1a RS PARANAGUA,MACRORREGIONAL LESTE,8,8,0,8,4,4
HOSPITAL REGIONAL DO LITORAL,PARANAGUA,1a RS PARANAGUA,MACRORREGIONAL LESTE,9,4,1,4,1,3
HOSPITAL REGIONAL DO LITORAL,PARANAGUA,1a RS PARANAGUA,MACRORREGIONAL LESTE,10,4,0,4,0,2
HOSPITAL REGIONAL DO LITORAL,PARANAGUA,1a RS PARANAGUA,MACRORREGIONAL LESTE,11,5,0,5,0,3
HOSPITAL REGIONAL DO LITORAL,PARANAGUA,1a RS PARANAGUA,MACRORREGIONAL LESTE,12,6,1,6,3,5
HOSPITAL REGIONAL DO LITORAL,PARANAGUA,1a RS PARANAGUA,MACRORREGIONAL LESTE,13,6,2,6,1,2
HOSPITAL REGIONAL DO LITORAL,PARANAGUA,1a RS PARANAGUA,MACRORREGIONAL LESTE,14,5,0,5,0,5
HOSPITAL REGIONAL DO LITORAL,PARANAGUA,1a RS PARANAGUA,MACRORREGIONAL LESTE,15,1,0,1,1,0
HOSPITAL REGIONAL DO LITORAL,PARANAGUA,1a RS PARANAGUA,MACRORREGIONAL LESTE,16,7,0,7,1,5
HOSPITAL REGIONAL DO LITORAL,PARANAGUA,1a RS PARANAGUA,MACRORREGIONAL LESTE,17,4,0,4,0,2
HOSPITAL REGIONAL DO LITORAL,PARANAGUA,1a RS PARANAGUA,MACRORREGIONAL LESTE,18,4,0,3,0,2
HOSPITAL REGIONAL DO LITORAL,PARANAGUA,1a RS PARANAGUA,MACRORREGIONAL LESTE,19,5,0,5,1,1
HOSPITAL REGIONAL DO LITORAL,PARANAGUA,1a RS PARANAGUA,MACRORREGIONAL LESTE,20,7,0,7,1,3
HOSPITAL REGIONAL DO LITORAL,PARANAGUA,1a RS PARANAGUA,MACRORREGIONAL LESTE,21,3,0,3,0,3
HOSPITAL REGIONAL DO LITORAL,PARANAGUA,1a RS PARANAGUA,MACRORREGIONAL LESTE,22,7,1,7,1,6
HOSPITAL REGIONAL DO LITORAL,PARANAGUA,1a RS PARANAGUA,MACRORREGIONAL LESTE,23,8,0,8,1,5
HOSPITAL REGIONAL DO LITORAL,PARANAGUA,1a RS PARANAGUA,MACRORREGIONAL LESTE,24,6,0,6,2,4
HOSPITAL REGIONAL DO LITORAL,PARANAGUA,1a RS PARANAGUA,MACRORREGIONAL LESTE,25,3,0,3,0,1
HOSPITAL REGIONAL DO LITORAL,PARANAGUA,1a RS PARANAGUA,MACRORREGIONAL LESTE,26,2,0,2,0,2
HOSPITAL REGIONAL DO LITORAL,PARANAGUA,1a RS PARANAGUA,MACRORREGIONAL LESTE,27,9,0,9,1,7
HOSPITAL REGIONAL DO LITORAL,PARANAGUA,1a RS PARANAGUA,MACRORREGIONAL LESTE,28,3,0,3,1,2
HOSPITAL REGIONAL DO LITORAL,PARANAGUA,1a RS PARANAGUA,MACRORREGIONAL LESTE,29,8,0,8,1,6
HOSPITAL REGIONAL DO LITORAL,PARANAGUA,1a RS PARANAGUA,MACRORREGIONAL LESTE,30,7,0,7,1,5
HOSPITAL REGIONAL DO LITORAL,PARANAGUA,1a RS PARANAGUA,MACRORREGIONAL LESTE,31,5,1,5,1,4
HOSPITAL REGIONAL DO LITORAL,PARANAGUA,1a RS PARANAGUA,MACRORREGIONAL LESTE,32,7,0,7,1,4
HOSPITAL REGIONAL DO LITORAL,PARANAGUA,1a RS PARANAGUA,MACRORREGIONAL LESTE,33,10,0,10,2,6
HOSPITAL REGIONAL DO LITORAL,PARANAGUA,1a RS PARANAGUA,MACRORREGIONAL LESTE,34,8,0,8,2,4
HOSPITAL REGIONAL DO LITORAL,PARANAGUA,1a RS PARANAGUA,MACRORREGIONAL LESTE,35,3,0,3,0,1
HOSPITAL REGIONAL DO LITORAL,PARANAGUA,1a RS PARANAGUA,MACRORREGIONAL LESTE,36,4,0,4,1,2
HOSPITAL REGIONAL DO LITORAL,PARANAGUA,1a RS PARANAGUA,MACRORREGIONAL LESTE,37,2,0,2,0,1
HOSPITAL REGIONAL DO LITORAL,PARANAGUA,1a RS PARANAGUA,MACRORREGIONAL LESTE,38,5,0,3,1,2
ABESSS,ASSIS CHATEAUBRIAND,20a RS TOLEDO,MACRORREGIAO OESTE,10,1,0,1,0,1
ABESSS,ASSIS CHATEAUBRIAND,20a RS TOLEDO,MACRORREGIAO OESTE,15,1,1,1,1,1
ABESSS,ASSIS CHATEAUBRIAND,20a RS TOLEDO,MACRORREGIAO OESTE,18,1,0,1,1,0
ABESSS,ASSIS CHATEAUBRIAND,20a RS TOLEDO,MACRORREGIAO OESTE,19,1,1,1,1,1
ABESSS,ASSIS CHATEAUBRIAND,20a RS TOLEDO,MACRORREGIAO OESTE,20,2,1,2,1,0
ABESSS,ASSIS CHATEAUBRIAND,20a RS TOLEDO,MACRORREGIAO OESTE,21,3,1,3,2,1
ABESSS,ASSIS CHATEAUBRIAND,20a RS TOLEDO,MACRORREGIAO OESTE,23,2,0,2,0,1
ABESSS,ASSIS CHATEAUBRIAND,20a RS TOLEDO,MACRORREGIAO OESTE,24,1,0,1,0,1
ABESSS,ASSIS CHATEAUBRIAND,20a RS TOLEDO,MACRORREGIAO OESTE,25,2,0,2,0,2
ABESSS,ASSIS CHATEAUBRIAND,20a RS TOLEDO,MACRORREGIAO OESTE,26,1,0,1,0,1
CLINICA INTENSICOR,TOLEDO,20a RS TOLEDO,MACRORREGIAO OESTE,7,1,0,1,1,0
CLINICA INTENSICOR,TOLEDO,20a RS TOLEDO,MACRORREGIAO OESTE,15,1,0,1,1,0
CLINICA INTENSICOR,TOLEDO,20a RS TOLEDO,MACRORREGIAO OESTE,21,1,0,1,1,0
CLINICA INTENSICOR,TOLEDO,20a RS TOLEDO,MACRORREGIAO OESTE,33,1,0,1,1,0
CLINICA INTENSICOR,TOLEDO,20a RS TOLEDO,MACRORREGIAO OESTE,37,1,0,1,1,1
HOESP,TOLEDO,20a RS TOLEDO,MACRORREGIAO OESTE,1,1,0,1,1,0
HOESP,TOLEDO,20a RS TOLEDO,MACRORREGIAO OESTE,2,2,0,2,2,0
HOESP,TOLEDO,20a RS TOLEDO,MACRORREGIAO OESTE,3,1,0,1,0,0
HOESP,TOLEDO,20a RS TOLEDO,MACRORREGIAO OESTE,5,1,1,1,1,1
HOESP,TOLEDO,20a RS TOLEDO,MACRORREGIAO OESTE,6,1,0,1,0,0
HOESP,TOLEDO,20a RS TOLEDO,MACRORREGIAO OESTE,7,1,0,1,0,1
HOESP,TOLEDO,20a RS TOLEDO,MACRORREGIAO OESTE,9,1,0,1,1,0
HOESP,TOLEDO,20a RS TOLEDO,MACRORREGIAO OESTE,10,2,0,2,0,0
HOESP,TOLEDO,20a RS TOLEDO,MACRORREGIAO OESTE,11,1,0,1,1,0
HOESP,TOLEDO,20a RS TOLEDO,MACRORREGIAO OESTE,12,1,0,1,1,0
HOESP,TOLEDO,20a RS TOLEDO,MACRORREGIAO OESTE,13,1,0,1,0,1
HOESP,TOLEDO,20a RS TOLEDO,MACRORREGIAO OESTE,14,1,0,1,1,0
HOESP,TOLEDO,20a RS TOLEDO,MACRORREGIAO OESTE,15,1,0,1,1,0
HOESP,TOLEDO,20a RS TOLEDO,MACRORREGIAO OESTE,16,5,1,5,1,2
HOESP,TOLEDO,20a RS TOLEDO,MACRORREGIAO OESTE,17,7,1,7,2,4
HOESP,TOLEDO,20a RS TOLEDO,MACRORREGIAO OESTE,18,4,1,4,2,1
HOESP,TOLEDO,20a RS TOLEDO,MACRORREGIAO OESTE,19,3,1,3,3,1
HOESP,TOLEDO,20a RS TOLEDO,MACRORREGIAO OESTE,20,7,1,7,3,4
HOESP,TOLEDO,20a RS TOLEDO,MACRORREGIAO OESTE,21,5,1,5,3,3
HOESP,TOLEDO,20a RS TOLEDO,MACRORREGIAO OESTE,22,9,0,9,4,6
HOESP,TOLEDO,20a RS TOLEDO,MACRORREGIAO OESTE,23,7,1,7,2,2
HOESP,TOLEDO,20a RS TOLEDO,MACRORREGIAO OESTE,24,5,0,5,3,4
HOESP,TOLEDO,20a RS TOLEDO,MACRORREGIAO OESTE,25,2,0,2,0,2
HOESP,TOLEDO,20a RS TOLEDO,MACRORREGIAO OESTE,26,11,1,11,2,8
HOESP,TOLEDO,20a RS TOLEDO,MACRORREGIAO OESTE,27,3,0,3,1,1
HOESP,TOLEDO,20a RS TOLEDO,MACRORREGIAO OESTE,28,4,0,4,2,4
HOESP,TOLEDO,20a RS TOLEDO,MACRORREGIAO OESTE,29,1,0,1,1,0
HOESP,TOLEDO,20a RS TOLEDO,MACRORREGIAO OESTE,30,1,0,1,0,0
HOESP,TOLEDO,20a RS TOLEDO,MACRORREGIAO OESTE,31,1,0,1,0,1
HOESP,TOLEDO,20a RS TOLEDO,MACRORREGIAO OESTE,32,2,0,2,0,0
HOESP,TOLEDO,20a RS TOLEDO,MACRORREGIAO OESTE,33,5,0,5,2,2
HOESP,TOLEDO,20a RS TOLEDO,MACRORREGIAO OESTE,34,1,0,1,1,1
HOESP,TOLEDO,20a RS TOLEDO,MACRORREGIAO OESTE,35,4,0,3,0,1
HOESP,TOLEDO,20a RS TOLEDO,MACRORREGIAO OESTE,36,1,0,0,0,0
HOSPITAL BENEFICENTE MOACIR MICHELETTO,SANTA HELENA,20a RS TOLEDO,MACRORREGIAO OESTE,1,1,0,1,0,1
HOSPITAL BENEFICENTE MOACIR MICHELETTO,SANTA HELENA,20a RS TOLEDO,MACRORREGIAO OESTE,3,1,0,1,0,0
HOSPITAL BENEFICENTE MOACIR MICHELETTO,SANTA HELENA,20a RS TOLEDO,MACRORREGIAO OESTE,8,1,0,1,0,0
HOSPITAL BENEFICENTE MOACIR MICHELETTO,SANTA HELENA,20a RS TOLEDO,MACRORREGIAO OESTE,10,1,0,1,0,0
HOSPITAL BENEFICENTE MOACIR MICHELETTO,SANTA HELENA,20a RS TOLEDO,MACRORREGIAO OESTE,15,1,0,1,0,0
HOSPITAL BENEFICENTE MOACIR MICHELETTO,SANTA HELENA,20a RS TOLEDO,MACRORREGIAO OESTE,17,1,0,1,0,1
HOSPITAL BENEFICENTE MOACIR MICHELETTO,SANTA HELENA,20a RS TOLEDO,MACRORREGIAO OESTE,20,1,0,1,0,0
HOSPITAL BENEFICENTE MOACIR MICHELETTO,SANTA HELENA,20a RS TOLEDO,MACRORREGIAO OESTE,25,1,0,1,0,1
HOSPITAL BENEFICENTE MOACIR MICHELETTO,SANTA HELENA,20a RS TOLEDO,MACRORREGIAO OESTE,31,1,0,1,0,0
HOSPITAL BENEFICENTE MOACIR MICHELETTO,SANTA HELENA,20a RS TOLEDO,MACRORREGIAO OESTE,32,2,0,2,0,1
HOSPITAL BENEFICENTE MOACIR MICHELETTO,SANTA HELENA,20a RS TOLEDO,MACRORREGIAO OESTE,33,2,0,2,0,2
HOSPITAL BENEFICENTE MOACIR MICHELETTO,SANTA HELENA,20a RS TOLEDO,MACRORREGIAO OESTE,35,1,0,0,0,0
HOSPITAL DR CAMPAGNOLO,TOLEDO,20a RS TOLEDO,MACRORREGIAO OESTE,19,3,0,3,0,2
HOSPITAL DR CAMPAGNOLO,TOLEDO,20a RS TOLEDO,MACRORREGIAO OESTE,20,2,0,2,0,2
HOSPITAL DR CAMPAGNOLO,TOLEDO,20a RS TOLEDO,MACRORREGIAO OESTE,23,1,0,1,0,0
HOSPITAL DR CAMPAGNOLO,TOLEDO,20a RS TOLEDO,MACRORREGIAO OESTE,24,2,0,2,0,1
HOSPITAL DR CAMPAGNOLO,TOLEDO,20a RS TOLEDO,MACRORREGIAO OESTE,25,2,0,2,0,1
HOSPITAL DR CAMPAGNOLO,TOLEDO,20a RS TOLEDO,MACRORREGIAO OESTE,32,1,0,1,1,0
HOSPITAL GERAL UNIMED HGU,TOLEDO,20a RS TOLEDO,MACRORREGIAO OESTE,2,3,0,3,0,1
HOSPITAL GERAL UNIMED HGU,TOLEDO,20a RS TOLEDO,MACRORREGIAO OESTE,3,1,0,1,0,0
HOSPITAL GERAL UNIMED HGU,TOLEDO,20a RS TOLEDO,MACRORREGIAO OESTE,4,3,0,3,1,0
HOSPITAL GERAL UNIMED HGU,TOLEDO,20a RS TOLEDO,MACRORREGIAO OESTE,5,2,0,2,0,1
HOSPITAL GERAL UNIMED HGU,TOLEDO,20a RS TOLEDO,MACRORREGIAO OESTE,6,3,0,3,0,1
HOSPITAL GERAL UNIMED HGU,TOLEDO,20a RS TOLEDO,MACRORREGIAO OESTE,7,2,0,2,0,1
HOSPITAL GERAL UNIMED HGU,TOLEDO,20a RS TOLEDO,MACRORREGIAO OESTE,8,3,0,3,1,1
HOSPITAL GERAL UNIMED HGU,TOLEDO,20a RS TOLEDO,MACRORREGIAO OESTE,9,8,0,8,1,3
HOSPITAL GERAL UNIMED HGU,TOLEDO,20a RS TOLEDO,MACRORREGIAO OESTE,10,1,0,1,0,0
HOSPITAL GERAL UNIMED HGU,TOLEDO,20a RS TOLEDO,MACRORREGIAO OESTE,11,3,0,3,0,0
HOSPITAL GERAL UNIMED HGU,TOLEDO,20a RS TOLEDO,MACRORREGIAO OESTE,12,8,0,8,1,3
HOSPITAL GERAL UNIMED HGU,TOLEDO,20a RS TOLEDO,MACRORREGIAO OESTE,13,3,0,3,0,3
HOSPITAL GERAL UNIMED HGU,TOLEDO,20a RS TOLEDO,MACRORREGIAO OESTE,14,7,0,7,2,3
HOSPITAL GERAL UNIMED HGU,TOLEDO,20a RS TOLEDO,MACRORREGIAO OESTE,15,4,0,4,0,2
HOSPITAL GERAL UNIMED HGU,TOLEDO,20a RS TOLEDO,MACRORREGIAO OESTE,16,6,0,6,1,2
HOSPITAL GERAL UNIMED HGU,TOLEDO,20a RS TOLEDO,MACRORREGIAO OESTE,17,8,0,8,0,4
HOSPITAL GERAL UNIMED HGU,TOLEDO,20a RS TOLEDO,MACRORREGIAO OESTE,18,8,0,8,1,6
HOSPITAL GERAL UNIMED HGU,TOLEDO,20a RS TOLEDO,MACRORREGIAO OESTE,19,3,0,3,0,2
HOSPITAL GERAL UNIMED HGU,TOLEDO,20a RS TOLEDO,MACRORREGIAO OESTE,20,5,0,5,0,3
HOSPITAL GERAL UNIMED HGU,TOLEDO,20a RS TOLEDO,MACRORREGIAO OESTE,21,11,0,11,1,7
HOSPITAL GERAL UNIMED HGU,TOLEDO,20a RS TOLEDO,MACRORREGIAO OESTE,22,11,0,11,1,9
HOSPITAL GERAL UNIMED HGU,TOLEDO,20a RS TOLEDO,MACRORREGIAO OESTE,23,9,0,9,2,4
HOSPITAL GERAL UNIMED HGU,TOLEDO,20a RS TOLEDO,MACRORREGIAO OESTE,24,12,0,12,0,8
HOSPITAL GERAL UNIMED HGU,TOLEDO,20a RS TOLEDO,MACRORREGIAO OESTE,25,7,0,7,2,4
HOSPITAL GERAL UNIMED HGU,TOLEDO,20a RS TOLEDO,MACRORREGIAO OESTE,26,5,0,5,0,5
HOSPITAL GERAL UNIMED HGU,TOLEDO,20a RS TOLEDO,MACRORREGIAO OESTE,27,12,1,12,2,7
HOSPITAL GERAL UNIMED HGU,TOLEDO,20a RS TOLEDO,MACRORREGIAO OESTE,28,6,0,6,1,3
HOSPITAL GERAL UNIMED HGU,TOLEDO,20a RS TOLEDO,MACRORREGIAO OESTE,29,5,0,5,1,1
HOSPITAL GERAL UNIMED HGU,TOLEDO,20a RS TOLEDO,MACRORREGIAO OESTE,30,5,0,5,1,3
HOSPITAL GERAL UNIMED HGU,TOLEDO,20a RS TOLEDO,MACRORREGIAO OESTE,31,2,0,2,0,2
HOSPITAL GERAL UNIMED HGU,TOLEDO,20a RS TOLEDO,MACRORREGIAO OESTE,32,6,0,6,0,3
HOSPITAL GERAL UNIMED HGU,TOLEDO,20a RS TOLEDO,MACRORREGIAO OESTE,33,8,0,8,1,4
HOSPITAL GERAL UNIMED HGU,TOLEDO,20a RS TOLEDO,MACRORREGIAO OESTE,34,5,0,5,0,3
HOSPITAL GERAL UNIMED HGU,TOLEDO,20a RS TOLEDO,MACRORREGIAO OESTE,35,5,0,5,1,2
HOSPITAL GERAL UNIMED HGU,TOLEDO,20a RS TOLEDO,MACRORREGIAO OESTE,36,3,0,3,0,2
HOSPITAL GERAL UNIMED HGU,TOLEDO,20a RS TOLEDO,MACRORREGIAO OESTE,37,4,0,4,1,2
HOSPITAL GERAL UNIMED HGU,TOLEDO,20a RS TOLEDO,MACRORREGIAO OESTE,39,1,0,0,1,0
HOSPITAL MUNICIPAL DE RETAGUARDA ALLAN BRAME PINHO,ASSIS CHATEAUBRIAND,20a RS TOLEDO,MACRORREGIAO OESTE,25,1,0,1,1,0
HOSPITAL MUNICIPAL DR CRUZATTI,MARECHAL CANDIDO RONDON,20a RS TOLEDO,MACRORREGIAO OESTE,1,1,0,1,0,0
HOSPITAL MUNICIPAL DR CRUZATTI,MARECHAL CANDIDO RONDON,20a RS TOLEDO,MACRORREGIAO OESTE,2,1,0,1,0,0
HOSPITAL MUNICIPAL DR CRUZATTI,MARECHAL CANDIDO RONDON,20a RS TOLEDO,MACRORREGIAO OESTE,5,3,1,3,0,0
HOSPITAL MUNICIPAL DR CRUZATTI,MARECHAL CANDIDO RONDON,20a RS TOLEDO,MACRORREGIAO OESTE,6,1,0,1,0,1
HOSPITAL MUNICIPAL DR CRUZATTI,MARECHAL CANDIDO RONDON,20a RS TOLEDO,MACRORREGIAO OESTE,7,2,1,2,0,1
HOSPITAL MUNICIPAL DR CRUZATTI,MARECHAL CANDIDO RONDON,20a RS TOLEDO,MACRORREGIAO OESTE,8,3,0,3,0,1
HOSPITAL MUNICIPAL DR CRUZATTI,MARECHAL CANDIDO RONDON,20a RS TOLEDO,MACRORREGIAO OESTE,9,1,0,1,0,0
HOSPITAL MUNICIPAL DR CRUZATTI,MARECHAL CANDIDO RONDON,20a RS TOLEDO,MACRORREGIAO OESTE,10,1,1,1,0,0
HOSPITAL MUNICIPAL DR CRUZATTI,MARECHAL CANDIDO RONDON,20a RS TOLEDO,MACRORREGIAO OESTE,11,3,0,3,0,1
HOSPITAL MUNICIPAL DR CRUZATTI,MARECHAL CANDIDO RONDON,20a RS TOLEDO,MACRORREGIAO OESTE,14,1,0,1,0,0
HOSPITAL MUNICIPAL DR CRUZATTI,MARECHAL CANDIDO RONDON,20a RS TOLEDO,MACRORREGIAO OESTE,15,3,0,3,0,1
HOSPITAL MUNICIPAL DR CRUZATTI,MARECHAL CANDIDO RONDON,20a RS TOLEDO,MACRORREGIAO OESTE,17,2,0,2,0,1
HOSPITAL MUNICIPAL DR CRUZATTI,MARECHAL CANDIDO RONDON,20a RS TOLEDO,MACRORREGIAO OESTE,18,3,0,3,0,2
HOSPITAL MUNICIPAL DR CRUZATTI,MARECHAL CANDIDO RONDON,20a RS TOLEDO,MACRORREGIAO OESTE,19,9,1,9,0,3
HOSPITAL MUNICIPAL DR CRUZATTI,MARECHAL CANDIDO RONDON,20a RS TOLEDO,MACRORREGIAO OESTE,20,4,1,4,0,1
HOSPITAL MUNICIPAL DR CRUZATTI,MARECHAL CANDIDO RONDON,20a RS TOLEDO,MACRORREGIAO OESTE,21,5,0,5,0,2
HOSPITAL MUNICIPAL DR CRUZATTI,MARECHAL CANDIDO RONDON,20a RS TOLEDO,MACRORREGIAO OESTE,22,7,0,7,0,2
HOSPITAL MUNICIPAL DR CRUZATTI,MARECHAL CANDIDO RONDON,20a RS TOLEDO,MACRORREGIAO OESTE,23,4,0,4,1,1
HOSPITAL MUNICIPAL DR CRUZATTI,MARECHAL CANDIDO RONDON,20a RS TOLEDO,MACRORREGIAO OESTE,24,6,0,6,0,4
HOSPITAL MUNICIPAL DR CRUZATTI,MARECHAL CANDIDO RONDON,20a RS TOLEDO,MACRORREGIAO OESTE,25,6,0,6,1,3
HOSPITAL MUNICIPAL DR CRUZATTI,MARECHAL CANDIDO RONDON,20a RS TOLEDO,MACRORREGIAO OESTE,26,8,0,8,0,4
HOSPITAL MUNICIPAL DR CRUZATTI,MARECHAL CANDIDO RONDON,20a RS TOLEDO,MACRORREGIAO OESTE,27,11,1,11,0,3
HOSPITAL MUNICIPAL DR CRUZATTI,MARECHAL CANDIDO RONDON,20a RS TOLEDO,MACRORREGIAO OESTE,28,9,0,9,0,2
HOSPITAL MUNICIPAL DR CRUZATTI,MARECHAL CANDIDO RONDON,20a RS TOLEDO,MACRORREGIAO OESTE,29,4,2,4,0,2
HOSPITAL MUNICIPAL DR CRUZATTI,MARECHAL CANDIDO RONDON,20a RS TOLEDO,MACRORREGIAO OESTE,30,4,1,2,0,1
HOSPITAL MUNICIPAL DR CRUZATTI,MARECHAL CANDIDO RONDON,20a RS TOLEDO,MACRORREGIAO OESTE,31,5,0,5,0,0
HOSPITAL MUNICIPAL DR CRUZATTI,MARECHAL CANDIDO RONDON,20a RS TOLEDO,MACRORREGIAO OESTE,32,3,0,1,0,0
HOSPITAL MUNICIPAL DR CRUZATTI,MARECHAL CANDIDO RONDON,20a RS TOLEDO,MACRORREGIAO OESTE,33,2,0,0,0,0
HOSPITAL MUNICIPAL DR CRUZATTI,MARECHAL CANDIDO RONDON,20a RS TOLEDO,MACRORREGIAO OESTE,34,4,0,0,0,0
HOSPITAL MUNICIPAL DR CRUZATTI,MARECHAL CANDIDO RONDON,20a RS TOLEDO,MACRORREGIAO OESTE,35,5,0,0,0,0
HOSPITAL MUNICIPAL DR CRUZATTI,MARECHAL CANDIDO RONDON,20a RS TOLEDO,MACRORREGIAO OESTE,36,2,0,0,0,0
HOSPITAL MUNICIPAL DR CRUZATTI,MARECHAL CANDIDO RONDON,20a RS TOLEDO,MACRORREGIAO OESTE,37,1,0,0,0,0
HOSPITAL MUNICIPAL DR CRUZATTI,MARECHAL CANDIDO RONDON,20a RS TOLEDO,MACRORREGIAO OESTE,38,4,0,0,0,0
HOSPITAL MUNICIPAL DR CRUZATTI,MARECHAL CANDIDO RONDON,20a RS TOLEDO,MACRORREGIAO OESTE,39,4,0,0,0,0
HOSPITAL MUNICIPAL PREFEITO QUINTO ABRAO DELAZERI,PALOTINA,20a RS TOLEDO,MACRORREGIAO OESTE,1,1,0,1,0,0
HOSPITAL MUNICIPAL PREFEITO QUINTO ABRAO DELAZERI,PALOTINA,20a RS TOLEDO,MACRORREGIAO OESTE,2,2,0,2,2,0
HOSPITAL MUNICIPAL PREFEITO QUINTO ABRAO DELAZERI,PALOTINA,20a RS TOLEDO,MACRORREGIAO OESTE,3,1,0,1,0,1
HOSPITAL MUNICIPAL PREFEITO QUINTO ABRAO DELAZERI,PALOTINA,20a RS TOLEDO,MACRORREGIAO OESTE,5,2,0,2,1,1
HOSPITAL MUNICIPAL PREFEITO QUINTO ABRAO DELAZERI,PALOTINA,20a RS TOLEDO,MACRORREGIAO OESTE,6,1,0,1,0,1
HOSPITAL MUNICIPAL PREFEITO QUINTO ABRAO DELAZERI,PALOTINA,20a RS TOLEDO,MACRORREGIAO OESTE,7,2,0,2,0,0
HOSPITAL MUNICIPAL PREFEITO QUINTO ABRAO DELAZERI,PALOTINA,20a RS TOLEDO,MACRORREGIAO OESTE,9,2,0,2,1,0
HOSPITAL MUNICIPAL PREFEITO QUINTO ABRAO DELAZERI,PALOTINA,20a RS TOLEDO,MACRORREGIAO OESTE,10,4,0,4,2,1
HOSPITAL MUNICIPAL PREFEITO QUINTO ABRAO DELAZERI,PALOTINA,20a RS TOLEDO,MACRORREGIAO OESTE,11,3,0,3,2,1
HOSPITAL MUNICIPAL PREFEITO QUINTO ABRAO DELAZERI,PALOTINA,20a RS TOLEDO,MACRORREGIAO OESTE,13,1,0,1,0,0
HOSPITAL MUNICIPAL PREFEITO QUINTO ABRAO DELAZERI,PALOTINA,20a RS TOLEDO,MACRORREGIAO OESTE,14,6,0,6,0,3
HOSPITAL MUNICIPAL PREFEITO QUINTO ABRAO DELAZERI,PALOTINA,20a RS TOLEDO,MACRORREGIAO OESTE,15,5,0,5,1,2
HOSPITAL MUNICIPAL PREFEITO QUINTO ABRAO DELAZERI,PALOTINA,20a RS TOLEDO,MACRORREGIAO OESTE,16,6,0,6,2,1
HOSPITAL MUNICIPAL PREFEITO QUINTO ABRAO DELAZERI,PALOTINA,20a RS TOLEDO,MACRORREGIAO OESTE,17,3,0,3,0,2
HOSPITAL MUNICIPAL PREFEITO QUINTO ABRAO DELAZERI,PALOTINA,20a RS TOLEDO,MACRORREGIAO OESTE,18,6,1,6,1,2
HOSPITAL MUNICIPAL PREFEITO QUINTO ABRAO DELAZERI,PALOTINA,20a RS TOLEDO,MACRORREGIAO OESTE,19,3,0,3,0,2
HOSPITAL MUNICIPAL PREFEITO QUINTO ABRAO DELAZERI,PALOTINA,20a RS TOLEDO,MACRORREGIAO OESTE,20,4,0,4,0,3
HOSPITAL MUNICIPAL PREFEITO QUINTO ABRAO DELAZERI,PALOTINA,20a RS TOLEDO,MACRORREGIAO OESTE,21,7,0,7,2,4
HOSPITAL MUNICIPAL PREFEITO QUINTO ABRAO DELAZERI,PALOTINA,20a RS TOLEDO,MACRORREGIAO OESTE,22,5,0,5,2,2
HOSPITAL MUNICIPAL PREFEITO QUINTO ABRAO DELAZERI,PALOTINA,20a RS TOLEDO,MACRORREGIAO OESTE,23,9,1,9,2,5
HOSPITAL MUNICIPAL PREFEITO QUINTO ABRAO DELAZERI,PALOTINA,20a RS TOLEDO,MACRORREGIAO OESTE,24,2,0,2,1,1
HOSPITAL MUNICIPAL PREFEITO QUINTO ABRAO DELAZERI,PALOTINA,20a RS TOLEDO,MACRORREGIAO OESTE,25,1,0,1,1,0
HOSPITAL MUNICIPAL PREFEITO QUINTO ABRAO DELAZERI,PALOTINA,20a RS TOLEDO,MACRORREGIAO OESTE,26,5,0,5,3,2
HOSPITAL MUNICIPAL PREFEITO QUINTO ABRAO DELAZERI,PALOTINA,20a RS TOLEDO,MACRORREGIAO OESTE,27,4,0,4,1,1
HOSPITAL MUNICIPAL PREFEITO QUINTO ABRAO DELAZERI,PALOTINA,20a RS TOLEDO,MACRORREGIAO OESTE,28,3,0,2,1,2
HOSPITAL MUNICIPAL PREFEITO QUINTO ABRAO DELAZERI,PALOTINA,20a RS TOLEDO,MACRORREGIAO OESTE,29,2,0,2,1,1
HOSPITAL MUNICIPAL PREFEITO QUINTO ABRAO DELAZERI,PALOTINA,20a RS TOLEDO,MACRORREGIAO OESTE,30,1,0,1,1,0
HOSPITAL MUNICIPAL PREFEITO QUINTO ABRAO DELAZERI,PALOTINA,20a RS TOLEDO,MACRORREGIAO OESTE,31,2,0,2,1,1
HOSPITAL MUNICIPAL PREFEITO QUINTO ABRAO DELAZERI,PALOTINA,20a RS TOLEDO,MACRORREGIAO OESTE,32,2,0,2,2,1
HOSPITAL MUNICIPAL PREFEITO QUINTO ABRAO DELAZERI,PALOTINA,20a RS TOLEDO,MACRORREGIAO OESTE,33,6,0,4,1,0
HOSPITAL MUNICIPAL PREFEITO QUINTO ABRAO DELAZERI,PALOTINA,20a RS TOLEDO,MACRORREGIAO OESTE,34,2,0,2,1,1
HOSPITAL MUNICIPAL PREFEITO QUINTO ABRAO DELAZERI,PALOTINA,20a RS TOLEDO,MACRORREGIAO OESTE,35,1,0,1,1,1
HOSPITAL MUNICIPAL PREFEITO QUINTO ABRAO DELAZERI,PALOTINA,20a RS TOLEDO,MACRORREGIAO OESTE,36,2,0,0,2,0
HOSPITAL MUNICIPAL PREFEITO QUINTO ABRAO DELAZERI,PALOTINA,20a RS TOLEDO,MACRORREGIAO OESTE,37,2,0,0,0,0
HOSPITAL MUNICIPAL PREFEITO QUINTO ABRAO DELAZERI,PALOTINA,20a RS TOLEDO,MACRORREGIAO OESTE,39,1,0,0,1,0
HOSPITAL REGIONAL DE TOLEDO HRT,TOLEDO,20a RS TOLEDO,MACRORREGIAO OESTE,1,1,0,1,0,0
HOSPITAL REGIONAL DE TOLEDO HRT,TOLEDO,20a RS TOLEDO,MACRORREGIAO OESTE,3,1,0,1,1,0
HOSPITAL REGIONAL DE TOLEDO HRT,TOLEDO,20a RS TOLEDO,MACRORREGIAO OESTE,4,1,0,1,1,0
HOSPITAL REGIONAL DE TOLEDO HRT,TOLEDO,20a RS TOLEDO,MACRORREGIAO OESTE,5,1,0,1,0,0
HOSPITAL REGIONAL DE TOLEDO HRT,TOLEDO,20a RS TOLEDO,MACRORREGIAO OESTE,6,1,0,1,1,0
HOSPITAL REGIONAL DE TOLEDO HRT,TOLEDO,20a RS TOLEDO,MACRORREGIAO OESTE,7,3,0,3,1,1
HOSPITAL REGIONAL DE TOLEDO HRT,TOLEDO,20a RS TOLEDO,MACRORREGIAO OESTE,8,1,0,1,1,0
HOSPITAL REGIONAL DE TOLEDO HRT,TOLEDO,20a RS TOLEDO,MACRORREGIAO OESTE,9,1,0,1,1,0
HOSPITAL REGIONAL DE TOLEDO HRT,TOLEDO,20a RS TOLEDO,MACRORREGIAO OESTE,10,1,0,1,0,0
HOSPITAL REGIONAL DE TOLEDO HRT,TOLEDO,20a RS TOLEDO,MACRORREGIAO OESTE,11,3,0,3,1,0
HOSPITAL REGIONAL DE TOLEDO HRT,TOLEDO,20a RS TOLEDO,MACRORREGIAO OESTE,12,2,0,2,1,0
HOSPITAL REGIONAL DE TOLEDO HRT,TOLEDO,20a RS TOLEDO,MACRORREGIAO OESTE,14,1,0,1,1,1
HOSPITAL REGIONAL DE TOLEDO HRT,TOLEDO,20a RS TOLEDO,MACRORREGIAO OESTE,15,1,0,1,0,0
HOSPITAL REGIONAL DE TOLEDO HRT,TOLEDO,20a RS TOLEDO,MACRORREGIAO OESTE,16,2,0,2,0,1
HOSPITAL REGIONAL DE TOLEDO HRT,TOLEDO,20a RS TOLEDO,MACRORREGIAO OESTE,19,1,0,1,0,0
HOSPITAL REGIONAL DE TOLEDO HRT,TOLEDO,20a RS TOLEDO,MACRORREGIAO OESTE,20,8,0,8,0,1
HOSPITAL REGIONAL DE TOLEDO HRT,TOLEDO,20a RS TOLEDO,MACRORREGIAO OESTE,21,2,0,2,0,1
HOSPITAL REGIONAL DE TOLEDO HRT,TOLEDO,20a RS TOLEDO,MACRORREGIAO OESTE,22,4,0,4,1,1
HOSPITAL REGIONAL DE TOLEDO HRT,TOLEDO,20a RS TOLEDO,MACRORREGIAO OESTE,23,7,0,7,1,1
HOSPITAL REGIONAL DE TOLEDO HRT,TOLEDO,20a RS TOLEDO,MACRORREGIAO OESTE,24,2,0,2,1,0
HOSPITAL REGIONAL DE TOLEDO HRT,TOLEDO,20a RS TOLEDO,MACRORREGIAO OESTE,25,11,0,11,3,4
HOSPITAL REGIONAL DE TOLEDO HRT,TOLEDO,20a RS TOLEDO,MACRORREGIAO OESTE,26,11,0,11,1,1
HOSPITAL REGIONAL DE TOLEDO HRT,TOLEDO,20a RS TOLEDO,MACRORREGIAO OESTE,27,9,0,9,2,2
HOSPITAL REGIONAL DE TOLEDO HRT,TOLEDO,20a RS TOLEDO,MACRORREGIAO OESTE,28,5,0,5,1,3
HOSPITAL REGIONAL DE TOLEDO HRT,TOLEDO,20a RS TOLEDO,MACRORREGIAO OESTE,29,6,0,6,2,2
HOSPITAL REGIONAL DE TOLEDO HRT,TOLEDO,20a RS TOLEDO,MACRORREGIAO OESTE,30,1,0,1,0,0
HOSPITAL REGIONAL DE TOLEDO HRT,TOLEDO,20a RS TOLEDO,MACRORREGIAO OESTE,31,3,0,3,2,0
HOSPITAL REGIONAL DE TOLEDO HRT,TOLEDO,20a RS TOLEDO,MACRORREGIAO OESTE,32,3,0,3,0,1
HOSPITAL REGIONAL DE TOLEDO HRT,TOLEDO,20a RS TOLEDO,MACRORREGIAO OESTE,33,5,0,5,0,1
HOSPITAL REGIONAL DE TOLEDO HRT,TOLEDO,20a RS TOLEDO,MACRORREGIAO OESTE,34,3,0,3,2,0
HOSPITAL REGIONAL DE TOLEDO HRT,TOLEDO,20a RS TOLEDO,MACRORREGIAO OESTE,35,2,0,2,0,0
HOSPITAL REGIONAL DE TOLEDO HRT,TOLEDO,20a RS TOLEDO,MACRORREGIAO OESTE,37,4,0,3,1,1
HOSPITAL REGIONAL DE TOLEDO HRT,TOLEDO,20a RS TOLEDO,MACRORREGIAO OESTE,38,1,0,0,1,0
HOSPITAL REGIONAL DE TOLEDO HRT,TOLEDO,20a RS TOLEDO,MACRORREGIAO OESTE,39,5,0,0,3,0
HOSPITAL RONDON,MARECHAL CANDIDO RONDON,20a RS TOLEDO,MACRORREGIAO OESTE,1,1,1,1,1,0
HOSPITAL RONDON,MARECHAL CANDIDO RONDON,20a RS TOLEDO,MACRORREGIAO OESTE,2,1,0,1,1,1
HOSPITAL RONDON,MARECHAL CANDIDO RONDON,20a RS TOLEDO,MACRORREGIAO OESTE,6,1,1,1,1,0
HOSPITAL RONDON,MARECHAL CANDIDO RONDON,20a RS TOLEDO,MACRORREGIAO OESTE,7,3,0,3,1,1
HOSPITAL RONDON,MARECHAL CANDIDO RONDON,20a RS TOLEDO,MACRORREGIAO OESTE,8,5,0,5,3,2
HOSPITAL RONDON,MARECHAL CANDIDO RONDON,20a RS TOLEDO,MACRORREGIAO OESTE,9,3,1,3,3,0
HOSPITAL RONDON,MARECHAL CANDIDO RONDON,20a RS TOLEDO,MACRORREGIAO OESTE,10,1,0,1,0,0
HOSPITAL RONDON,MARECHAL CANDIDO RONDON,20a RS TOLEDO,MACRORREGIAO OESTE,13,1,0,1,1,0
HOSPITAL RONDON,MARECHAL CANDIDO RONDON,20a RS TOLEDO,MACRORREGIAO OESTE,14,1,0,1,0,0
HOSPITAL RONDON,MARECHAL CANDIDO RONDON,20a RS TOLEDO,MACRORREGIAO OESTE,15,2,1,2,1,2
HOSPITAL RONDON,MARECHAL CANDIDO RONDON,20a RS TOLEDO,MACRORREGIAO OESTE,16,1,0,1,0,1
HOSPITAL RONDON,MARECHAL CANDIDO RONDON,20a RS TOLEDO,MACRORREGIAO OESTE,17,1,1,1,1,0
HOSPITAL RONDON,MARECHAL CANDIDO RONDON,20a RS TOLEDO,MACRORREGIAO OESTE,18,1,0,1,0,1
HOSPITAL RONDON,MARECHAL CANDIDO RONDON,20a RS TOLEDO,MACRORREGIAO OESTE,19,2,1,2,2,1
HOSPITAL RONDON,MARECHAL CANDIDO RONDON,20a RS TOLEDO,MACRORREGIAO OESTE,20,2,0,2,2,2
HOSPITAL RONDON,MARECHAL CANDIDO RONDON,20a RS TOLEDO,MACRORREGIAO OESTE,21,2,0,2,1,0
HOSPITAL RONDON,MARECHAL CANDIDO RONDON,20a RS TOLEDO,MACRORREGIAO OESTE,22,2,0,2,2,0
HOSPITAL RONDON,MARECHAL CANDIDO RONDON,20a RS TOLEDO,MACRORREGIAO OESTE,24,4,0,4,2,2
HOSPITAL RONDON,MARECHAL CANDIDO RONDON,20a RS TOLEDO,MACRORREGIAO OESTE,26,1,0,1,0,1
HOSPITAL RONDON,MARECHAL CANDIDO RONDON,20a RS TOLEDO,MACRORREGIAO OESTE,27,2,1,2,2,0
HOSPITAL RONDON,MARECHAL CANDIDO RONDON,20a RS TOLEDO,MACRORREGIAO OESTE,28,3,0,3,1,2
HOSPITAL RONDON,MARECHAL CANDIDO RONDON,20a RS TOLEDO,MACRORREGIAO OESTE,29,1,0,1,0,1
HOSPITAL RONDON,MARECHAL CANDIDO RONDON,20a RS TOLEDO,MACRORREGIAO OESTE,30,1,0,1,1,0
HOSPITAL RONDON,MARECHAL CANDIDO RONDON,20a RS TOLEDO,MACRORREGIAO OESTE,31,3,1,3,3,1
HOSPITAL RONDON,MARECHAL CANDIDO RONDON,20a RS TOLEDO,MACRORREGIAO OESTE,32,2,0,2,2,1
HOSPITAL RONDON,MARECHAL CANDIDO RONDON,20a RS TOLEDO,MACRORREGIAO OESTE,33,2,0,1,1,1
HOSPITAL RONDON,MARECHAL CANDIDO RONDON,20a RS TOLEDO,MACRORREGIAO OESTE,35,2,0,0,2,0
HOSPITAL RONDON,MARECHAL CANDIDO RONDON,20a RS TOLEDO,MACRORREGIAO OESTE,38,1,0,0,1,0
HOSPITAL UNIVERSITARIO DO OESTE DO PARANA,TOLEDO,20a RS TOLEDO,MACRORREGIAO OESTE,20,1,1,1,0,1
INSTITUTO DOUTOR RODOLFO VILELA,PATO BRAGADO,20a RS TOLEDO,MACRORREGIAO OESTE,14,1,0,1,0,0
INSTITUTO DOUTOR RODOLFO VILELA,PATO BRAGADO,20a RS TOLEDO,MACRORREGIAO OESTE,16,1,0,1,0,0
INSTITUTO DOUTOR RODOLFO VILELA,PATO BRAGADO,20a RS TOLEDO,MACRORREGIAO OESTE,17,2,0,2,0,2
INSTITUTO DOUTOR RODOLFO VILELA,PATO BRAGADO,20a RS TOLEDO,MACRORREGIAO OESTE,18,1,0,1,0,0
INSTITUTO DOUTOR RODOLFO VILELA,PATO BRAGADO,20a RS TOLEDO,MACRORREGIAO OESTE,19,1,0,1,0,1
INSTITUTO DOUTOR RODOLFO VILELA,PATO BRAGADO,20a RS TOLEDO,MACRORREGIAO OESTE,20,1,0,1,1,1
INSTITUTO DOUTOR RODOLFO VILELA,PATO BRAGADO,20a RS TOLEDO,MACRORREGIAO OESTE,21,1,0,1,0,0
INSTITUTO DOUTOR RODOLFO VILELA,PATO BRAGADO,20a RS TOLEDO,MACRORREGIAO OESTE,22,2,0,2,0,0
PAM HENRIQUE BARTOLOMEU TRICHES,TERRA ROXA,20a RS TOLEDO,MACRORREGIAO OESTE,1,2,0,2,0,1
PAM HENRIQUE BARTOLOMEU TRICHES,TERRA ROXA,20a RS TOLEDO,MACRORREGIAO OESTE,8,1,0,1,0,0
PAM HENRIQUE BARTOLOMEU TRICHES,TERRA ROXA,20a RS TOLEDO,MACRORREGIAO OESTE,23,1,0,1,0,1
PAM HENRIQUE BARTOLOMEU TRICHES,TERRA ROXA,20a RS TOLEDO,MACRORREGIAO OESTE,24,2,0,2,0,2
PAM HENRIQUE BARTOLOMEU TRICHES,TERRA ROXA,20a RS TOLEDO,MACRORREGIAO OESTE,26,1,0,1,0,1
PAM HENRIQUE BARTOLOMEU TRICHES,TERRA ROXA,20a RS TOLEDO,MACRORREGIAO OESTE,27,1,0,1,0,0
PAM HENRIQUE BARTOLOMEU TRICHES,TERRA ROXA,20a RS TOLEDO,MACRORREGIAO OESTE,28,1,0,1,0,0
PRONTO ATENDIMENTO 24 HORAS,MARIPA,20a RS TOLEDO,MACRORREGIAO OESTE,18,1,0,1,0,1
PRONTO ATENDIMENTO 24 HORAS,MARIPA,20a RS TOLEDO,MACRORREGIAO OESTE,30,1,0,0,0,0
PRONTO ATENDIMENTO 24 HORAS DR JORGE MILTON NUNES,TOLEDO,20a RS TOLEDO,MACRORREGIAO OESTE,1,2,0,2,0,0
PRONTO ATENDIMENTO 24 HORAS DR JORGE MILTON NUNES,TOLEDO,20a RS TOLEDO,MACRORREGIAO OESTE,2,1,0,1,0,1
PRONTO ATENDIMENTO 24 HORAS DR JORGE MILTON NUNES,TOLEDO,20a RS TOLEDO,MACRORREGIAO OESTE,3,6,1,6,2,1
PRONTO ATENDIMENTO 24 HORAS DR JORGE MILTON NUNES,TOLEDO,20a RS TOLEDO,MACRORREGIAO OESTE,4,4,1,4,1,0
PRONTO ATENDIMENTO 24 HORAS DR JORGE MILTON NUNES,TOLEDO,20a RS TOLEDO,MACRORREGIAO OESTE,5,2,0,2,1,1
PRONTO ATENDIMENTO 24 HORAS DR JORGE MILTON NUNES,TOLEDO,20a RS TOLEDO,MACRORREGIAO OESTE,6,2,0,2,1,0
PRONTO ATENDIMENTO 24 HORAS DR JORGE MILTON NUNES,TOLEDO,20a RS TOLEDO,MACRORREGIAO OESTE,8,2,0,2,0,0
PRONTO ATENDIMENTO 24 HORAS DR JORGE MILTON NUNES,TOLEDO,20a RS TOLEDO,MACRORREGIAO OESTE,10,2,0,2,0,1
PRONTO ATENDIMENTO 24 HORAS DR JORGE MILTON NUNES,TOLEDO,20a RS TOLEDO,MACRORREGIAO OESTE,13,2,0,2,0,1
PRONTO ATENDIMENTO 24 HORAS DR JORGE MILTON NUNES,TOLEDO,20a RS TOLEDO,MACRORREGIAO OESTE,14,2,0,2,0,0
PRONTO ATENDIMENTO 24 HORAS DR JORGE MILTON NUNES,TOLEDO,20a RS TOLEDO,MACRORREGIAO OESTE,15,4,0,4,1,1
PRONTO ATENDIMENTO 24 HORAS DR JORGE MILTON NUNES,TOLEDO,20a RS TOLEDO,MACRORREGIAO OESTE,16,6,0,6,1,1
PRONTO ATENDIMENTO 24 HORAS DR JORGE MILTON NUNES,TOLEDO,20a RS TOLEDO,MACRORREGIAO OESTE,17,6,0,6,1,2
PRONTO ATENDIMENTO 24 HORAS DR JORGE MILTON NUNES,TOLEDO,20a RS TOLEDO,MACRORREGIAO OESTE,18,2,0,2,0,1
PRONTO ATENDIMENTO 24 HORAS DR JORGE MILTON NUNES,TOLEDO,20a RS TOLEDO,MACRORREGIAO OESTE,19,5,1,5,0,1
PRONTO ATENDIMENTO 24 HORAS DR JORGE MILTON NUNES,TOLEDO,20a RS TOLEDO,MACRORREGIAO OESTE,20,6,0,6,1,4
PRONTO ATENDIMENTO 24 HORAS DR JORGE MILTON NUNES,TOLEDO,20a RS TOLEDO,MACRORREGIAO OESTE,21,5,0,5,1,1
PRONTO ATENDIMENTO 24 HORAS DR JORGE MILTON NUNES,TOLEDO,20a RS TOLEDO,MACRORREGIAO OESTE,22,4,0,4,0,4
PRONTO ATENDIMENTO 24 HORAS DR JORGE MILTON NUNES,TOLEDO,20a RS TOLEDO,MACRORREGIAO OESTE,23,4,0,4,0,2
PRONTO ATENDIMENTO 24 HORAS DR JORGE MILTON NUNES,TOLEDO,20a RS TOLEDO,MACRORREGIAO OESTE,24,1,0,1,0,0
PRONTO ATENDIMENTO 24 HORAS DR JORGE MILTON NUNES,TOLEDO,20a RS TOLEDO,MACRORREGIAO OESTE,25,4,0,4,0,1
PRONTO ATENDIMENTO 24 HORAS DR JORGE MILTON NUNES,TOLEDO,20a RS TOLEDO,MACRORREGIAO OESTE,26,4,0,4,0,1
PRONTO ATENDIMENTO 24 HORAS DR JORGE MILTON NUNES,TOLEDO,20a RS TOLEDO,MACRORREGIAO OESTE,27,6,1,6,0,3
PRONTO ATENDIMENTO 24 HORAS DR JORGE MILTON NUNES,TOLEDO,20a RS TOLEDO,MACRORREGIAO OESTE,28,3,0,3,1,1
PRONTO ATENDIMENTO 24 HORAS DR JORGE MILTON NUNES,TOLEDO,20a RS TOLEDO,MACRORREGIAO OESTE,29,4,0,4,0,1
PRONTO ATENDIMENTO 24 HORAS DR JORGE MILTON NUNES,TOLEDO,20a RS TOLEDO,MACRORREGIAO OESTE,31,1,0,1,0,0
PRONTO ATENDIMENTO 24 HORAS DR JORGE MILTON NUNES,TOLEDO,20a RS TOLEDO,MACRORREGIAO OESTE,35,1,0,1,0,0
PRONTO ATENDIMENTO 24 HORAS DR JORGE MILTON NUNES,TOLEDO,20a RS TOLEDO,MACRORREGIAO OESTE,36,1,0,1,0,0
PRONTO ATENDIMENTO 24 HORAS DR JORGE MILTON NUNES,TOLEDO,20a RS TOLEDO,MACRORREGIAO OESTE,37,3,0,2,0,0
PRONTO ATENDIMENTO 24 HORAS DR JORGE MILTON NUNES,TOLEDO,20a RS TOLEDO,MACRORREGIAO OESTE,38,1,0,0,0,0
PRONTO ATENDIMENTO 24 HORAS DR JORGE MILTON NUNES,TOLEDO,20a RS TOLEDO,MACRORREGIAO OESTE,39,1,0,0,0,0
PRONTO ATENDIMENTO PADRE PALMIRO FINATO,TUPASSI,20a RS TOLEDO,MACRORREGIAO OESTE,19,1,0,0,0,0
PRONTO ATENDIMENTO PADRE PALMIRO FINATO,TUPASSI,20a RS TOLEDO,MACRORREGIAO OESTE,21,2,0,0,0,0
PRONTO ATENDIMENTO PADRE PALMIRO FINATO,TUPASSI,20a RS TOLEDO,MACRORREGIAO OESTE,27,2,0,0,0,0
PRONTO ATENDIMENTO PADRE PALMIRO FINATO,TUPASSI,20a RS TOLEDO,MACRORREGIAO OESTE,28,1,0,0,1,0
UNIDADE DE PRONTO ATENDIMENTO MARECHAL CANDIDO RONDON,MARECHAL CANDIDO RONDON,20a RS TOLEDO,MACRORREGIAO OESTE,1,3,1,3,0,0
UNIDADE DE PRONTO ATENDIMENTO MARECHAL CANDIDO RONDON,MARECHAL CANDIDO RONDON,20a RS TOLEDO,MACRORREGIAO OESTE,2,2,0,2,0,0
UNIDADE DE PRONTO ATENDIMENTO MARECHAL CANDIDO RONDON,MARECHAL CANDIDO RONDON,20a RS TOLEDO,MACRORREGIAO OESTE,5,2,1,2,0,0
UNIDADE DE PRONTO ATENDIMENTO MARECHAL CANDIDO RONDON,MARECHAL CANDIDO RONDON,20a RS TOLEDO,MACRORREGIAO OESTE,6,2,1,2,0,0
UNIDADE DE PRONTO ATENDIMENTO MARECHAL CANDIDO RONDON,MARECHAL CANDIDO RONDON,20a RS TOLEDO,MACRORREGIAO OESTE,7,2,0,2,1,0
UNIDADE DE PRONTO ATENDIMENTO MARECHAL CANDIDO RONDON,MARECHAL CANDIDO RONDON,20a RS TOLEDO,MACRORREGIAO OESTE,9,1,0,1,0,0
UNIDADE DE PRONTO ATENDIMENTO MARECHAL CANDIDO RONDON,MARECHAL CANDIDO RONDON,20a RS TOLEDO,MACRORREGIAO OESTE,10,1,0,1,0,0
UNIDADE DE PRONTO ATENDIMENTO MARECHAL CANDIDO RONDON,MARECHAL CANDIDO RONDON,20a RS TOLEDO,MACRORREGIAO OESTE,12,3,0,3,1,0
UNIDADE DE PRONTO ATENDIMENTO MARECHAL CANDIDO RONDON,MARECHAL CANDIDO RONDON,20a RS TOLEDO,MACRORREGIAO OESTE,13,2,0,2,0,0
UNIDADE DE PRONTO ATENDIMENTO MARECHAL CANDIDO RONDON,MARECHAL CANDIDO RONDON,20a RS TOLEDO,MACRORREGIAO OESTE,15,5,0,5,0,2
UNIDADE DE PRONTO ATENDIMENTO MARECHAL CANDIDO RONDON,MARECHAL CANDIDO RONDON,20a RS TOLEDO,MACRORREGIAO OESTE,16,4,3,4,0,3
UNIDADE DE PRONTO ATENDIMENTO MARECHAL CANDIDO RONDON,MARECHAL CANDIDO RONDON,20a RS TOLEDO,MACRORREGIAO OESTE,17,3,1,3,0,1
UNIDADE DE PRONTO ATENDIMENTO MARECHAL CANDIDO RONDON,MARECHAL CANDIDO RONDON,20a RS TOLEDO,MACRORREGIAO OESTE,18,4,1,4,0,0
UNIDADE DE PRONTO ATENDIMENTO MARECHAL CANDIDO RONDON,MARECHAL CANDIDO RONDON,20a RS TOLEDO,MACRORREGIAO OESTE,19,4,0,4,0,1
UNIDADE DE PRONTO ATENDIMENTO MARECHAL CANDIDO RONDON,MARECHAL CANDIDO RONDON,20a RS TOLEDO,MACRORREGIAO OESTE,20,5,0,5,0,2
UNIDADE DE PRONTO ATENDIMENTO MARECHAL CANDIDO RONDON,MARECHAL CANDIDO RONDON,20a RS TOLEDO,MACRORREGIAO OESTE,21,3,0,3,0,0
UNIDADE DE PRONTO ATENDIMENTO MARECHAL CANDIDO RONDON,MARECHAL CANDIDO RONDON,20a RS TOLEDO,MACRORREGIAO OESTE,22,4,0,4,0,1
UNIDADE DE PRONTO ATENDIMENTO MARECHAL CANDIDO RONDON,MARECHAL CANDIDO RONDON,20a RS TOLEDO,MACRORREGIAO OESTE,23,5,0,5,0,1
UNIDADE DE PRONTO ATENDIMENTO MARECHAL CANDIDO RONDON,MARECHAL CANDIDO RONDON,20a RS TOLEDO,MACRORREGIAO OESTE,24,1,0,1,0,0
UNIDADE DE PRONTO ATENDIMENTO MARECHAL CANDIDO RONDON,MARECHAL CANDIDO RONDON,20a RS TOLEDO,MACRORREGIAO OESTE,25,1,0,1,0,1
UNIDADE DE PRONTO ATENDIMENTO MARECHAL CANDIDO RONDON,MARECHAL CANDIDO RONDON,20a RS TOLEDO,MACRORREGIAO OESTE,26,4,0,3,1,1
UNIDADE DE PRONTO ATENDIMENTO MARECHAL CANDIDO RONDON,MARECHAL CANDIDO RONDON,20a RS TOLEDO,MACRORREGIAO OESTE,27,3,0,3,1,0
UNIDADE DE PRONTO ATENDIMENTO MARECHAL CANDIDO RONDON,MARECHAL CANDIDO RONDON,20a RS TOLEDO,MACRORREGIAO OESTE,28,3,0,3,2,2
UNIDADE DE PRONTO ATENDIMENTO MARECHAL CANDIDO RONDON,MARECHAL CANDIDO RONDON,20a RS TOLEDO,MACRORREGIAO OESTE,29,2,0,2,0,0
UNIDADE DE PRONTO ATENDIMENTO MARECHAL CANDIDO RONDON,MARECHAL CANDIDO RONDON,20a RS TOLEDO,MACRORREGIAO OESTE,30,4,0,3,0,2
UNIDADE DE PRONTO ATENDIMENTO MARECHAL CANDIDO RONDON,MARECHAL CANDIDO RONDON,20a RS TOLEDO,MACRORREGIAO OESTE,31,1,0,1,0,0
UNIDADE DE PRONTO ATENDIMENTO MARECHAL CANDIDO RONDON,MARECHAL CANDIDO RONDON,20a RS TOLEDO,MACRORREGIAO OESTE,32,1,0,1,0,0
UNIDADE DE PRONTO ATENDIMENTO MARECHAL CANDIDO RONDON,MARECHAL CANDIDO RONDON,20a RS TOLEDO,MACRORREGIAO OESTE,35,2,0,0,0,0
UNIDADE DE PRONTO ATENDIMENTO MARECHAL CANDIDO RONDON,MARECHAL CANDIDO RONDON,20a RS TOLEDO,MACRORREGIAO OESTE,36,2,0,0,0,0
UNIDADE DE PRONTO ATENDIMENTO MARECHAL CANDIDO RONDON,MARECHAL CANDIDO RONDON,20a RS TOLEDO,MACRORREGIAO OESTE,37,1,0,0,0,0
UNIDADE DE PRONTO ATENDIMENTO UPA,GUAIRA,20a RS TOLEDO,MACRORREGIAO OESTE,1,1,0,1,0,1
UNIDADE DE PRONTO ATENDIMENTO UPA,GUAIRA,20a RS TOLEDO,MACRORREGIAO OESTE,4,1,0,1,0,1
UNIDADE DE PRONTO ATENDIMENTO UPA,GUAIRA,20a RS TOLEDO,MACRORREGIAO OESTE,6,1,0,1,0,1
UNIDADE DE PRONTO ATENDIMENTO UPA,GUAIRA,20a RS TOLEDO,MACRORREGIAO OESTE,11,3,0,3,0,3
UNIDADE DE PRONTO ATENDIMENTO UPA,GUAIRA,20a RS TOLEDO,MACRORREGIAO OESTE,14,1,0,1,0,1
UNIDADE DE PRONTO ATENDIMENTO UPA,GUAIRA,20a RS TOLEDO,MACRORREGIAO OESTE,18,1,0,1,0,1
UNIDADE DE PRONTO ATENDIMENTO UPA,GUAIRA,20a RS TOLEDO,MACRORREGIAO OESTE,19,2,0,2,0,2
UNIDADE DE PRONTO ATENDIMENTO UPA,GUAIRA,20a RS TOLEDO,MACRORREGIAO OESTE,21,1,0,1,0,0
UNIDADE DE PRONTO ATENDIMENTO UPA,GUAIRA,20a RS TOLEDO,MACRORREGIAO OESTE,22,1,0,1,0,1
UNIDADE DE PRONTO ATENDIMENTO UPA,GUAIRA,20a RS TOLEDO,MACRORREGIAO OESTE,23,2,0,2,1,2
UNIDADE DE PRONTO ATENDIMENTO UPA,TOLEDO,20a RS TOLEDO,MACRORREGIAO OESTE,24,1,0,1,0,1
UNIDADE DE PRONTO ATENDIMENTO UPA,GUAIRA,20a RS TOLEDO,MACRORREGIAO OESTE,27,2,0,2,0,2
UNIDADE DE PRONTO ATENDIMENTO UPA,TOLEDO,20a RS TOLEDO,MACRORREGIAO OESTE,27,2,0,2,1,2
UNIMED,MARECHAL CANDIDO RONDON,20a RS TOLEDO,MACRORREGIAO OESTE,4,2,1,2,0,0
UNIMED,MARECHAL CANDIDO RONDON,20a RS TOLEDO,MACRORREGIAO OESTE,5,1,0,1,0,0
UNIMED,MARECHAL CANDIDO RONDON,20a RS TOLEDO,MACRORREGIAO OESTE,6,1,0,1,0,0
UNIMED,MARECHAL CANDIDO RONDON,20a RS TOLEDO,MACRORREGIAO OESTE,7,2,0,2,0,1
UNIMED,MARECHAL CANDIDO RONDON,20a RS TOLEDO,MACRORREGIAO OESTE,8,2,0,2,0,0
UNIMED,MARECHAL CANDIDO RONDON,20a RS TOLEDO,MACRORREGIAO OESTE,9,1,0,1,0,1
UNIMED,MARECHAL CANDIDO RONDON,20a RS TOLEDO,MACRORREGIAO OESTE,11,2,0,2,0,2
UNIMED,MARECHAL CANDIDO RONDON,20a RS TOLEDO,MACRORREGIAO OESTE,13,2,0,2,0,1
UNIMED,MARECHAL CANDIDO RONDON,20a RS TOLEDO,MACRORREGIAO OESTE,14,4,1,4,0,2
UNIMED,MARECHAL CANDIDO RONDON,20a RS TOLEDO,MACRORREGIAO OESTE,17,1,0,1,0,1
UNIMED,MARECHAL CANDIDO RONDON,20a RS TOLEDO,MACRORREGIAO OESTE,18,1,0,1,0,1
UNIMED,MARECHAL CANDIDO RONDON,20a RS TOLEDO,MACRORREGIAO OESTE,19,1,0,1,0,0
UNIMED,MARECHAL CANDIDO RONDON,20a RS TOLEDO,MACRORREGIAO OESTE,20,3,1,3,0,2
UNIMED,MARECHAL CANDIDO RONDON,20a RS TOLEDO,MACRORREGIAO OESTE,21,2,0,1,0,1
UNIMED,MARECHAL CANDIDO RONDON,20a RS TOLEDO,MACRORREGIAO OESTE,22,2,0,2,0,1
UNIMED,MARECHAL CANDIDO RONDON,20a RS TOLEDO,MACRORREGIAO OESTE,24,2,0,2,0,2
UNIMED,MARECHAL CANDIDO RONDON,20a RS TOLEDO,MACRORREGIAO OESTE,26,6,0,6,0,5
UNIMED,MARECHAL CANDIDO RONDON,20a RS TOLEDO,MACRORREGIAO OESTE,27,5,0,5,0,5
UNIMED,MARECHAL CANDIDO RONDON,20a RS TOLEDO,MACRORREGIAO OESTE,28,3,0,3,0,2
UNIMED,MARECHAL CANDIDO RONDON,20a RS TOLEDO,MACRORREGIAO OESTE,29,1,0,1,0,1
UNIMED,MARECHAL CANDIDO RONDON,20a RS TOLEDO,MACRORREGIAO OESTE,30,1,0,1,0,1
UNIMED,MARECHAL CANDIDO RONDON,20a RS TOLEDO,MACRORREGIAO OESTE,31,1,0,1,0,0
UNIMED,MARECHAL CANDIDO RONDON,20a RS TOLEDO,MACRORREGIAO OESTE,32,4,0,3,0,2
UNIMED,MARECHAL CANDIDO RONDON,20a RS TOLEDO,MACRORREGIAO OESTE,33,1,0,0,0,0
UNIMED,MARECHAL CANDIDO RONDON,20a RS TOLEDO,MACRORREGIAO OESTE,34,1,0,0,0,0
UNIMED,MARECHAL CANDIDO RONDON,20a RS TOLEDO,MACRORREGIAO OESTE,35,1,0,0,0,0
UNIMED,MARECHAL CANDIDO RONDON,20a RS TOLEDO,MACRORREGIAO OESTE,36,3,0,0,0,0
UNIMED,MARECHAL CANDIDO RONDON,20a RS TOLEDO,MACRORREGIAO OESTE,37,1,0,0,0,0
UNIMED,MARECHAL CANDIDO RONDON,20a RS TOLEDO,MACRORREGIAO OESTE,38,1,0,0,0,0
UNIMED,MARECHAL CANDIDO RONDON,20a RS TOLEDO,MACRORREGIAO OESTE,39,1,0,0,0,0
UPA BRASILIA,TOLEDO,20a RS TOLEDO,MACRORREGIAO OESTE,23,1,0,1,0,0
UPA BRASILIA,TOLEDO,20a RS TOLEDO,MACRORREGIAO OESTE,24,1,0,1,0,1
UPA BRASILIA,ASSIS CHATEAUBRIAND,20a RS TOLEDO,MACRORREGIAO OESTE,27,1,0,0,1,0
UPA BRASILIA,ASSIS CHATEAUBRIAND,20a RS TOLEDO,MACRORREGIAO OESTE,29,1,0,1,0,0
UPA BRASILIA,ASSIS CHATEAUBRIAND,20a RS TOLEDO,MACRORREGIAO OESTE,31,1,0,0,0,0
UPA BRASILIA,TOLEDO,20a RS TOLEDO,MACRORREGIAO OESTE,34,1,1,1,0,0
UPA II UNIDADE DE PRONTO ATENDIMENTO,TOLEDO,20a RS TOLEDO,MACRORREGIAO OESTE,1,17,1,17,2,4
UPA II UNIDADE DE PRONTO ATENDIMENTO,TOLEDO,20a RS TOLEDO,MACRORREGIAO OESTE,2,11,0,11,0,3
UPA II UNIDADE DE PRONTO ATENDIMENTO,TOLEDO,20a RS TOLEDO,MACRORREGIAO OESTE,3,5,0,5,1,1
UPA II UNIDADE DE PRONTO ATENDIMENTO,TOLEDO,20a RS TOLEDO,MACRORREGIAO OESTE,4,15,0,15,1,6
UPA II UNIDADE DE PRONTO ATENDIMENTO,TOLEDO,20a RS TOLEDO,MACRORREGIAO OESTE,5,14,0,14,0,3
UPA II UNIDADE DE PRONTO ATENDIMENTO,TOLEDO,20a RS TOLEDO,MACRORREGIAO OESTE,6,20,0,20,0,7
UPA II UNIDADE DE PRONTO ATENDIMENTO,TOLEDO,20a RS TOLEDO,MACRORREGIAO OESTE,7,33,0,33,0,21
UPA II UNIDADE DE PRONTO ATENDIMENTO,TOLEDO,20a RS TOLEDO,MACRORREGIAO OESTE,8,15,1,15,1,6
UPA II UNIDADE DE PRONTO ATENDIMENTO,TOLEDO,20a RS TOLEDO,MACRORREGIAO OESTE,9,14,0,14,1,4
UPA II UNIDADE DE PRONTO ATENDIMENTO,TOLEDO,20a RS TOLEDO,MACRORREGIAO OESTE,10,11,0,11,1,6
UPA II UNIDADE DE PRONTO ATENDIMENTO,TOLEDO,20a RS TOLEDO,MACRORREGIAO OESTE,11,21,1,21,4,6
UPA II UNIDADE DE PRONTO ATENDIMENTO,TOLEDO,20a RS TOLEDO,MACRORREGIAO OESTE,12,12,2,12,2,6
UPA II UNIDADE DE PRONTO ATENDIMENTO,TOLEDO,20a RS TOLEDO,MACRORREGIAO OESTE,13,21,0,21,0,10
UPA II UNIDADE DE PRONTO ATENDIMENTO,TOLEDO,20a RS TOLEDO,MACRORREGIAO OESTE,14,17,0,17,1,7
UPA II UNIDADE DE PRONTO ATENDIMENTO,TOLEDO,20a RS TOLEDO,MACRORREGIAO OESTE,15,20,0,20,1,12
UPA II UNIDADE DE PRONTO ATENDIMENTO,TOLEDO,20a RS TOLEDO,MACRORREGIAO OESTE,16,33,1,33,3,22
UPA II UNIDADE DE PRONTO ATENDIMENTO,TOLEDO,20a RS TOLEDO,MACRORREGIAO OESTE,17,30,1,30,2,20
UPA II UNIDADE DE PRONTO ATENDIMENTO,TOLEDO,20a RS TOLEDO,MACRORREGIAO OESTE,18,22,0,22,0,12
UPA II UNIDADE DE PRONTO ATENDIMENTO,TOLEDO,20a RS TOLEDO,MACRORREGIAO OESTE,19,25,1,25,1,11
UPA II UNIDADE DE PRONTO ATENDIMENTO,TOLEDO,20a RS TOLEDO,MACRORREGIAO OESTE,20,37,0,37,2,21
UPA II UNIDADE DE PRONTO ATENDIMENTO,TOLEDO,20a RS TOLEDO,MACRORREGIAO OESTE,21,29,0,29,0,18
UPA II UNIDADE DE PRONTO ATENDIMENTO,TOLEDO,20a RS TOLEDO,MACRORREGIAO OESTE,22,37,0,37,1,24
UPA II UNIDADE DE PRONTO ATENDIMENTO,TOLEDO,20a RS TOLEDO,MACRORREGIAO OESTE,23,30,0,30,0,23
UPA II UNIDADE DE PRONTO ATENDIMENTO,TOLEDO,20a RS TOLEDO,MACRORREGIAO OESTE,24,47,0,47,1,31
UPA II UNIDADE DE PRONTO ATENDIMENTO,TOLEDO,20a RS TOLEDO,MACRORREGIAO OESTE,25,44,0,44,2,30
UPA II UNIDADE DE PRONTO ATENDIMENTO,TOLEDO,20a RS TOLEDO,MACRORREGIAO OESTE,26,29,0,29,1,18
UPA II UNIDADE DE PRONTO ATENDIMENTO,TOLEDO,20a RS TOLEDO,MACRORREGIAO OESTE,27,54,1,54,0,31
UPA II UNIDADE DE PRONTO ATENDIMENTO,TOLEDO,20a RS TOLEDO,MACRORREGIAO OESTE,28,44,0,44,0,18
UPA II UNIDADE DE PRONTO ATENDIMENTO,TOLEDO,20a RS TOLEDO,MACRORREGIAO OESTE,29,33,0,32,0,18
UPA II UNIDADE DE PRONTO ATENDIMENTO,TOLEDO,20a RS TOLEDO,MACRORREGIAO OESTE,30,21,0,21,1,2
UPA II UNIDADE DE PRONTO ATENDIMENTO,TOLEDO,20a RS TOLEDO,MACRORREGIAO OESTE,31,12,0,12,0,5
UPA II UNIDADE DE PRONTO ATENDIMENTO,TOLEDO,20a RS TOLEDO,MACRORREGIAO OESTE,32,17,0,17,0,6
UPA II UNIDADE DE PRONTO ATENDIMENTO,TOLEDO,20a RS TOLEDO,MACRORREGIAO OESTE,33,20,0,19,0,6
UPA II UNIDADE DE PRONTO ATENDIMENTO,TOLEDO,20a RS TOLEDO,MACRORREGIAO OESTE,34,28,0,24,0,13
UPA II UNIDADE DE PRONTO ATENDIMENTO,TOLEDO,20a RS TOLEDO,MACRORREGIAO OESTE,35,30,0,28,0,10
UPA II UNIDADE DE PRONTO ATENDIMENTO,TOLEDO,20a RS TOLEDO,MACRORREGIAO OESTE,36,24,0,20,1,4
UPA II UNIDADE DE PRONTO ATENDIMENTO,TOLEDO,20a RS TOLEDO,MACRORREGIAO OESTE,37,21,0,16,0,5
UPA II UNIDADE DE PRONTO ATENDIMENTO,TOLEDO,20a RS TOLEDO,MACRORREGIAO OESTE,38,25,0,4,0,1
UPA II UNIDADE DE PRONTO ATENDIMENTO,TOLEDO,20a RS TOLEDO,MACRORREGIAO OESTE,39,12,0,0,0,0
UPA TANCREDO NEVES,PALOTINA,20a RS TOLEDO,MACRORREGIAO OESTE,11,1,0,1,1,0
UPA TANCREDO NEVES,ASSIS CHATEAUBRIAND,20a RS TOLEDO,MACRORREGIAO OESTE,19,1,1,1,0,0
UPA VENEZA,TOLEDO,20a RS TOLEDO,MACRORREGIAO OESTE,15,1,0,1,0,1
UPA VENEZA,ASSIS CHATEAUBRIAND,20a RS TOLEDO,MACRORREGIAO OESTE,17,1,1,1,1,1
UPA VENEZA,PALOTINA,20a RS TOLEDO,MACRORREGIAO OESTE,21,1,1,1,0,0
UPA VENEZA,ASSIS CHATEAUBRIAND,20a RS TOLEDO,MACRORREGIAO OESTE,34,1,0,0,0,1
HOSPITAL MENINO DEUS,CURIUVA,21a RS TELEMACO BORBA,MACRORREGIONAL LESTE,13,1,0,1,0,1
HOSPITAL MOURA,TELEMACO BORBA,21a RS TELEMACO BORBA,MACRORREGIONAL LESTE,4,1,0,1,0,1
HOSPITAL MOURA,TELEMACO BORBA,21a RS TELEMACO BORBA,MACRORREGIONAL LESTE,7,1,0,1,0,1
HOSPITAL MOURA,TELEMACO BORBA,21a RS TELEMACO BORBA,MACRORREGIONAL LESTE,8,1,0,1,0,1
HOSPITAL MOURA,TELEMACO BORBA,21a RS TELEMACO BORBA,MACRORREGIONAL LESTE,11,1,0,1,0,0
HOSPITAL MOURA,TELEMACO BORBA,21a RS TELEMACO BORBA,MACRORREGIONAL LESTE,36,1,0,0,0,0
HOSPITAL REGIONAL DE TELEMACO BORBA,TELEMACO BORBA,21a RS TELEMACO BORBA,MACRORREGIONAL LESTE,15,1,0,1,1,1
HOSPITAL REGIONAL DE TELEMACO BORBA,TELEMACO BORBA,21a RS TELEMACO BORBA,MACRORREGIONAL LESTE,31,1,0,1,1,0
IDF,TELEMACO BORBA,21a RS TELEMACO BORBA,MACRORREGIONAL LESTE,11,1,0,1,0,0
IDF,TELEMACO BORBA,21a RS TELEMACO BORBA,MACRORREGIONAL LESTE,13,2,0,2,1,0
IDF,TELEMACO BORBA,21a RS TELEMACO BORBA,MACRORREGIONAL LESTE,16,1,0,1,1,0
IDF,TELEMACO BORBA,21a RS TELEMACO BORBA,MACRORREGIONAL LESTE,17,2,0,2,0,1
IDF,TELEMACO BORBA,21a RS TELEMACO BORBA,MACRORREGIONAL LESTE,19,3,0,3,1,3
IDF,TELEMACO BORBA,21a RS TELEMACO BORBA,MACRORREGIONAL LESTE,20,2,0,2,1,2
IDF,TELEMACO BORBA,21a RS TELEMACO BORBA,MACRORREGIONAL LESTE,21,12,0,12,0,6
IDF,TELEMACO BORBA,21a RS TELEMACO BORBA,MACRORREGIONAL LESTE,22,16,0,15,0,5
IDF,TELEMACO BORBA,21a RS TELEMACO BORBA,MACRORREGIONAL LESTE,23,11,0,10,0,3
IDF,TELEMACO BORBA,21a RS TELEMACO BORBA,MACRORREGIONAL LESTE,24,14,0,14,0,4
IDF,TELEMACO BORBA,21a RS TELEMACO BORBA,MACRORREGIONAL LESTE,25,4,0,4,1,1
IDF,TELEMACO BORBA,21a RS TELEMACO BORBA,MACRORREGIONAL LESTE,26,8,0,8,0,5
IDF,TELEMACO BORBA,21a RS TELEMACO BORBA,MACRORREGIONAL LESTE,27,7,0,7,0,0
IDF,TELEMACO BORBA,21a RS TELEMACO BORBA,MACRORREGIONAL LESTE,28,5,0,5,0,2
IDF,TELEMACO BORBA,21a RS TELEMACO BORBA,MACRORREGIONAL LESTE,29,6,0,6,0,1
IDF,TELEMACO BORBA,21a RS TELEMACO BORBA,MACRORREGIONAL LESTE,30,7,0,7,0,3
IDF,TELEMACO BORBA,21a RS TELEMACO BORBA,MACRORREGIONAL LESTE,31,5,0,5,0,0
IDF,TELEMACO BORBA,21a RS TELEMACO BORBA,MACRORREGIONAL LESTE,32,6,0,6,0,2
IDF,TELEMACO BORBA,21a RS TELEMACO BORBA,MACRORREGIONAL LESTE,33,5,0,5,0,0
IDF,TELEMACO BORBA,21a RS TELEMACO BORBA,MACRORREGIONAL LESTE,34,3,0,1,1,0
IDF,TELEMACO BORBA,21a RS TELEMACO BORBA,MACRORREGIONAL LESTE,36,2,0,0,0,0
IDF,TELEMACO BORBA,21a RS TELEMACO BORBA,MACRORREGIONAL LESTE,37,1,0,0,0,0
HOSPITAL BOM JESUS,IVAIPORA,22a RS IVAIPORA,MACRORREGIONAL NORTE,1,1,0,0,1,0
HOSPITAL BOM JESUS,IVAIPORA,22a RS IVAIPORA,MACRORREGIONAL NORTE,2,2,0,2,2,0
HOSPITAL BOM JESUS,IVAIPORA,22a RS IVAIPORA,MACRORREGIONAL NORTE,4,1,0,1,1,0
HOSPITAL BOM JESUS,IVAIPORA,22a RS IVAIPORA,MACRORREGIONAL NORTE,6,2,0,0,2,0
HOSPITAL BOM JESUS,IVAIPORA,22a RS IVAIPORA,MACRORREGIONAL NORTE,7,1,0,1,1,0
HOSPITAL BOM JESUS,IVAIPORA,22a RS IVAIPORA,MACRORREGIONAL NORTE,8,3,0,3,3,2
HOSPITAL BOM JESUS,IVAIPORA,22a RS IVAIPORA,MACRORREGIONAL NORTE,9,3,0,3,3,1
HOSPITAL BOM JESUS,IVAIPORA,22a RS IVAIPORA,MACRORREGIONAL NORTE,10,2,1,2,2,0
HOSPITAL BOM JESUS,IVAIPORA,22a RS IVAIPORA,MACRORREGIONAL NORTE,12,1,0,1,1,0
HOSPITAL BOM JESUS,IVAIPORA,22a RS IVAIPORA,MACRORREGIONAL NORTE,13,3,0,3,3,2
HOSPITAL BOM JESUS,IVAIPORA,22a RS IVAIPORA,MACRORREGIONAL NORTE,14,1,0,1,1,0
HOSPITAL BOM JESUS,IVAIPORA,22a RS IVAIPORA,MACRORREGIONAL NORTE,15,1,0,1,1,1
HOSPITAL BOM JESUS,IVAIPORA,22a RS IVAIPORA,MACRORREGIONAL NORTE,16,4,0,3,4,2
HOSPITAL BOM JESUS,IVAIPORA,22a RS IVAIPORA,MACRORREGIONAL NORTE,19,1,0,1,1,1
HOSPITAL BOM JESUS,IVAIPORA,22a RS IVAIPORA,MACRORREGIONAL NORTE,20,2,0,1,2,1
HOSPITAL BOM JESUS,IVAIPORA,22a RS IVAIPORA,MACRORREGIONAL NORTE,21,5,0,1,5,0
HOSPITAL BOM JESUS,IVAIPORA,22a RS IVAIPORA,MACRORREGIONAL NORTE,22,2,0,0,2,0
HOSPITAL BOM JESUS,IVAIPORA,22a RS IVAIPORA,MACRORREGIONAL NORTE,23,5,0,0,5,0
HOSPITAL BOM JESUS,IVAIPORA,22a RS IVAIPORA,MACRORREGIONAL NORTE,26,3,0,0,3,0
HOSPITAL BOM JESUS,IVAIPORA,22a RS IVAIPORA,MACRORREGIONAL NORTE,27,5,0,0,5,0
HOSPITAL BOM JESUS,IVAIPORA,22a RS IVAIPORA,MACRORREGIONAL NORTE,28,2,0,0,2,0
HOSPITAL BOM JESUS,IVAIPORA,22a RS IVAIPORA,MACRORREGIONAL NORTE,33,2,0,2,2,2
HOSPITAL BOM JESUS,IVAIPORA,22a RS IVAIPORA,MACRORREGIONAL NORTE,34,2,0,1,2,1
HOSPITAL BOM JESUS,IVAIPORA,22a RS IVAIPORA,MACRORREGIONAL NORTE,36,1,0,0,1,0
HOSPITAL MUNICIPAL ARNALDO CONEGLIAN,IVAIPORA,22a RS IVAIPORA,MACRORREGIONAL NORTE,21,1,0,1,0,0
HOSPITAL MUNICIPAL DE SAO JOAO DO IVAI,SAO JOAO DO IVAI,22a RS IVAIPORA,MACRORREGIONAL NORTE,20,1,0,1,0,1
HOSPITAL MUNICIPAL DE SAO JOAO DO IVAI,IVAIPORA,22a RS IVAIPORA,MACRORREGIONAL NORTE,24,1,1,1,0,1
HOSPITAL MUNICIPAL DE SAO JOAO DO IVAI,SAO JOAO DO IVAI,22a RS IVAIPORA,MACRORREGIONAL NORTE,24,1,0,1,0,0
HOSPITAL MUNICIPAL DE SAO JOAO DO IVAI,SAO JOAO DO IVAI,22a RS IVAIPORA,MACRORREGIONAL NORTE,25,1,0,1,0,1
HOSPITAL MUNICIPAL DE SAO JOAO DO IVAI,SAO JOAO DO IVAI,22a RS IVAIPORA,MACRORREGIONAL NORTE,28,2,0,2,0,1
HOSPITAL MUNICIPAL DE SAO JOAO DO IVAI,SAO JOAO DO IVAI,22a RS IVAIPORA,MACRORREGIONAL NORTE,35,1,0,1,0,1
HOSPITAL MUNICIPAL DR JOSE ORTEGA VASQUEZ,JARDIM ALEGRE,22a RS IVAIPORA,MACRORREGIONAL NORTE,22,1,1,1,0,1
HOSPITAL MUNICIPAL DR JOSE ORTEGA VASQUEZ,JARDIM ALEGRE,22a RS IVAIPORA,MACRORREGIONAL NORTE,24,1,0,0,0,0
HOSPITAL MUNICIPAL DR JOSE ORTEGA VASQUEZ,JARDIM ALEGRE,22a RS IVAIPORA,MACRORREGIONAL NORTE,25,1,0,0,0,0
HOSPITAL SAO JOAO DO IVAI II,LUNARDELLI,22a RS IVAIPORA,MACRORREGIONAL NORTE,24,1,0,1,0,1
INSTITUTO LUCENA SANCHEZ,IVAIPORA,22a RS IVAIPORA,MACRORREGIONAL NORTE,5,1,0,1,0,1
INSTITUTO LUCENA SANCHEZ,IVAIPORA,22a RS IVAIPORA,MACRORREGIONAL NORTE,14,1,0,1,0,0
INSTITUTO LUCENA SANCHEZ,IVAIPORA,22a RS IVAIPORA,MACRORREGIONAL NORTE,18,1,0,1,0,1
INSTITUTO LUCENA SANCHEZ,IVAIPORA,22a RS IVAIPORA,MACRORREGIONAL NORTE,19,1,0,1,0,1
INSTITUTO LUCENA SANCHEZ,IVAIPORA,22a RS IVAIPORA,MACRORREGIONAL NORTE,20,2,0,2,0,2
INSTITUTO LUCENA SANCHEZ,IVAIPORA,22a RS IVAIPORA,MACRORREGIONAL NORTE,21,7,0,7,0,4
INSTITUTO LUCENA SANCHEZ,IVAIPORA,22a RS IVAIPORA,MACRORREGIONAL NORTE,22,1,0,1,0,0
INSTITUTO LUCENA SANCHEZ,IVAIPORA,22a RS IVAIPORA,MACRORREGIONAL NORTE,23,2,0,2,1,1
INSTITUTO LUCENA SANCHEZ,IVAIPORA,22a RS IVAIPORA,MACRORREGIONAL NORTE,24,3,0,3,0,3
INSTITUTO LUCENA SANCHEZ,IVAIPORA,22a RS IVAIPORA,MACRORREGIONAL NORTE,26,1,0,1,1,1
INSTITUTO LUCENA SANCHEZ,IVAIPORA,22a RS IVAIPORA,MACRORREGIONAL NORTE,27,1,0,1,0,0
INSTITUTO LUCENA SANCHEZ,IVAIPORA,22a RS IVAIPORA,MACRORREGIONAL NORTE,28,1,0,1,0,1
INSTITUTO LUCENA SANCHEZ,IVAIPORA,22a RS IVAIPORA,MACRORREGIONAL NORTE,29,1,0,1,1,0
INSTITUTO LUCENA SANCHEZ,IVAIPORA,22a RS IVAIPORA,MACRORREGIONAL NORTE,31,1,0,1,1,0
02 REGIONAL DE SAUDE METROPOLITANA,COLOMBO,2a RS METROPOLITANA,MACRORREGIONAL LESTE,28,1,0,1,0,0
CENTRO DE SAUDE,CAMPO LARGO,2a RS METROPOLITANA,MACRORREGIONAL LESTE,11,1,0,1,1,1
CENTRO DE SAUDE MARACANA,COLOMBO,2a RS METROPOLITANA,MACRORREGIONAL LESTE,23,1,0,1,0,1
CENTRO MEDICO COMUNITARIO BAIRRO NOVO,CURITIBA,2a RS METROPOLITANA,MACRORREGIONAL LESTE,14,2,0,2,0,1
CENTRO MEDICO COMUNITARIO BAIRRO NOVO,CURITIBA,2a RS METROPOLITANA,MACRORREGIONAL LESTE,15,2,0,2,0,1
CENTRO MEDICO COMUNITARIO BAIRRO NOVO,CURITIBA,2a RS METROPOLITANA,MACRORREGIONAL LESTE,16,1,0,1,0,0
CENTRO MEDICO COMUNITARIO BAIRRO NOVO,CURITIBA,2a RS METROPOLITANA,MACRORREGIONAL LESTE,17,3,1,3,0,1
CENTRO MEDICO COMUNITARIO BAIRRO NOVO,CURITIBA,2a RS METROPOLITANA,MACRORREGIONAL LESTE,18,2,0,2,0,2
CENTRO MEDICO COMUNITARIO BAIRRO NOVO,CURITIBA,2a RS METROPOLITANA,MACRORREGIONAL LESTE,19,2,0,2,0,1
CENTRO MEDICO COMUNITARIO BAIRRO NOVO,CURITIBA,2a RS METROPOLITANA,MACRORREGIONAL LESTE,22,1,0,1,0,1
CENTRO MEDICO COMUNITARIO BAIRRO NOVO,CURITIBA,2a RS METROPOLITANA,MACRORREGIONAL LESTE,36,1,0,1,0,0
CLINICA SUGISAWA,CURITIBA,2a RS METROPOLITANA,MACRORREGIONAL LESTE,1,1,0,1,1,1
CLINICA SUGISAWA,CURITIBA,2a RS METROPOLITANA,MACRORREGIONAL LESTE,6,1,0,1,0,1
CLINICA SUGISAWA,CURITIBA,2a RS METROPOLITANA,MACRORREGIONAL LESTE,7,1,0,1,0,1
CLINICA SUGISAWA,CURITIBA,2a RS METROPOLITANA,MACRORREGIONAL LESTE,10,2,0,2,2,2
CLINICA SUGISAWA,CURITIBA,2a RS METROPOLITANA,MACRORREGIONAL LESTE,11,3,0,3,0,3
CLINICA SUGISAWA,CURITIBA,2a RS METROPOLITANA,MACRORREGIONAL LESTE,13,1,0,1,0,1
CLINICA SUGISAWA,CURITIBA,2a RS METROPOLITANA,MACRORREGIONAL LESTE,14,1,0,1,0,1
CLINICA SUGISAWA,CURITIBA,2a RS METROPOLITANA,MACRORREGIONAL LESTE,18,1,0,1,1,1
CLINICA SUGISAWA,CURITIBA,2a RS METROPOLITANA,MACRORREGIONAL LESTE,19,1,0,1,1,1
CLINICA SUGISAWA,CURITIBA,2a RS METROPOLITANA,MACRORREGIONAL LESTE,20,2,0,2,0,2
CLINICA SUGISAWA,CURITIBA,2a RS METROPOLITANA,MACRORREGIONAL LESTE,21,3,0,3,0,3
CLINICA SUGISAWA,CURITIBA,2a RS METROPOLITANA,MACRORREGIONAL LESTE,22,3,0,3,1,3
CLINICA SUGISAWA,CURITIBA,2a RS METROPOLITANA,MACRORREGIONAL LESTE,23,1,0,1,0,1
CLINICA SUGISAWA,CURITIBA,2a RS METROPOLITANA,MACRORREGIONAL LESTE,24,1,0,1,0,1
CLINICA SUGISAWA,CURITIBA,2a RS METROPOLITANA,MACRORREGIONAL LESTE,25,2,0,1,1,2
CLINICA SUGISAWA,CURITIBA,2a RS METROPOLITANA,MACRORREGIONAL LESTE,28,1,0,1,1,1
CLINICA SUGISAWA,CURITIBA,2a RS METROPOLITANA,MACRORREGIONAL LESTE,33,1,0,1,0,1
CLINIPAM CLINICA PARANAENSE DE ASSISTENCIA MEDICA,CURITIBA,2a RS METROPOLITANA,MACRORREGIONAL LESTE,5,1,0,1,0,1
CLINIPAM CLINICA PARANAENSE DE ASSISTENCIA MEDICA,CURITIBA,2a RS METROPOLITANA,MACRORREGIONAL LESTE,10,1,0,1,0,1
CLINIPAM CLINICA PARANAENSE DE ASSISTENCIA MEDICA,CURITIBA,2a RS METROPOLITANA,MACRORREGIONAL LESTE,13,1,0,1,0,1
CLINIPAM CLINICA PARANAENSE DE ASSISTENCIA MEDICA,CURITIBA,2a RS METROPOLITANA,MACRORREGIONAL LESTE,15,2,0,2,2,2
CLINIPAM CLINICA PARANAENSE DE ASSISTENCIA MEDICA,CURITIBA,2a RS METROPOLITANA,MACRORREGIONAL LESTE,19,1,0,1,0,1
CLINIPAM CLINICA PARANAENSE DE ASSISTENCIA MEDICA,CURITIBA,2a RS METROPOLITANA,MACRORREGIONAL LESTE,20,1,1,1,1,1
COMPLEXO DO HOSPITAL DE CLINICAS DA UFPR HC E MVFA,CURITIBA,2a RS METROPOLITANA,MACRORREGIONAL LESTE,1,7,2,7,1,3
COMPLEXO DO HOSPITAL DE CLINICAS DA UFPR HC E MVFA,CURITIBA,2a RS METROPOLITANA,MACRORREGIONAL LESTE,2,8,0,8,1,3
COMPLEXO DO HOSPITAL DE CLINICAS DA UFPR HC E MVFA,CURITIBA,2a RS METROPOLITANA,MACRORREGIONAL LESTE,3,8,1,8,4,6
COMPLEXO DO HOSPITAL DE CLINICAS DA UFPR HC E MVFA,CURITIBA,2a RS METROPOLITANA,MACRORREGIONAL LESTE,4,3,0,3,1,0
COMPLEXO DO HOSPITAL DE CLINICAS DA UFPR HC E MVFA,CURITIBA,2a RS METROPOLITANA,MACRORREGIONAL LESTE,5,7,0,7,2,1
COMPLEXO DO HOSPITAL DE CLINICAS DA UFPR HC E MVFA,CURITIBA,2a RS METROPOLITANA,MACRORREGIONAL LESTE,6,3,0,3,1,0
COMPLEXO DO HOSPITAL DE CLINICAS DA UFPR HC E MVFA,CURITIBA,2a RS METROPOLITANA,MACRORREGIONAL LESTE,7,5,0,5,3,4
COMPLEXO DO HOSPITAL DE CLINICAS DA UFPR HC E MVFA,CURITIBA,2a RS METROPOLITANA,MACRORREGIONAL LESTE,8,17,0,17,3,10
COMPLEXO DO HOSPITAL DE CLINICAS DA UFPR HC E MVFA,CURITIBA,2a RS METROPOLITANA,MACRORREGIONAL LESTE,9,14,0,14,2,6
COMPLEXO DO HOSPITAL DE CLINICAS DA UFPR HC E MVFA,CURITIBA,2a RS METROPOLITANA,MACRORREGIONAL LESTE,10,14,2,14,5,7
COMPLEXO DO HOSPITAL DE CLINICAS DA UFPR HC E MVFA,CURITIBA,2a RS METROPOLITANA,MACRORREGIONAL LESTE,11,17,1,17,3,6
COMPLEXO DO HOSPITAL DE CLINICAS DA UFPR HC E MVFA,CURITIBA,2a RS METROPOLITANA,MACRORREGIONAL LESTE,12,7,0,7,1,2
COMPLEXO DO HOSPITAL DE CLINICAS DA UFPR HC E MVFA,CURITIBA,2a RS METROPOLITANA,MACRORREGIONAL LESTE,13,8,0,8,2,5
COMPLEXO DO HOSPITAL DE CLINICAS DA UFPR HC E MVFA,CURITIBA,2a RS METROPOLITANA,MACRORREGIONAL LESTE,14,9,1,9,2,6
COMPLEXO DO HOSPITAL DE CLINICAS DA UFPR HC E MVFA,CURITIBA,2a RS METROPOLITANA,MACRORREGIONAL LESTE,15,14,0,14,2,8
COMPLEXO DO HOSPITAL DE CLINICAS DA UFPR HC E MVFA,CURITIBA,2a RS METROPOLITANA,MACRORREGIONAL LESTE,16,19,1,19,5,11
COMPLEXO DO HOSPITAL DE CLINICAS DA UFPR HC E MVFA,CURITIBA,2a RS METROPOLITANA,MACRORREGIONAL LESTE,17,9,2,9,3,7
COMPLEXO DO HOSPITAL DE CLINICAS DA UFPR HC E MVFA,CURITIBA,2a RS METROPOLITANA,MACRORREGIONAL LESTE,18,19,0,19,3,10
COMPLEXO DO HOSPITAL DE CLINICAS DA UFPR HC E MVFA,CURITIBA,2a RS METROPOLITANA,MACRORREGIONAL LESTE,19,19,3,19,7,11
COMPLEXO DO HOSPITAL DE CLINICAS DA UFPR HC E MVFA,CURITIBA,2a RS METROPOLITANA,MACRORREGIONAL LESTE,20,22,2,22,5,15
COMPLEXO DO HOSPITAL DE CLINICAS DA UFPR HC E MVFA,CURITIBA,2a RS METROPOLITANA,MACRORREGIONAL LESTE,21,33,1,33,6,25
COMPLEXO DO HOSPITAL DE CLINICAS DA UFPR HC E MVFA,CURITIBA,2a RS METROPOLITANA,MACRORREGIONAL LESTE,22,30,5,30,10,18
COMPLEXO DO HOSPITAL DE CLINICAS DA UFPR HC E MVFA,CURITIBA,2a RS METROPOLITANA,MACRORREGIONAL LESTE,23,23,3,23,6,16
COMPLEXO DO HOSPITAL DE CLINICAS DA UFPR HC E MVFA,CURITIBA,2a RS METROPOLITANA,MACRORREGIONAL LESTE,24,20,2,19,8,16
COMPLEXO DO HOSPITAL DE CLINICAS DA UFPR HC E MVFA,CURITIBA,2a RS METROPOLITANA,MACRORREGIONAL LESTE,25,25,2,24,10,18
COMPLEXO DO HOSPITAL DE CLINICAS DA UFPR HC E MVFA,CURITIBA,2a RS METROPOLITANA,MACRORREGIONAL LESTE,26,22,1,21,9,17
COMPLEXO DO HOSPITAL DE CLINICAS DA UFPR HC E MVFA,CURITIBA,2a RS METROPOLITANA,MACRORREGIONAL LESTE,27,32,0,32,10,25
COMPLEXO DO HOSPITAL DE CLINICAS DA UFPR HC E MVFA,CURITIBA,2a RS METROPOLITANA,MACRORREGIONAL LESTE,28,24,1,24,7,15
COMPLEXO DO HOSPITAL DE CLINICAS DA UFPR HC E MVFA,CURITIBA,2a RS METROPOLITANA,MACRORREGIONAL LESTE,29,20,0,20,3,16
COMPLEXO DO HOSPITAL DE CLINICAS DA UFPR HC E MVFA,CURITIBA,2a RS METROPOLITANA,MACRORREGIONAL LESTE,30,14,2,13,5,8
COMPLEXO DO HOSPITAL DE CLINICAS DA UFPR HC E MVFA,CURITIBA,2a RS METROPOLITANA,MACRORREGIONAL LESTE,31,21,1,17,7,14
COMPLEXO DO HOSPITAL DE CLINICAS DA UFPR HC E MVFA,CURITIBA,2a RS METROPOLITANA,MACRORREGIONAL LESTE,32,21,1,18,2,15
COMPLEXO DO HOSPITAL DE CLINICAS DA UFPR HC E MVFA,CURITIBA,2a RS METROPOLITANA,MACRORREGIONAL LESTE,33,20,2,18,5,11
COMPLEXO DO HOSPITAL DE CLINICAS DA UFPR HC E MVFA,CURITIBA,2a RS METROPOLITANA,MACRORREGIONAL LESTE,34,20,2,18,5,8
COMPLEXO DO HOSPITAL DE CLINICAS DA UFPR HC E MVFA,CURITIBA,2a RS METROPOLITANA,MACRORREGIONAL LESTE,35,12,1,9,3,3
COMPLEXO DO HOSPITAL DE CLINICAS DA UFPR HC E MVFA,CURITIBA,2a RS METROPOLITANA,MACRORREGIONAL LESTE,36,24,1,22,4,16
COMPLEXO DO HOSPITAL DE CLINICAS DA UFPR HC E MVFA,CURITIBA,2a RS METROPOLITANA,MACRORREGIONAL LESTE,37,12,1,10,2,7
COMPLEXO DO HOSPITAL DE CLINICAS DA UFPR HC E MVFA,CURITIBA,2a RS METROPOLITANA,MACRORREGIONAL LESTE,38,23,0,9,14,13
COMPLEXO DO HOSPITAL DE CLINICAS DA UFPR HC E MVFA,CURITIBA,2a RS METROPOLITANA,MACRORREGIONAL LESTE,39,6,0,0,2,4
COMPLEXO HOSPITALAR DO TRABALHADOR,CURITIBA,2a RS METROPOLITANA,MACRORREGIONAL LESTE,20,1,0,1,0,1
COMPLEXO HOSPITALAR DO TRABALHADOR,CURITIBA,2a RS METROPOLITANA,MACRORREGIONAL LESTE,31,1,0,1,0,1
CRUZ VERMELHA BRASILEIRA FILIAL DO ESTADO DO PARANA,CURITIBA,2a RS METROPOLITANA,MACRORREGIONAL LESTE,1,1,0,1,1,0
CRUZ VERMELHA BRASILEIRA FILIAL DO ESTADO DO PARANA,CURITIBA,2a RS METROPOLITANA,MACRORREGIONAL LESTE,4,1,1,1,1,0
CRUZ VERMELHA BRASILEIRA FILIAL DO ESTADO DO PARANA,CURITIBA,2a RS METROPOLITANA,MACRORREGIONAL LESTE,5,1,0,1,0,0
CRUZ VERMELHA BRASILEIRA FILIAL DO ESTADO DO PARANA,CURITIBA,2a RS METROPOLITANA,MACRORREGIONAL LESTE,7,3,0,3,1,1
CRUZ VERMELHA BRASILEIRA FILIAL DO ESTADO DO PARANA,CURITIBA,2a RS METROPOLITANA,MACRORREGIONAL LESTE,10,1,0,1,0,0
CRUZ VERMELHA BRASILEIRA FILIAL DO ESTADO DO PARANA,CURITIBA,2a RS METROPOLITANA,MACRORREGIONAL LESTE,13,1,0,1,0,0
CRUZ VERMELHA BRASILEIRA FILIAL DO ESTADO DO PARANA,CURITIBA,2a RS METROPOLITANA,MACRORREGIONAL LESTE,14,1,0,1,0,0
CRUZ VERMELHA BRASILEIRA FILIAL DO ESTADO DO PARANA,CURITIBA,2a RS METROPOLITANA,MACRORREGIONAL LESTE,15,1,0,1,0,1
CRUZ VERMELHA BRASILEIRA FILIAL DO ESTADO DO PARANA,CURITIBA,2a RS METROPOLITANA,MACRORREGIONAL LESTE,17,1,0,1,0,0
CRUZ VERMELHA BRASILEIRA FILIAL DO ESTADO DO PARANA,CURITIBA,2a RS METROPOLITANA,MACRORREGIONAL LESTE,18,2,0,2,0,0
CRUZ VERMELHA BRASILEIRA FILIAL DO ESTADO DO PARANA,CURITIBA,2a RS METROPOLITANA,MACRORREGIONAL LESTE,19,3,1,3,1,1
CRUZ VERMELHA BRASILEIRA FILIAL DO ESTADO DO PARANA,CURITIBA,2a RS METROPOLITANA,MACRORREGIONAL LESTE,20,5,0,5,0,1
CRUZ VERMELHA BRASILEIRA FILIAL DO ESTADO DO PARANA,CURITIBA,2a RS METROPOLITANA,MACRORREGIONAL LESTE,21,5,1,5,2,1
CRUZ VERMELHA BRASILEIRA FILIAL DO ESTADO DO PARANA,CURITIBA,2a RS METROPOLITANA,MACRORREGIONAL LESTE,22,5,1,5,2,0
CRUZ VERMELHA BRASILEIRA FILIAL DO ESTADO DO PARANA,CURITIBA,2a RS METROPOLITANA,MACRORREGIONAL LESTE,23,3,0,3,0,2
CRUZ VERMELHA BRASILEIRA FILIAL DO ESTADO DO PARANA,CURITIBA,2a RS METROPOLITANA,MACRORREGIONAL LESTE,24,4,0,4,0,2
CRUZ VERMELHA BRASILEIRA FILIAL DO ESTADO DO PARANA,CURITIBA,2a RS METROPOLITANA,MACRORREGIONAL LESTE,25,5,2,5,1,1
CRUZ VERMELHA BRASILEIRA FILIAL DO ESTADO DO PARANA,CURITIBA,2a RS METROPOLITANA,MACRORREGIONAL LESTE,26,1,0,1,0,1
CRUZ VERMELHA BRASILEIRA FILIAL DO ESTADO DO PARANA,CURITIBA,2a RS METROPOLITANA,MACRORREGIONAL LESTE,27,2,0,2,0,2
CRUZ VERMELHA BRASILEIRA FILIAL DO ESTADO DO PARANA,CURITIBA,2a RS METROPOLITANA,MACRORREGIONAL LESTE,28,5,1,5,2,3
CRUZ VERMELHA BRASILEIRA FILIAL DO ESTADO DO PARANA,CURITIBA,2a RS METROPOLITANA,MACRORREGIONAL LESTE,29,4,1,4,1,1
CRUZ VERMELHA BRASILEIRA FILIAL DO ESTADO DO PARANA,CURITIBA,2a RS METROPOLITANA,MACRORREGIONAL LESTE,30,1,1,1,1,1
CRUZ VERMELHA BRASILEIRA FILIAL DO ESTADO DO PARANA,CURITIBA,2a RS METROPOLITANA,MACRORREGIONAL LESTE,31,1,0,1,0,1
CRUZ VERMELHA BRASILEIRA FILIAL DO ESTADO DO PARANA,CURITIBA,2a RS METROPOLITANA,MACRORREGIONAL LESTE,33,2,0,2,1,0
CRUZ VERMELHA BRASILEIRA FILIAL DO ESTADO DO PARANA,CURITIBA,2a RS METROPOLITANA,MACRORREGIONAL LESTE,34,2,0,1,1,1
CRUZ VERMELHA BRASILEIRA FILIAL DO ESTADO DO PARANA,CURITIBA,2a RS METROPOLITANA,MACRORREGIONAL LESTE,37,2,0,1,1,1
HNSG,CURITIBA,2a RS METROPOLITANA,MACRORREGIONAL LESTE,1,4,1,4,2,4
HNSG,CURITIBA,2a RS METROPOLITANA,MACRORREGIONAL LESTE,2,5,0,5,1,5
HNSG,CURITIBA,2a RS METROPOLITANA,MACRORREGIONAL LESTE,3,2,0,2,1,2
HNSG,CURITIBA,2a RS METROPOLITANA,MACRORREGIONAL LESTE,4,4,0,4,0,4
HNSG,CURITIBA,2a RS METROPOLITANA,MACRORREGIONAL LESTE,5,2,0,2,0,2
HNSG,CURITIBA,2a RS METROPOLITANA,MACRORREGIONAL LESTE,6,5,0,5,0,5
HNSG,CURITIBA,2a RS METROPOLITANA,MACRORREGIONAL LESTE,7,2,0,2,0,2
HNSG,CURITIBA,2a RS METROPOLITANA,MACRORREGIONAL LESTE,8,3,0,3,0,3
HNSG,CURITIBA,2a RS METROPOLITANA,MACRORREGIONAL LESTE,9,10,0,10,0,10
HNSG,CURITIBA,2a RS METROPOLITANA,MACRORREGIONAL LESTE,10,6,1,6,1,6
HNSG,CURITIBA,2a RS METROPOLITANA,MACRORREGIONAL LESTE,11,6,1,6,0,6
HNSG,CURITIBA,2a RS METROPOLITANA,MACRORREGIONAL LESTE,12,4,1,4,1,4
HNSG,CURITIBA,2a RS METROPOLITANA,MACRORREGIONAL LESTE,13,7,0,7,2,7
HNSG,CURITIBA,2a RS METROPOLITANA,MACRORREGIONAL LESTE,14,2,0,2,0,2
HNSG,CURITIBA,2a RS METROPOLITANA,MACRORREGIONAL LESTE,15,7,1,7,1,7
HNSG,CURITIBA,2a RS METROPOLITANA,MACRORREGIONAL LESTE,16,8,0,8,3,8
HNSG,CURITIBA,2a RS METROPOLITANA,MACRORREGIONAL LESTE,17,7,0,7,1,7
HNSG,CURITIBA,2a RS METROPOLITANA,MACRORREGIONAL LESTE,18,12,0,12,2,12
HNSG,CURITIBA,2a RS METROPOLITANA,MACRORREGIONAL LESTE,19,9,0,9,2,9
HNSG,CURITIBA,2a RS METROPOLITANA,MACRORREGIONAL LESTE,20,12,0,12,0,12
HNSG,CURITIBA,2a RS METROPOLITANA,MACRORREGIONAL LESTE,21,15,2,15,5,15
HNSG,CURITIBA,2a RS METROPOLITANA,MACRORREGIONAL LESTE,22,12,1,12,3,12
HNSG,CURITIBA,2a RS METROPOLITANA,MACRORREGIONAL LESTE,23,14,1,14,2,14
HNSG,CURITIBA,2a RS METROPOLITANA,MACRORREGIONAL LESTE,24,19,1,19,5,19
HNSG,CURITIBA,2a RS METROPOLITANA,MACRORREGIONAL LESTE,25,12,0,12,0,12
HNSG,CURITIBA,2a RS METROPOLITANA,MACRORREGIONAL LESTE,26,17,0,17,1,17
HNSG,CURITIBA,2a RS METROPOLITANA,MACRORREGIONAL LESTE,27,12,0,12,3,12
HNSG,CURITIBA,2a RS METROPOLITANA,MACRORREGIONAL LESTE,28,9,1,9,2,8
HNSG,CURITIBA,2a RS METROPOLITANA,MACRORREGIONAL LESTE,29,5,0,5,0,5
HNSG,CURITIBA,2a RS METROPOLITANA,MACRORREGIONAL LESTE,30,3,0,3,1,3
HNSG,CURITIBA,2a RS METROPOLITANA,MACRORREGIONAL LESTE,31,5,1,4,3,5
HNSG,CURITIBA,2a RS METROPOLITANA,MACRORREGIONAL LESTE,32,6,1,6,2,6
HNSG,CURITIBA,2a RS METROPOLITANA,MACRORREGIONAL LESTE,33,4,1,4,0,4
HNSG,CURITIBA,2a RS METROPOLITANA,MACRORREGIONAL LESTE,34,1,0,0,0,1
HNSG,CURITIBA,2a RS METROPOLITANA,MACRORREGIONAL LESTE,35,1,0,0,1,1
HNSG,CURITIBA,2a RS METROPOLITANA,MACRORREGIONAL LESTE,36,2,1,1,1,2
HNSG,CURITIBA,2a RS METROPOLITANA,MACRORREGIONAL LESTE,37,2,0,0,0,2
HNSG,CURITIBA,2a RS METROPOLITANA,MACRORREGIONAL LESTE,38,1,0,0,0,1
HNSG,CURITIBA,2a RS METROPOLITANA,MACRORREGIONAL LESTE,39,1,0,0,0,1
HOSPITAL ANGELINA CARON,CAMPINA GRANDE DO SUL,2a RS METROPOLITANA,MACRORREGIONAL LESTE,1,30,6,30,15,9
HOSPITAL ANGELINA CARON,CAMPINA GRANDE DO SUL,2a RS METROPOLITANA,MACRORREGIONAL LESTE,2,26,3,26,15,2
HOSPITAL ANGELINA CARON,CAMPINA GRANDE DO SUL,2a RS METROPOLITANA,MACRORREGIONAL LESTE,3,19,3,19,10,6
HOSPITAL ANGELINA CARON,CAMPINA GRANDE DO SUL,2a RS METROPOLITANA,MACRORREGIONAL LESTE,4,16,3,15,5,4
HOSPITAL ANGELINA CARON,CAMPINA GRANDE DO SUL,2a RS METROPOLITANA,MACRORREGIONAL LESTE,5,16,1,16,3,4
HOSPITAL ANGELINA CARON,CAMPINA GRANDE DO SUL,2a RS METROPOLITANA,MACRORREGIONAL LESTE,6,19,6,19,11,4
HOSPITAL ANGELINA CARON,CAMPINA GRANDE DO SUL,2a RS METROPOLITANA,MACRORREGIONAL LESTE,7,13,3,13,5,6
HOSPITAL ANGELINA CARON,CAMPINA GRANDE DO SUL,2a RS METROPOLITANA,MACRORREGIONAL LESTE,8,28,2,28,9,11
HOSPITAL ANGELINA CARON,CAMPINA GRANDE DO SUL,2a RS METROPOLITANA,MACRORREGIONAL LESTE,9,18,2,18,10,12
HOSPITAL ANGELINA CARON,CAMPINA GRANDE DO SUL,2a RS METROPOLITANA,MACRORREGIONAL LESTE,10,18,0,18,10,7
HOSPITAL ANGELINA CARON,CAMPINA GRANDE DO SUL,2a RS METROPOLITANA,MACRORREGIONAL LESTE,11,21,2,21,10,9
HOSPITAL ANGELINA CARON,CAMPINA GRANDE DO SUL,2a RS METROPOLITANA,MACRORREGIONAL LESTE,12,24,4,24,16,11
HOSPITAL ANGELINA CARON,CAMPINA GRANDE DO SUL,2a RS METROPOLITANA,MACRORREGIONAL LESTE,13,20,2,20,7,12
HOSPITAL ANGELINA CARON,CAMPINA GRANDE DO SUL,2a RS METROPOLITANA,MACRORREGIONAL LESTE,14,30,3,30,11,14
HOSPITAL ANGELINA CARON,CAMPINA GRANDE DO SUL,2a RS METROPOLITANA,MACRORREGIONAL LESTE,15,23,4,22,8,12
HOSPITAL ANGELINA CARON,CAMPINA GRANDE DO SUL,2a RS METROPOLITANA,MACRORREGIONAL LESTE,16,18,2,18,6,8
HOSPITAL ANGELINA CARON,CAMPINA GRANDE DO SUL,2a RS METROPOLITANA,MACRORREGIONAL LESTE,17,18,0,18,7,6
HOSPITAL ANGELINA CARON,CAMPINA GRANDE DO SUL,2a RS METROPOLITANA,MACRORREGIONAL LESTE,18,32,6,32,15,12
HOSPITAL ANGELINA CARON,CAMPINA GRANDE DO SUL,2a RS METROPOLITANA,MACRORREGIONAL LESTE,19,47,1,47,9,26
HOSPITAL ANGELINA CARON,CAMPINA GRANDE DO SUL,2a RS METROPOLITANA,MACRORREGIONAL LESTE,20,54,2,54,18,28
HOSPITAL ANGELINA CARON,CAMPINA GRANDE DO SUL,2a RS METROPOLITANA,MACRORREGIONAL LESTE,21,57,3,57,16,33
HOSPITAL ANGELINA CARON,CAMPINA GRANDE DO SUL,2a RS METROPOLITANA,MACRORREGIONAL LESTE,22,53,9,53,17,29
HOSPITAL ANGELINA CARON,CAMPINA GRANDE DO SUL,2a RS METROPOLITANA,MACRORREGIONAL LESTE,23,48,4,48,8,20
HOSPITAL ANGELINA CARON,CAMPINA GRANDE DO SUL,2a RS METROPOLITANA,MACRORREGIONAL LESTE,24,63,6,63,19,27
HOSPITAL ANGELINA CARON,CAMPINA GRANDE DO SUL,2a RS METROPOLITANA,MACRORREGIONAL LESTE,25,45,1,45,12,28
HOSPITAL ANGELINA CARON,CAMPINA GRANDE DO SUL,2a RS METROPOLITANA,MACRORREGIONAL LESTE,26,61,7,61,12,31
HOSPITAL ANGELINA CARON,CAMPINA GRANDE DO SUL,2a RS METROPOLITANA,MACRORREGIONAL LESTE,27,41,3,40,7,24
HOSPITAL ANGELINA CARON,CAMPINA GRANDE DO SUL,2a RS METROPOLITANA,MACRORREGIONAL LESTE,28,28,1,26,8,13
HOSPITAL ANGELINA CARON,CAMPINA GRANDE DO SUL,2a RS METROPOLITANA,MACRORREGIONAL LESTE,29,36,2,35,10,20
HOSPITAL ANGELINA CARON,CAMPINA GRANDE DO SUL,2a RS METROPOLITANA,MACRORREGIONAL LESTE,30,38,3,34,13,14
HOSPITAL ANGELINA CARON,CAMPINA GRANDE DO SUL,2a RS METROPOLITANA,MACRORREGIONAL LESTE,31,36,4,36,16,14
HOSPITAL ANGELINA CARON,CAMPINA GRANDE DO SUL,2a RS METROPOLITANA,MACRORREGIONAL LESTE,32,29,4,29,11,14
HOSPITAL ANGELINA CARON,CAMPINA GRANDE DO SUL,2a RS METROPOLITANA,MACRORREGIONAL LESTE,33,36,1,36,16,14
HOSPITAL ANGELINA CARON,CAMPINA GRANDE DO SUL,2a RS METROPOLITANA,MACRORREGIONAL LESTE,34,34,1,34,8,10
HOSPITAL ANGELINA CARON,CAMPINA GRANDE DO SUL,2a RS METROPOLITANA,MACRORREGIONAL LESTE,35,28,0,27,9,16
HOSPITAL ANGELINA CARON,CAMPINA GRANDE DO SUL,2a RS METROPOLITANA,MACRORREGIONAL LESTE,36,14,0,14,3,5
HOSPITAL ANGELINA CARON,CAMPINA GRANDE DO SUL,2a RS METROPOLITANA,MACRORREGIONAL LESTE,37,19,1,17,7,6
HOSPITAL ANGELINA CARON,CAMPINA GRANDE DO SUL,2a RS METROPOLITANA,MACRORREGIONAL LESTE,38,29,0,15,6,6
HOSPITAL ANGELINA CARON,CAMPINA GRANDE DO SUL,2a RS METROPOLITANA,MACRORREGIONAL LESTE,39,10,0,0,4,0
HOSPITAL DA POLICIA MILITAR DO PARANA NN,CURITIBA,2a RS METROPOLITANA,MACRORREGIONAL LESTE,1,1,0,1,0,0
HOSPITAL DA POLICIA MILITAR DO PARANA NN,CURITIBA,2a RS METROPOLITANA,MACRORREGIONAL LESTE,2,1,0,1,0,0
HOSPITAL DA POLICIA MILITAR DO PARANA NN,CURITIBA,2a RS METROPOLITANA,MACRORREGIONAL LESTE,3,2,0,2,1,1
HOSPITAL DA POLICIA MILITAR DO PARANA NN,CURITIBA,2a RS METROPOLITANA,MACRORREGIONAL LESTE,8,5,0,5,3,2
HOSPITAL DA POLICIA MILITAR DO PARANA NN,CURITIBA,2a RS METROPOLITANA,MACRORREGIONAL LESTE,9,1,1,1,0,1
HOSPITAL DA POLICIA MILITAR DO PARANA NN,CURITIBA,2a RS METROPOLITANA,MACRORREGIONAL LESTE,10,4,1,4,1,2
HOSPITAL DA POLICIA MILITAR DO PARANA NN,CURITIBA,2a RS METROPOLITANA,MACRORREGIONAL LESTE,11,2,0,2,1,1
HOSPITAL DA POLICIA MILITAR DO PARANA NN,CURITIBA,2a RS METROPOLITANA,MACRORREGIONAL LESTE,12,4,0,4,1,2
HOSPITAL DA POLICIA MILITAR DO PARANA NN,CURITIBA,2a RS METROPOLITANA,MACRORREGIONAL LESTE,13,3,0,3,1,1
HOSPITAL DA POLICIA MILITAR DO PARANA NN,CURITIBA,2a RS METROPOLITANA,MACRORREGIONAL LESTE,14,1,0,1,1,1
HOSPITAL DA POLICIA MILITAR DO PARANA NN,CURITIBA,2a RS METROPOLITANA,MACRORREGIONAL LESTE,16,4,2,4,2,0
HOSPITAL DA POLICIA MILITAR DO PARANA NN,CURITIBA,2a RS METROPOLITANA,MACRORREGIONAL LESTE,18,2,0,2,0,1
HOSPITAL DA POLICIA MILITAR DO PARANA NN,CURITIBA,2a RS METROPOLITANA,MACRORREGIONAL LESTE,19,3,1,3,3,1
HOSPITAL DA POLICIA MILITAR DO PARANA NN,CURITIBA,2a RS METROPOLITANA,MACRORREGIONAL LESTE,20,2,1,2,0,0
HOSPITAL DA POLICIA MILITAR DO PARANA NN,CURITIBA,2a RS METROPOLITANA,MACRORREGIONAL LESTE,21,5,1,5,3,3
HOSPITAL DA POLICIA MILITAR DO PARANA NN,CURITIBA,2a RS METROPOLITANA,MACRORREGIONAL LESTE,22,5,1,5,2,3
HOSPITAL DA POLICIA MILITAR DO PARANA NN,CURITIBA,2a RS METROPOLITANA,MACRORREGIONAL LESTE,23,2,1,2,0,0
HOSPITAL DA POLICIA MILITAR DO PARANA NN,CURITIBA,2a RS METROPOLITANA,MACRORREGIONAL LESTE,24,3,0,3,1,0
HOSPITAL DA POLICIA MILITAR DO PARANA NN,CURITIBA,2a RS METROPOLITANA,MACRORREGIONAL LESTE,25,1,1,1,1,0
HOSPITAL DA POLICIA MILITAR DO PARANA NN,CURITIBA,2a RS METROPOLITANA,MACRORREGIONAL LESTE,26,3,1,3,1,3
HOSPITAL DA POLICIA MILITAR DO PARANA NN,CURITIBA,2a RS METROPOLITANA,MACRORREGIONAL LESTE,27,7,1,7,2,3
HOSPITAL DA POLICIA MILITAR DO PARANA NN,CURITIBA,2a RS METROPOLITANA,MACRORREGIONAL LESTE,28,3,0,3,2,1
HOSPITAL DA POLICIA MILITAR DO PARANA NN,CURITIBA,2a RS METROPOLITANA,MACRORREGIONAL LESTE,29,3,0,3,1,0
HOSPITAL DA POLICIA MILITAR DO PARANA NN,CURITIBA,2a RS METROPOLITANA,MACRORREGIONAL LESTE,30,3,0,3,0,1
HOSPITAL DA POLICIA MILITAR DO PARANA NN,CURITIBA,2a RS METROPOLITANA,MACRORREGIONAL LESTE,31,2,0,2,1,1
HOSPITAL DA POLICIA MILITAR DO PARANA NN,CURITIBA,2a RS METROPOLITANA,MACRORREGIONAL LESTE,32,3,1,3,0,1
HOSPITAL DA POLICIA MILITAR DO PARANA NN,CURITIBA,2a RS METROPOLITANA,MACRORREGIONAL LESTE,33,1,0,1,0,0
HOSPITAL DA POLICIA MILITAR DO PARANA NN,CURITIBA,2a RS METROPOLITANA,MACRORREGIONAL LESTE,35,5,1,5,2,3
HOSPITAL DA POLICIA MILITAR DO PARANA NN,CURITIBA,2a RS METROPOLITANA,MACRORREGIONAL LESTE,36,2,0,2,1,0
HOSPITAL DA POLICIA MILITAR DO PARANA NN,CURITIBA,2a RS METROPOLITANA,MACRORREGIONAL LESTE,38,2,0,2,0,1
HOSPITAL DA POLICIA MILITAR DO PARANA NN,CURITIBA,2a RS METROPOLITANA,MACRORREGIONAL LESTE,39,2,0,1,0,0
HOSPITAL DAS NACOES,CURITIBA,2a RS METROPOLITANA,MACRORREGIONAL LESTE,13,1,0,1,1,1
HOSPITAL DAS NACOES,CURITIBA,2a RS METROPOLITANA,MACRORREGIONAL LESTE,14,1,0,1,1,1
HOSPITAL DAS NACOES,CURITIBA,2a RS METROPOLITANA,MACRORREGIONAL LESTE,18,1,0,1,1,1
HOSPITAL DAS NACOES,CURITIBA,2a RS METROPOLITANA,MACRORREGIONAL LESTE,19,1,1,1,1,1
HOSPITAL DAS NACOES,CURITIBA,2a RS METROPOLITANA,MACRORREGIONAL LESTE,22,1,0,1,1,1
HOSPITAL DO CENTRO,CAMPO LARGO,2a RS METROPOLITANA,MACRORREGIONAL LESTE,1,1,0,1,1,1
HOSPITAL DO CENTRO,CAMPO LARGO,2a RS METROPOLITANA,MACRORREGIONAL LESTE,2,5,3,5,5,1
HOSPITAL DO CENTRO,CAMPO LARGO,2a RS METROPOLITANA,MACRORREGIONAL LESTE,3,2,0,2,2,1
HOSPITAL DO CENTRO,CAMPO LARGO,2a RS METROPOLITANA,MACRORREGIONAL LESTE,5,1,0,1,1,0
HOSPITAL DO CENTRO,CAMPO LARGO,2a RS METROPOLITANA,MACRORREGIONAL LESTE,6,2,0,2,2,0
HOSPITAL DO CENTRO,CAMPO LARGO,2a RS METROPOLITANA,MACRORREGIONAL LESTE,7,1,0,1,1,0
HOSPITAL DO CENTRO,CAMPO LARGO,2a RS METROPOLITANA,MACRORREGIONAL LESTE,8,2,1,2,2,1
HOSPITAL DO CENTRO,CAMPO LARGO,2a RS METROPOLITANA,MACRORREGIONAL LESTE,9,3,0,3,3,1
HOSPITAL DO CENTRO,CAMPO LARGO,2a RS METROPOLITANA,MACRORREGIONAL LESTE,10,1,0,1,1,1
HOSPITAL DO CENTRO,CAMPO LARGO,2a RS METROPOLITANA,MACRORREGIONAL LESTE,11,1,0,1,1,0
HOSPITAL DO CENTRO,CAMPO LARGO,2a RS METROPOLITANA,MACRORREGIONAL LESTE,12,3,1,3,3,1
HOSPITAL DO CENTRO,CAMPO LARGO,2a RS METROPOLITANA,MACRORREGIONAL LESTE,13,3,0,3,2,0
HOSPITAL DO CENTRO,CAMPO LARGO,2a RS METROPOLITANA,MACRORREGIONAL LESTE,14,3,1,2,3,0
HOSPITAL DO CENTRO,CAMPO LARGO,2a RS METROPOLITANA,MACRORREGIONAL LESTE,15,5,0,5,5,2
HOSPITAL DO CENTRO,CAMPO LARGO,2a RS METROPOLITANA,MACRORREGIONAL LESTE,16,1,1,1,1,1
HOSPITAL DO CENTRO,CAMPO LARGO,2a RS METROPOLITANA,MACRORREGIONAL LESTE,17,4,0,4,4,4
HOSPITAL DO CENTRO,CAMPO LARGO,2a RS METROPOLITANA,MACRORREGIONAL LESTE,19,2,0,2,2,2
HOSPITAL DO CENTRO,CAMPO LARGO,2a RS METROPOLITANA,MACRORREGIONAL LESTE,20,5,0,5,5,0
HOSPITAL DO CENTRO,CAMPO LARGO,2a RS METROPOLITANA,MACRORREGIONAL LESTE,21,3,0,2,3,1
HOSPITAL DO CENTRO,CAMPO LARGO,2a RS METROPOLITANA,MACRORREGIONAL LESTE,22,2,0,2,2,1
HOSPITAL DO CENTRO,CAMPO LARGO,2a RS METROPOLITANA,MACRORREGIONAL LESTE,23,3,1,3,3,1
HOSPITAL DO CENTRO,CAMPO LARGO,2a RS METROPOLITANA,MACRORREGIONAL LESTE,24,2,0,2,2,2
HOSPITAL DO CENTRO,CAMPO LARGO,2a RS METROPOLITANA,MACRORREGIONAL LESTE,25,1,0,1,1,1
HOSPITAL DO CENTRO,CAMPO LARGO,2a RS METROPOLITANA,MACRORREGIONAL LESTE,27,1,1,1,1,1
HOSPITAL DO CENTRO,CAMPO LARGO,2a RS METROPOLITANA,MACRORREGIONAL LESTE,28,1,0,0,1,0
HOSPITAL DO CENTRO,CAMPO LARGO,2a RS METROPOLITANA,MACRORREGIONAL LESTE,38,1,0,0,1,0
HOSPITAL DO IDOSO ZILDA ARNS,CURITIBA,2a RS METROPOLITANA,MACRORREGIONAL LESTE,1,2,1,2,1,1
HOSPITAL DO IDOSO ZILDA ARNS,CURITIBA,2a RS METROPOLITANA,MACRORREGIONAL LESTE,2,1,0,1,0,0
HOSPITAL DO IDOSO ZILDA ARNS,CURITIBA,2a RS METROPOLITANA,MACRORREGIONAL LESTE,4,1,0,1,1,0
HOSPITAL DO IDOSO ZILDA ARNS,CURITIBA,2a RS METROPOLITANA,MACRORREGIONAL LESTE,6,2,0,2,0,1
HOSPITAL DO IDOSO ZILDA ARNS,CURITIBA,2a RS METROPOLITANA,MACRORREGIONAL LESTE,7,3,0,3,0,1
HOSPITAL DO IDOSO ZILDA ARNS,CURITIBA,2a RS METROPOLITANA,MACRORREGIONAL LESTE,8,2,0,2,0,2
HOSPITAL DO IDOSO ZILDA ARNS,CURITIBA,2a RS METROPOLITANA,MACRORREGIONAL LESTE,10,2,1,2,0,1
HOSPITAL DO IDOSO ZILDA ARNS,CURITIBA,2a RS METROPOLITANA,MACRORREGIONAL LESTE,11,2,1,2,1,2
HOSPITAL DO IDOSO ZILDA ARNS,CURITIBA,2a RS METROPOLITANA,MACRORREGIONAL LESTE,12,1,1,1,0,1
HOSPITAL DO IDOSO ZILDA ARNS,CURITIBA,2a RS METROPOLITANA,MACRORREGIONAL LESTE,14,4,1,4,2,3
HOSPITAL DO IDOSO ZILDA ARNS,CURITIBA,2a RS METROPOLITANA,MACRORREGIONAL LESTE,15,1,0,1,1,1
HOSPITAL DO IDOSO ZILDA ARNS,CURITIBA,2a RS METROPOLITANA,MACRORREGIONAL LESTE,16,3,2,3,2,2
HOSPITAL DO IDOSO ZILDA ARNS,CURITIBA,2a RS METROPOLITANA,MACRORREGIONAL LESTE,17,1,0,1,1,0
HOSPITAL DO IDOSO ZILDA ARNS,CURITIBA,2a RS METROPOLITANA,MACRORREGIONAL LESTE,18,5,0,5,2,1
HOSPITAL DO IDOSO ZILDA ARNS,CURITIBA,2a RS METROPOLITANA,MACRORREGIONAL LESTE,19,5,0,5,1,3
HOSPITAL DO IDOSO ZILDA ARNS,CURITIBA,2a RS METROPOLITANA,MACRORREGIONAL LESTE,20,9,2,9,6,3
HOSPITAL DO IDOSO ZILDA ARNS,CURITIBA,2a RS METROPOLITANA,MACRORREGIONAL LESTE,21,5,1,5,5,2
HOSPITAL DO IDOSO ZILDA ARNS,CURITIBA,2a RS METROPOLITANA,MACRORREGIONAL LESTE,22,3,0,3,2,1
HOSPITAL DO IDOSO ZILDA ARNS,CURITIBA,2a RS METROPOLITANA,MACRORREGIONAL LESTE,23,3,0,3,3,3
HOSPITAL DO IDOSO ZILDA ARNS,CURITIBA,2a RS METROPOLITANA,MACRORREGIONAL LESTE,24,11,1,11,4,5
HOSPITAL DO IDOSO ZILDA ARNS,CURITIBA,2a RS METROPOLITANA,MACRORREGIONAL LESTE,25,3,0,3,1,2
HOSPITAL DO IDOSO ZILDA ARNS,CURITIBA,2a RS METROPOLITANA,MACRORREGIONAL LESTE,27,3,0,3,1,1
HOSPITAL DO IDOSO ZILDA ARNS,CURITIBA,2a RS METROPOLITANA,MACRORREGIONAL LESTE,30,1,1,1,1,0
HOSPITAL DO IDOSO ZILDA ARNS,CURITIBA,2a RS METROPOLITANA,MACRORREGIONAL LESTE,32,3,0,3,1,0
HOSPITAL DO IDOSO ZILDA ARNS,CURITIBA,2a RS METROPOLITANA,MACRORREGIONAL LESTE,33,1,0,1,0,0
HOSPITAL DO ROCIO,CAMPO LARGO,2a RS METROPOLITANA,MACRORREGIONAL LESTE,1,3,0,3,2,2
HOSPITAL DO ROCIO,CAMPO LARGO,2a RS METROPOLITANA,MACRORREGIONAL LESTE,2,4,1,3,3,1
HOSPITAL DO ROCIO,CAMPO LARGO,2a RS METROPOLITANA,MACRORREGIONAL LESTE,3,5,0,5,2,3
HOSPITAL DO ROCIO,CAMPO LARGO,2a RS METROPOLITANA,MACRORREGIONAL LESTE,4,3,0,3,3,2
HOSPITAL DO ROCIO,CAMPO LARGO,2a RS METROPOLITANA,MACRORREGIONAL LESTE,5,5,1,5,5,4
HOSPITAL DO ROCIO,CAMPO LARGO,2a RS METROPOLITANA,MACRORREGIONAL LESTE,6,3,0,3,2,1
HOSPITAL DO ROCIO,CAMPO LARGO,2a RS METROPOLITANA,MACRORREGIONAL LESTE,7,10,0,9,9,4
HOSPITAL DO ROCIO,CAMPO LARGO,2a RS METROPOLITANA,MACRORREGIONAL LESTE,8,5,0,5,4,2
HOSPITAL DO ROCIO,CAMPO LARGO,2a RS METROPOLITANA,MACRORREGIONAL LESTE,9,4,0,4,4,1
HOSPITAL DO ROCIO,CAMPO LARGO,2a RS METROPOLITANA,MACRORREGIONAL LESTE,10,2,0,2,2,1
HOSPITAL DO ROCIO,CAMPO LARGO,2a RS METROPOLITANA,MACRORREGIONAL LESTE,11,7,0,7,5,2
HOSPITAL DO ROCIO,CAMPO LARGO,2a RS METROPOLITANA,MACRORREGIONAL LESTE,12,1,0,1,1,1
HOSPITAL DO ROCIO,CAMPO LARGO,2a RS METROPOLITANA,MACRORREGIONAL LESTE,13,4,0,4,4,2
HOSPITAL DO ROCIO,CAMPO LARGO,2a RS METROPOLITANA,MACRORREGIONAL LESTE,14,4,0,4,3,2
HOSPITAL DO ROCIO,CAMPO LARGO,2a RS METROPOLITANA,MACRORREGIONAL LESTE,15,1,0,0,1,0
HOSPITAL DO ROCIO,CAMPO LARGO,2a RS METROPOLITANA,MACRORREGIONAL LESTE,16,5,0,5,5,1
HOSPITAL DO ROCIO,CAMPO LARGO,2a RS METROPOLITANA,MACRORREGIONAL LESTE,17,6,0,6,4,1
HOSPITAL DO ROCIO,CAMPO LARGO,2a RS METROPOLITANA,MACRORREGIONAL LESTE,18,2,0,2,2,1
HOSPITAL DO ROCIO,CAMPO LARGO,2a RS METROPOLITANA,MACRORREGIONAL LESTE,19,4,0,4,3,1
HOSPITAL DO ROCIO,CAMPO LARGO,2a RS METROPOLITANA,MACRORREGIONAL LESTE,20,4,0,3,4,1
HOSPITAL DO ROCIO,CAMPO LARGO,2a RS METROPOLITANA,MACRORREGIONAL LESTE,21,4,0,4,3,3
HOSPITAL DO ROCIO,CAMPO LARGO,2a RS METROPOLITANA,MACRORREGIONAL LESTE,23,6,0,5,5,1
HOSPITAL DO ROCIO,CAMPO LARGO,2a RS METROPOLITANA,MACRORREGIONAL LESTE,24,7,0,7,6,1
HOSPITAL DO ROCIO,CAMPO LARGO,2a RS METROPOLITANA,MACRORREGIONAL LESTE,25,5,0,5,4,3
HOSPITAL DO ROCIO,CAMPO LARGO,2a RS METROPOLITANA,MACRORREGIONAL LESTE,26,8,0,8,4,4
HOSPITAL DO ROCIO,CAMPO LARGO,2a RS METROPOLITANA,MACRORREGIONAL LESTE,27,5,0,4,5,2
HOSPITAL DO ROCIO,CAMPO LARGO,2a RS METROPOLITANA,MACRORREGIONAL LESTE,28,5,0,5,5,2
HOSPITAL DO ROCIO,CAMPO LARGO,2a RS METROPOLITANA,MACRORREGIONAL LESTE,29,4,0,4,3,1
HOSPITAL DO ROCIO,CAMPO LARGO,2a RS METROPOLITANA,MACRORREGIONAL LESTE,30,7,0,7,5,2
HOSPITAL DO ROCIO,CAMPO LARGO,2a RS METROPOLITANA,MACRORREGIONAL LESTE,31,3,0,3,3,1
HOSPITAL DO ROCIO,CAMPO LARGO,2a RS METROPOLITANA,MACRORREGIONAL LESTE,32,5,0,5,5,1
HOSPITAL DO ROCIO,CAMPO LARGO,2a RS METROPOLITANA,MACRORREGIONAL LESTE,33,4,0,4,3,1
HOSPITAL DO ROCIO,CAMPO LARGO,2a RS METROPOLITANA,MACRORREGIONAL LESTE,34,3,0,3,2,0
HOSPITAL DO ROCIO,CAMPO LARGO,2a RS METROPOLITANA,MACRORREGIONAL LESTE,35,3,0,2,3,0
HOSPITAL DO ROCIO,CAMPO LARGO,2a RS METROPOLITANA,MACRORREGIONAL LESTE,36,6,0,6,3,1
HOSPITAL DO ROCIO,CAMPO LARGO,2a RS METROPOLITANA,MACRORREGIONAL LESTE,37,3,0,3,2,0
HOSPITAL DO ROCIO,CAMPO LARGO,2a RS METROPOLITANA,MACRORREGIONAL LESTE,38,5,0,0,4,0
HOSPITAL DO ROCIO,CAMPO LARGO,2a RS METROPOLITANA,MACRORREGIONAL LESTE,39,4,0,0,4,0
HOSPITAL E MATERNIDADE LUISA DE MARILLAC,CURITIBA,2a RS METROPOLITANA,MACRORREGIONAL LESTE,2,2,1,2,0,2
HOSPITAL E MATERNIDADE LUISA DE MARILLAC,CURITIBA,2a RS METROPOLITANA,MACRORREGIONAL LESTE,3,2,0,2,0,1
HOSPITAL E MATERNIDADE LUISA DE MARILLAC,CURITIBA,2a RS METROPOLITANA,MACRORREGIONAL LESTE,6,1,0,1,0,1
HOSPITAL E MATERNIDADE LUISA DE MARILLAC,CURITIBA,2a RS METROPOLITANA,MACRORREGIONAL LESTE,7,2,0,2,1,2
HOSPITAL E MATERNIDADE LUISA DE MARILLAC,CURITIBA,2a RS METROPOLITANA,MACRORREGIONAL LESTE,8,3,0,3,0,3
HOSPITAL E MATERNIDADE LUISA DE MARILLAC,CURITIBA,2a RS METROPOLITANA,MACRORREGIONAL LESTE,9,2,0,2,0,2
HOSPITAL E MATERNIDADE LUISA DE MARILLAC,CURITIBA,2a RS METROPOLITANA,MACRORREGIONAL LESTE,10,5,1,5,0,2
HOSPITAL E MATERNIDADE LUISA DE MARILLAC,CURITIBA,2a RS METROPOLITANA,MACRORREGIONAL LESTE,11,2,0,2,0,0
HOSPITAL E MATERNIDADE LUISA DE MARILLAC,CURITIBA,2a RS METROPOLITANA,MACRORREGIONAL LESTE,12,1,0,1,0,0
HOSPITAL E MATERNIDADE LUISA DE MARILLAC,CURITIBA,2a RS METROPOLITANA,MACRORREGIONAL LESTE,13,3,0,3,0,3
HOSPITAL E MATERNIDADE LUISA DE MARILLAC,CURITIBA,2a RS METROPOLITANA,MACRORREGIONAL LESTE,14,3,0,3,3,1
HOSPITAL E MATERNIDADE LUISA DE MARILLAC,CURITIBA,2a RS METROPOLITANA,MACRORREGIONAL LESTE,15,2,1,2,1,1
HOSPITAL E MATERNIDADE LUISA DE MARILLAC,CURITIBA,2a RS METROPOLITANA,MACRORREGIONAL LESTE,16,1,0,1,1,1
HOSPITAL E MATERNIDADE LUISA DE MARILLAC,CURITIBA,2a RS METROPOLITANA,MACRORREGIONAL LESTE,18,3,0,3,1,2
HOSPITAL E MATERNIDADE LUISA DE MARILLAC,CURITIBA,2a RS METROPOLITANA,MACRORREGIONAL LESTE,19,5,0,4,1,3
HOSPITAL E MATERNIDADE LUISA DE MARILLAC,CURITIBA,2a RS METROPOLITANA,MACRORREGIONAL LESTE,20,8,0,8,3,4
HOSPITAL E MATERNIDADE LUISA DE MARILLAC,CURITIBA,2a RS METROPOLITANA,MACRORREGIONAL LESTE,21,10,0,8,3,3
HOSPITAL E MATERNIDADE LUISA DE MARILLAC,CURITIBA,2a RS METROPOLITANA,MACRORREGIONAL LESTE,22,12,0,7,4,4
HOSPITAL E MATERNIDADE LUISA DE MARILLAC,CURITIBA,2a RS METROPOLITANA,MACRORREGIONAL LESTE,23,25,0,10,4,7
HOSPITAL E MATERNIDADE LUISA DE MARILLAC,CURITIBA,2a RS METROPOLITANA,MACRORREGIONAL LESTE,24,10,0,6,1,3
HOSPITAL E MATERNIDADE LUISA DE MARILLAC,CURITIBA,2a RS METROPOLITANA,MACRORREGIONAL LESTE,25,9,0,4,2,2
HOSPITAL E MATERNIDADE LUISA DE MARILLAC,CURITIBA,2a RS METROPOLITANA,MACRORREGIONAL LESTE,26,9,0,1,4,2
HOSPITAL E MATERNIDADE LUISA DE MARILLAC,CURITIBA,2a RS METROPOLITANA,MACRORREGIONAL LESTE,27,9,0,6,2,2
HOSPITAL E MATERNIDADE LUISA DE MARILLAC,CURITIBA,2a RS METROPOLITANA,MACRORREGIONAL LESTE,28,8,0,4,2,5
HOSPITAL E MATERNIDADE LUISA DE MARILLAC,CURITIBA,2a RS METROPOLITANA,MACRORREGIONAL LESTE,29,8,1,5,4,2
HOSPITAL E MATERNIDADE LUISA DE MARILLAC,CURITIBA,2a RS METROPOLITANA,MACRORREGIONAL LESTE,30,5,0,1,0,0
HOSPITAL E MATERNIDADE LUISA DE MARILLAC,CURITIBA,2a RS METROPOLITANA,MACRORREGIONAL LESTE,31,2,0,1,2,1
HOSPITAL E MATERNIDADE LUISA DE MARILLAC,CURITIBA,2a RS METROPOLITANA,MACRORREGIONAL LESTE,32,2,0,1,0,0
HOSPITAL E MATERNIDADE LUISA DE MARILLAC,CURITIBA,2a RS METROPOLITANA,MACRORREGIONAL LESTE,34,5,0,3,2,2
HOSPITAL E MATERNIDADE LUISA DE MARILLAC,CURITIBA,2a RS METROPOLITANA,MACRORREGIONAL LESTE,35,6,0,3,2,1
HOSPITAL E MATERNIDADE LUISA DE MARILLAC,CURITIBA,2a RS METROPOLITANA,MACRORREGIONAL LESTE,36,2,0,0,2,0
HOSPITAL E MATERNIDADE LUISA DE MARILLAC,CURITIBA,2a RS METROPOLITANA,MACRORREGIONAL LESTE,37,3,0,2,1,0
HOSPITAL E MATERNIDADE LUISA DE MARILLAC,CURITIBA,2a RS METROPOLITANA,MACRORREGIONAL LESTE,38,2,0,0,0,1
HOSPITAL E MATERNIDADE MUNICIPAL DE SAO JOSE DOS PINHAIS,SAO JOSE DOS PINHAIS,2a RS METROPOLITANA,MACRORREGIONAL LESTE,2,1,0,1,1,0
HOSPITAL E MATERNIDADE MUNICIPAL DE SAO JOSE DOS PINHAIS,SAO JOSE DOS PINHAIS,2a RS METROPOLITANA,MACRORREGIONAL LESTE,3,1,1,1,1,0
HOSPITAL E MATERNIDADE MUNICIPAL DE SAO JOSE DOS PINHAIS,SAO JOSE DOS PINHAIS,2a RS METROPOLITANA,MACRORREGIONAL LESTE,4,4,1,4,1,2
HOSPITAL E MATERNIDADE MUNICIPAL DE SAO JOSE DOS PINHAIS,SAO JOSE DOS PINHAIS,2a RS METROPOLITANA,MACRORREGIONAL LESTE,5,4,0,4,0,4
HOSPITAL E MATERNIDADE MUNICIPAL DE SAO JOSE DOS PINHAIS,SAO JOSE DOS PINHAIS,2a RS METROPOLITANA,MACRORREGIONAL LESTE,6,1,1,1,1,0
HOSPITAL E MATERNIDADE MUNICIPAL DE SAO JOSE DOS PINHAIS,SAO JOSE DOS PINHAIS,2a RS METROPOLITANA,MACRORREGIONAL LESTE,8,4,0,4,1,1
HOSPITAL E MATERNIDADE MUNICIPAL DE SAO JOSE DOS PINHAIS,SAO JOSE DOS PINHAIS,2a RS METROPOLITANA,MACRORREGIONAL LESTE,9,6,0,6,0,4
HOSPITAL E MATERNIDADE MUNICIPAL DE SAO JOSE DOS PINHAIS,SAO JOSE DOS PINHAIS,2a RS METROPOLITANA,MACRORREGIONAL LESTE,10,3,1,3,1,2
HOSPITAL E MATERNIDADE MUNICIPAL DE SAO JOSE DOS PINHAIS,SAO JOSE DOS PINHAIS,2a RS METROPOLITANA,MACRORREGIONAL LESTE,11,5,2,5,1,1
HOSPITAL E MATERNIDADE MUNICIPAL DE SAO JOSE DOS PINHAIS,SAO JOSE DOS PINHAIS,2a RS METROPOLITANA,MACRORREGIONAL LESTE,12,4,0,4,1,3
HOSPITAL E MATERNIDADE MUNICIPAL DE SAO JOSE DOS PINHAIS,SAO JOSE DOS PINHAIS,2a RS METROPOLITANA,MACRORREGIONAL LESTE,13,2,0,2,0,0
HOSPITAL E MATERNIDADE MUNICIPAL DE SAO JOSE DOS PINHAIS,SAO JOSE DOS PINHAIS,2a RS METROPOLITANA,MACRORREGIONAL LESTE,14,7,0,6,0,3
HOSPITAL E MATERNIDADE MUNICIPAL DE SAO JOSE DOS PINHAIS,SAO JOSE DOS PINHAIS,2a RS METROPOLITANA,MACRORREGIONAL LESTE,15,7,2,7,2,5
HOSPITAL E MATERNIDADE MUNICIPAL DE SAO JOSE DOS PINHAIS,SAO JOSE DOS PINHAIS,2a RS METROPOLITANA,MACRORREGIONAL LESTE,16,7,0,6,0,3
HOSPITAL E MATERNIDADE MUNICIPAL DE SAO JOSE DOS PINHAIS,SAO JOSE DOS PINHAIS,2a RS METROPOLITANA,MACRORREGIONAL LESTE,17,5,2,5,2,3
HOSPITAL E MATERNIDADE MUNICIPAL DE SAO JOSE DOS PINHAIS,SAO JOSE DOS PINHAIS,2a RS METROPOLITANA,MACRORREGIONAL LESTE,18,9,1,9,2,6
HOSPITAL E MATERNIDADE MUNICIPAL DE SAO JOSE DOS PINHAIS,SAO JOSE DOS PINHAIS,2a RS METROPOLITANA,MACRORREGIONAL LESTE,19,6,0,6,0,4
HOSPITAL E MATERNIDADE MUNICIPAL DE SAO JOSE DOS PINHAIS,SAO JOSE DOS PINHAIS,2a RS METROPOLITANA,MACRORREGIONAL LESTE,20,7,0,7,0,4
HOSPITAL E MATERNIDADE MUNICIPAL DE SAO JOSE DOS PINHAIS,SAO JOSE DOS PINHAIS,2a RS METROPOLITANA,MACRORREGIONAL LESTE,21,9,0,7,0,7
HOSPITAL E MATERNIDADE MUNICIPAL DE SAO JOSE DOS PINHAIS,SAO JOSE DOS PINHAIS,2a RS METROPOLITANA,MACRORREGIONAL LESTE,22,4,0,4,0,4
HOSPITAL E MATERNIDADE MUNICIPAL DE SAO JOSE DOS PINHAIS,SAO JOSE DOS PINHAIS,2a RS METROPOLITANA,MACRORREGIONAL LESTE,23,8,1,8,0,7
HOSPITAL E MATERNIDADE MUNICIPAL DE SAO JOSE DOS PINHAIS,SAO JOSE DOS PINHAIS,2a RS METROPOLITANA,MACRORREGIONAL LESTE,24,7,0,7,2,4
HOSPITAL E MATERNIDADE MUNICIPAL DE SAO JOSE DOS PINHAIS,SAO JOSE DOS PINHAIS,2a RS METROPOLITANA,MACRORREGIONAL LESTE,25,6,0,6,0,4
HOSPITAL E MATERNIDADE MUNICIPAL DE SAO JOSE DOS PINHAIS,SAO JOSE DOS PINHAIS,2a RS METROPOLITANA,MACRORREGIONAL LESTE,26,12,0,10,0,12
HOSPITAL E MATERNIDADE MUNICIPAL DE SAO JOSE DOS PINHAIS,SAO JOSE DOS PINHAIS,2a RS METROPOLITANA,MACRORREGIONAL LESTE,27,7,0,7,0,4
HOSPITAL E MATERNIDADE MUNICIPAL DE SAO JOSE DOS PINHAIS,SAO JOSE DOS PINHAIS,2a RS METROPOLITANA,MACRORREGIONAL LESTE,28,6,1,6,2,5
HOSPITAL E MATERNIDADE MUNICIPAL DE SAO JOSE DOS PINHAIS,SAO JOSE DOS PINHAIS,2a RS METROPOLITANA,MACRORREGIONAL LESTE,29,4,0,4,0,1
HOSPITAL E MATERNIDADE MUNICIPAL DE SAO JOSE DOS PINHAIS,SAO JOSE DOS PINHAIS,2a RS METROPOLITANA,MACRORREGIONAL LESTE,30,5,2,5,2,1
HOSPITAL E MATERNIDADE MUNICIPAL DE SAO JOSE DOS PINHAIS,SAO JOSE DOS PINHAIS,2a RS METROPOLITANA,MACRORREGIONAL LESTE,31,3,0,2,0,3
HOSPITAL E MATERNIDADE MUNICIPAL DE SAO JOSE DOS PINHAIS,SAO JOSE DOS PINHAIS,2a RS METROPOLITANA,MACRORREGIONAL LESTE,32,3,0,3,0,1
HOSPITAL E MATERNIDADE MUNICIPAL DE SAO JOSE DOS PINHAIS,SAO JOSE DOS PINHAIS,2a RS METROPOLITANA,MACRORREGIONAL LESTE,33,3,0,3,0,2
HOSPITAL E MATERNIDADE MUNICIPAL DE SAO JOSE DOS PINHAIS,SAO JOSE DOS PINHAIS,2a RS METROPOLITANA,MACRORREGIONAL LESTE,34,3,0,2,0,2
HOSPITAL E MATERNIDADE MUNICIPAL DE SAO JOSE DOS PINHAIS,SAO JOSE DOS PINHAIS,2a RS METROPOLITANA,MACRORREGIONAL LESTE,35,3,0,3,0,3
HOSPITAL E MATERNIDADE MUNICIPAL DE SAO JOSE DOS PINHAIS,SAO JOSE DOS PINHAIS,2a RS METROPOLITANA,MACRORREGIONAL LESTE,36,5,0,4,0,2
HOSPITAL E MATERNIDADE MUNICIPAL DE SAO JOSE DOS PINHAIS,SAO JOSE DOS PINHAIS,2a RS METROPOLITANA,MACRORREGIONAL LESTE,37,3,0,3,0,2
HOSPITAL E MATERNIDADE MUNICIPAL DE SAO JOSE DOS PINHAIS,SAO JOSE DOS PINHAIS,2a RS METROPOLITANA,MACRORREGIONAL LESTE,38,8,0,2,2,1
HOSPITAL E MATERNIDADE MUNICIPAL DE SAO JOSE DOS PINHAIS,SAO JOSE DOS PINHAIS,2a RS METROPOLITANA,MACRORREGIONAL LESTE,39,2,0,0,0,0
HOSPITAL E MATERNIDADE MUNICIPAL PAPA FRANCISCO,PINHAIS,2a RS METROPOLITANA,MACRORREGIONAL LESTE,22,1,0,1,1,1
HOSPITAL E MATERNIDADE MUNICIPAL PAPA FRANCISCO,PINHAIS,2a RS METROPOLITANA,MACRORREGIONAL LESTE,23,2,0,2,1,2
HOSPITAL E MATERNIDADE MUNICIPAL PAPA FRANCISCO,PINHAIS,2a RS METROPOLITANA,MACRORREGIONAL LESTE,25,1,0,1,0,0
HOSPITAL E MATERNIDADE MUNICIPAL PAPA FRANCISCO,PINHAIS,2a RS METROPOLITANA,MACRORREGIONAL LESTE,26,2,0,2,2,2
HOSPITAL E MATERNIDADE MUNICIPAL PAPA FRANCISCO,PINHAIS,2a RS METROPOLITANA,MACRORREGIONAL LESTE,27,1,0,0,1,1
HOSPITAL E MATERNIDADE MUNICIPAL PAPA FRANCISCO,PINHAIS,2a RS METROPOLITANA,MACRORREGIONAL LESTE,28,1,0,1,1,1
HOSPITAL E MATERNIDADE MUNICIPAL PAPA FRANCISCO,PINHAIS,2a RS METROPOLITANA,MACRORREGIONAL LESTE,29,5,0,4,4,3
HOSPITAL E MATERNIDADE MUNICIPAL PAPA FRANCISCO,PINHAIS,2a RS METROPOLITANA,MACRORREGIONAL LESTE,30,2,1,1,2,0
HOSPITAL E MATERNIDADE MUNICIPAL PAPA FRANCISCO,PINHAIS,2a RS METROPOLITANA,MACRORREGIONAL LESTE,31,1,0,1,1,1
HOSPITAL E MATERNIDADE MUNICIPAL PAPA FRANCISCO,PINHAIS,2a RS METROPOLITANA,MACRORREGIONAL LESTE,33,1,0,1,0,0
HOSPITAL E MATERNIDADE MUNICIPAL PAPA FRANCISCO,PINHAIS,2a RS METROPOLITANA,MACRORREGIONAL LESTE,34,3,0,3,1,0
HOSPITAL E MATERNIDADE MUNICIPAL PAPA FRANCISCO,PINHAIS,2a RS METROPOLITANA,MACRORREGIONAL LESTE,36,1,0,1,0,0
HOSPITAL E MATERNIDADE MUNICIPAL PAPA FRANCISCO,PINHAIS,2a RS METROPOLITANA,MACRORREGIONAL LESTE,37,3,0,3,0,2
HOSPITAL E MATERNIDADE MUNICIPAL PAPA FRANCISCO,PINHAIS,2a RS METROPOLITANA,MACRORREGIONAL LESTE,38,2,0,1,0,1
HOSPITAL E MATERNIDADE MUNICIPAL PAPA FRANCISCO,PINHAIS,2a RS METROPOLITANA,MACRORREGIONAL LESTE,39,2,0,0,1,0
HOSPITAL E MATERNIDADE SANTA BRIGIDA,CURITIBA,2a RS METROPOLITANA,MACRORREGIONAL LESTE,16,3,0,3,3,3
HOSPITAL E MATERNIDADE SANTA BRIGIDA,CURITIBA,2a RS METROPOLITANA,MACRORREGIONAL LESTE,20,2,0,2,0,2
HOSPITAL E MATERNIDADE SANTA BRIGIDA,CURITIBA,2a RS METROPOLITANA,MACRORREGIONAL LESTE,31,2,0,0,2,0
HOSPITAL E MATERNIDADE SANTA MADALENA SOFIA,CURITIBA,2a RS METROPOLITANA,MACRORREGIONAL LESTE,34,1,0,1,0,0
HOSPITAL ERASTO GAERTNER,CURITIBA,2a RS METROPOLITANA,MACRORREGIONAL LESTE,2,1,0,1,1,1
HOSPITAL ERASTO GAERTNER,CURITIBA,2a RS METROPOLITANA,MACRORREGIONAL LESTE,23,2,1,2,2,2
HOSPITAL ERASTO GAERTNER,CURITIBA,2a RS METROPOLITANA,MACRORREGIONAL LESTE,24,2,0,2,0,2
HOSPITAL ERASTO GAERTNER,CURITIBA,2a RS METROPOLITANA,MACRORREGIONAL LESTE,25,1,1,1,1,1
HOSPITAL ERASTO GAERTNER,CURITIBA,2a RS METROPOLITANA,MACRORREGIONAL LESTE,26,6,1,4,4,5
HOSPITAL ERASTO GAERTNER,CURITIBA,2a RS METROPOLITANA,MACRORREGIONAL LESTE,27,2,0,1,2,2
HOSPITAL ERASTO GAERTNER,CURITIBA,2a RS METROPOLITANA,MACRORREGIONAL LESTE,29,1,1,1,1,1
HOSPITAL ERASTO GAERTNER,CURITIBA,2a RS METROPOLITANA,MACRORREGIONAL LESTE,31,1,0,1,0,0
HOSPITAL ERASTO GAERTNER,CURITIBA,2a RS METROPOLITANA,MACRORREGIONAL LESTE,32,1,0,1,1,1
HOSPITAL ERASTO GAERTNER,CURITIBA,2a RS METROPOLITANA,MACRORREGIONAL LESTE,33,1,0,1,1,0
HOSPITAL ERASTO GAERTNER,CURITIBA,2a RS METROPOLITANA,MACRORREGIONAL LESTE,35,1,0,1,0,1
HOSPITAL ERASTO GAERTNER,CURITIBA,2a RS METROPOLITANA,MACRORREGIONAL LESTE,36,2,0,2,0,2
HOSPITAL ERASTO GAERTNER,CURITIBA,2a RS METROPOLITANA,MACRORREGIONAL LESTE,37,2,0,2,2,2
HOSPITAL INC,CURITIBA,2a RS METROPOLITANA,MACRORREGIONAL LESTE,7,1,1,1,1,1
HOSPITAL INC,CURITIBA,2a RS METROPOLITANA,MACRORREGIONAL LESTE,19,3,0,3,3,3
HOSPITAL INC,CURITIBA,2a RS METROPOLITANA,MACRORREGIONAL LESTE,20,2,0,2,2,2
HOSPITAL INC,CURITIBA,2a RS METROPOLITANA,MACRORREGIONAL LESTE,21,2,0,2,1,2
HOSPITAL INC,CURITIBA,2a RS METROPOLITANA,MACRORREGIONAL LESTE,23,1,0,1,0,1
HOSPITAL INC,CURITIBA,2a RS METROPOLITANA,MACRORREGIONAL LESTE,24,2,0,2,1,2
HOSPITAL INC,CURITIBA,2a RS METROPOLITANA,MACRORREGIONAL LESTE,28,1,1,1,1,1
HOSPITAL INC,CURITIBA,2a RS METROPOLITANA,MACRORREGIONAL LESTE,30,1,0,1,1,1
HOSPITAL INC,CURITIBA,2a RS METROPOLITANA,MACRORREGIONAL LESTE,32,3,0,3,2,3
HOSPITAL INC,CURITIBA,2a RS METROPOLITANA,MACRORREGIONAL LESTE,34,1,0,1,0,1
HOSPITAL INC,CURITIBA,2a RS METROPOLITANA,MACRORREGIONAL LESTE,35,1,0,1,1,1
HOSPITAL INFANTIL DOUTOR WALDEMAR MONASTIER,CAMPO LARGO,2a RS METROPOLITANA,MACRORREGIONAL LESTE,1,1,0,1,1,0
HOSPITAL INFANTIL DOUTOR WALDEMAR MONASTIER,CAMPO LARGO,2a RS METROPOLITANA,MACRORREGIONAL LESTE,2,3,0,3,1,2
HOSPITAL INFANTIL DOUTOR WALDEMAR MONASTIER,CAMPO LARGO,2a RS METROPOLITANA,MACRORREGIONAL LESTE,3,4,0,4,1,2
HOSPITAL INFANTIL DOUTOR WALDEMAR MONASTIER,CAMPO LARGO,2a RS METROPOLITANA,MACRORREGIONAL LESTE,4,3,0,3,1,3
HOSPITAL INFANTIL DOUTOR WALDEMAR MONASTIER,CAMPO LARGO,2a RS METROPOLITANA,MACRORREGIONAL LESTE,5,4,0,4,1,3
HOSPITAL INFANTIL DOUTOR WALDEMAR MONASTIER,CAMPO LARGO,2a RS METROPOLITANA,MACRORREGIONAL LESTE,6,2,0,2,0,1
HOSPITAL INFANTIL DOUTOR WALDEMAR MONASTIER,CAMPO LARGO,2a RS METROPOLITANA,MACRORREGIONAL LESTE,7,14,0,14,4,10
HOSPITAL INFANTIL DOUTOR WALDEMAR MONASTIER,CAMPO LARGO,2a RS METROPOLITANA,MACRORREGIONAL LESTE,8,10,0,10,5,7
HOSPITAL INFANTIL DOUTOR WALDEMAR MONASTIER,CAMPO LARGO,2a RS METROPOLITANA,MACRORREGIONAL LESTE,9,15,0,15,3,10
HOSPITAL INFANTIL DOUTOR WALDEMAR MONASTIER,CAMPO LARGO,2a RS METROPOLITANA,MACRORREGIONAL LESTE,10,8,0,8,2,5
HOSPITAL INFANTIL DOUTOR WALDEMAR MONASTIER,CAMPO LARGO,2a RS METROPOLITANA,MACRORREGIONAL LESTE,11,10,0,10,1,7
HOSPITAL INFANTIL DOUTOR WALDEMAR MONASTIER,CAMPO LARGO,2a RS METROPOLITANA,MACRORREGIONAL LESTE,12,8,0,8,2,7
HOSPITAL INFANTIL DOUTOR WALDEMAR MONASTIER,CAMPO LARGO,2a RS METROPOLITANA,MACRORREGIONAL LESTE,13,8,0,7,5,6
HOSPITAL INFANTIL DOUTOR WALDEMAR MONASTIER,CAMPO LARGO,2a RS METROPOLITANA,MACRORREGIONAL LESTE,14,13,0,13,5,11
HOSPITAL INFANTIL DOUTOR WALDEMAR MONASTIER,CAMPO LARGO,2a RS METROPOLITANA,MACRORREGIONAL LESTE,15,13,0,13,8,13
HOSPITAL INFANTIL DOUTOR WALDEMAR MONASTIER,CAMPO LARGO,2a RS METROPOLITANA,MACRORREGIONAL LESTE,16,11,0,11,4,11
HOSPITAL INFANTIL DOUTOR WALDEMAR MONASTIER,CAMPO LARGO,2a RS METROPOLITANA,MACRORREGIONAL LESTE,17,10,0,10,2,9
HOSPITAL INFANTIL DOUTOR WALDEMAR MONASTIER,CAMPO LARGO,2a RS METROPOLITANA,MACRORREGIONAL LESTE,18,14,0,13,6,12
HOSPITAL INFANTIL DOUTOR WALDEMAR MONASTIER,CAMPO LARGO,2a RS METROPOLITANA,MACRORREGIONAL LESTE,19,6,0,6,2,5
HOSPITAL INFANTIL DOUTOR WALDEMAR MONASTIER,CAMPO LARGO,2a RS METROPOLITANA,MACRORREGIONAL LESTE,20,11,0,11,4,11
HOSPITAL INFANTIL DOUTOR WALDEMAR MONASTIER,CAMPO LARGO,2a RS METROPOLITANA,MACRORREGIONAL LESTE,21,13,0,13,7,13
HOSPITAL INFANTIL DOUTOR WALDEMAR MONASTIER,CAMPO LARGO,2a RS METROPOLITANA,MACRORREGIONAL LESTE,22,9,0,9,0,9
HOSPITAL INFANTIL DOUTOR WALDEMAR MONASTIER,CAMPO LARGO,2a RS METROPOLITANA,MACRORREGIONAL LESTE,23,8,0,8,5,8
HOSPITAL INFANTIL DOUTOR WALDEMAR MONASTIER,CAMPO LARGO,2a RS METROPOLITANA,MACRORREGIONAL LESTE,24,11,0,11,6,10
HOSPITAL INFANTIL DOUTOR WALDEMAR MONASTIER,CAMPO LARGO,2a RS METROPOLITANA,MACRORREGIONAL LESTE,25,13,0,12,5,12
HOSPITAL INFANTIL DOUTOR WALDEMAR MONASTIER,CAMPO LARGO,2a RS METROPOLITANA,MACRORREGIONAL LESTE,26,13,0,13,4,13
HOSPITAL INFANTIL DOUTOR WALDEMAR MONASTIER,CAMPO LARGO,2a RS METROPOLITANA,MACRORREGIONAL LESTE,27,10,0,10,5,7
HOSPITAL INFANTIL DOUTOR WALDEMAR MONASTIER,CAMPO LARGO,2a RS METROPOLITANA,MACRORREGIONAL LESTE,28,16,0,15,4,10
HOSPITAL INFANTIL DOUTOR WALDEMAR MONASTIER,CAMPO LARGO,2a RS METROPOLITANA,MACRORREGIONAL LESTE,29,11,0,11,4,10
HOSPITAL INFANTIL DOUTOR WALDEMAR MONASTIER,CAMPO LARGO,2a RS METROPOLITANA,MACRORREGIONAL LESTE,30,2,0,2,0,2
HOSPITAL INFANTIL DOUTOR WALDEMAR MONASTIER,CAMPO LARGO,2a RS METROPOLITANA,MACRORREGIONAL LESTE,31,10,0,10,4,6
HOSPITAL INFANTIL DOUTOR WALDEMAR MONASTIER,CAMPO LARGO,2a RS METROPOLITANA,MACRORREGIONAL LESTE,32,9,0,8,2,3
HOSPITAL INFANTIL DOUTOR WALDEMAR MONASTIER,CAMPO LARGO,2a RS METROPOLITANA,MACRORREGIONAL LESTE,33,8,0,6,5,4
HOSPITAL INFANTIL DOUTOR WALDEMAR MONASTIER,CAMPO LARGO,2a RS METROPOLITANA,MACRORREGIONAL LESTE,34,10,0,10,3,7
HOSPITAL INFANTIL DOUTOR WALDEMAR MONASTIER,CAMPO LARGO,2a RS METROPOLITANA,MACRORREGIONAL LESTE,35,2,0,1,0,0
HOSPITAL INFANTIL DOUTOR WALDEMAR MONASTIER,CAMPO LARGO,2a RS METROPOLITANA,MACRORREGIONAL LESTE,36,8,0,6,3,4
HOSPITAL INFANTIL DOUTOR WALDEMAR MONASTIER,CAMPO LARGO,2a RS METROPOLITANA,MACRORREGIONAL LESTE,37,6,0,4,2,1
HOSPITAL INFANTIL DOUTOR WALDEMAR MONASTIER,CAMPO LARGO,2a RS METROPOLITANA,MACRORREGIONAL LESTE,38,9,0,0,3,0
HOSPITAL INFANTIL DOUTOR WALDEMAR MONASTIER,CAMPO LARGO,2a RS METROPOLITANA,MACRORREGIONAL LESTE,39,3,0,0,2,0
HOSPITAL INFANTIL PEQUENO PRINCIPE,CURITIBA,2a RS METROPOLITANA,MACRORREGIONAL LESTE,1,22,1,22,5,5
HOSPITAL INFANTIL PEQUENO PRINCIPE,CURITIBA,2a RS METROPOLITANA,MACRORREGIONAL LESTE,2,17,0,17,9,4
HOSPITAL INFANTIL PEQUENO PRINCIPE,CURITIBA,2a RS METROPOLITANA,MACRORREGIONAL LESTE,3,18,0,18,4,10
HOSPITAL INFANTIL PEQUENO PRINCIPE,CURITIBA,2a RS METROPOLITANA,MACRORREGIONAL LESTE,4,20,0,20,5,2
HOSPITAL INFANTIL PEQUENO PRINCIPE,CURITIBA,2a RS METROPOLITANA,MACRORREGIONAL LESTE,5,22,0,22,4,4
HOSPITAL INFANTIL PEQUENO PRINCIPE,CURITIBA,2a RS METROPOLITANA,MACRORREGIONAL LESTE,6,22,0,22,3,7
HOSPITAL INFANTIL PEQUENO PRINCIPE,CURITIBA,2a RS METROPOLITANA,MACRORREGIONAL LESTE,7,18,0,17,2,6
HOSPITAL INFANTIL PEQUENO PRINCIPE,CURITIBA,2a RS METROPOLITANA,MACRORREGIONAL LESTE,8,48,0,48,8,15
HOSPITAL INFANTIL PEQUENO PRINCIPE,CURITIBA,2a RS METROPOLITANA,MACRORREGIONAL LESTE,9,58,1,58,8,13
HOSPITAL INFANTIL PEQUENO PRINCIPE,CURITIBA,2a RS METROPOLITANA,MACRORREGIONAL LESTE,10,54,0,54,5,19
HOSPITAL INFANTIL PEQUENO PRINCIPE,CURITIBA,2a RS METROPOLITANA,MACRORREGIONAL LESTE,11,42,0,39,6,16
HOSPITAL INFANTIL PEQUENO PRINCIPE,CURITIBA,2a RS METROPOLITANA,MACRORREGIONAL LESTE,12,48,0,47,0,7
HOSPITAL INFANTIL PEQUENO PRINCIPE,CURITIBA,2a RS METROPOLITANA,MACRORREGIONAL LESTE,13,53,0,48,3,23
HOSPITAL INFANTIL PEQUENO PRINCIPE,CURITIBA,2a RS METROPOLITANA,MACRORREGIONAL LESTE,14,34,0,27,2,16
HOSPITAL INFANTIL PEQUENO PRINCIPE,CURITIBA,2a RS METROPOLITANA,MACRORREGIONAL LESTE,15,55,0,27,11,20
HOSPITAL INFANTIL PEQUENO PRINCIPE,CURITIBA,2a RS METROPOLITANA,MACRORREGIONAL LESTE,16,55,0,36,6,23
HOSPITAL INFANTIL PEQUENO PRINCIPE,CURITIBA,2a RS METROPOLITANA,MACRORREGIONAL LESTE,17,53,0,30,0,20
HOSPITAL INFANTIL PEQUENO PRINCIPE,CURITIBA,2a RS METROPOLITANA,MACRORREGIONAL LESTE,18,53,0,29,5,21
HOSPITAL INFANTIL PEQUENO PRINCIPE,CURITIBA,2a RS METROPOLITANA,MACRORREGIONAL LESTE,19,74,0,33,4,32
HOSPITAL INFANTIL PEQUENO PRINCIPE,CURITIBA,2a RS METROPOLITANA,MACRORREGIONAL LESTE,20,75,0,54,2,36
HOSPITAL INFANTIL PEQUENO PRINCIPE,CURITIBA,2a RS METROPOLITANA,MACRORREGIONAL LESTE,21,58,0,28,0,25
HOSPITAL INFANTIL PEQUENO PRINCIPE,CURITIBA,2a RS METROPOLITANA,MACRORREGIONAL LESTE,22,71,0,19,4,33
HOSPITAL INFANTIL PEQUENO PRINCIPE,CURITIBA,2a RS METROPOLITANA,MACRORREGIONAL LESTE,23,71,1,33,3,46
HOSPITAL INFANTIL PEQUENO PRINCIPE,CURITIBA,2a RS METROPOLITANA,MACRORREGIONAL LESTE,24,81,0,48,3,45
HOSPITAL INFANTIL PEQUENO PRINCIPE,CURITIBA,2a RS METROPOLITANA,MACRORREGIONAL LESTE,25,75,0,59,7,44
HOSPITAL INFANTIL PEQUENO PRINCIPE,CURITIBA,2a RS METROPOLITANA,MACRORREGIONAL LESTE,26,65,0,64,15,36
HOSPITAL INFANTIL PEQUENO PRINCIPE,CURITIBA,2a RS METROPOLITANA,MACRORREGIONAL LESTE,27,65,1,61,17,30
HOSPITAL INFANTIL PEQUENO PRINCIPE,CURITIBA,2a RS METROPOLITANA,MACRORREGIONAL LESTE,28,63,0,48,12,34
HOSPITAL INFANTIL PEQUENO PRINCIPE,CURITIBA,2a RS METROPOLITANA,MACRORREGIONAL LESTE,29,57,0,20,12,23
HOSPITAL INFANTIL PEQUENO PRINCIPE,CURITIBA,2a RS METROPOLITANA,MACRORREGIONAL LESTE,30,38,0,31,9,11
HOSPITAL INFANTIL PEQUENO PRINCIPE,CURITIBA,2a RS METROPOLITANA,MACRORREGIONAL LESTE,31,57,0,52,8,23
HOSPITAL INFANTIL PEQUENO PRINCIPE,CURITIBA,2a RS METROPOLITANA,MACRORREGIONAL LESTE,32,53,0,32,8,11
HOSPITAL INFANTIL PEQUENO PRINCIPE,CURITIBA,2a RS METROPOLITANA,MACRORREGIONAL LESTE,33,45,0,1,2,14
HOSPITAL INFANTIL PEQUENO PRINCIPE,CURITIBA,2a RS METROPOLITANA,MACRORREGIONAL LESTE,34,53,0,0,4,13
HOSPITAL INFANTIL PEQUENO PRINCIPE,CURITIBA,2a RS METROPOLITANA,MACRORREGIONAL LESTE,35,48,0,0,5,14
HOSPITAL INFANTIL PEQUENO PRINCIPE,CURITIBA,2a RS METROPOLITANA,MACRORREGIONAL LESTE,36,31,0,0,3,9
HOSPITAL INFANTIL PEQUENO PRINCIPE,CURITIBA,2a RS METROPOLITANA,MACRORREGIONAL LESTE,37,8,0,0,0,1
HOSPITAL MATERNIDADE ALTO MARACANA,COLOMBO,2a RS METROPOLITANA,MACRORREGIONAL LESTE,4,1,0,1,0,0
HOSPITAL MATERNIDADE ALTO MARACANA,COLOMBO,2a RS METROPOLITANA,MACRORREGIONAL LESTE,7,2,0,2,0,1
HOSPITAL MATERNIDADE ALTO MARACANA,COLOMBO,2a RS METROPOLITANA,MACRORREGIONAL LESTE,9,2,0,2,0,2
HOSPITAL MATERNIDADE ALTO MARACANA,COLOMBO,2a RS METROPOLITANA,MACRORREGIONAL LESTE,17,1,0,1,0,0
HOSPITAL MATERNIDADE ALTO MARACANA,COLOMBO,2a RS METROPOLITANA,MACRORREGIONAL LESTE,20,1,0,1,0,1
HOSPITAL MATERNIDADE ALTO MARACANA,COLOMBO,2a RS METROPOLITANA,MACRORREGIONAL LESTE,21,1,0,1,0,1
HOSPITAL MATERNIDADE ALTO MARACANA,COLOMBO,2a RS METROPOLITANA,MACRORREGIONAL LESTE,23,3,0,3,0,2
HOSPITAL MATERNIDADE ALTO MARACANA,COLOMBO,2a RS METROPOLITANA,MACRORREGIONAL LESTE,24,2,0,2,0,2
HOSPITAL MATERNIDADE ALTO MARACANA,COLOMBO,2a RS METROPOLITANA,MACRORREGIONAL LESTE,25,1,0,1,0,0
HOSPITAL MENINO DEUS,CURITIBA,2a RS METROPOLITANA,MACRORREGIONAL LESTE,4,2,0,2,0,2
HOSPITAL MENINO DEUS,CURITIBA,2a RS METROPOLITANA,MACRORREGIONAL LESTE,6,1,0,1,0,0
HOSPITAL MENINO DEUS,CURITIBA,2a RS METROPOLITANA,MACRORREGIONAL LESTE,8,1,0,1,0,0
HOSPITAL MENINO DEUS,CURITIBA,2a RS METROPOLITANA,MACRORREGIONAL LESTE,9,2,0,2,0,0
HOSPITAL MENINO DEUS,CURITIBA,2a RS METROPOLITANA,MACRORREGIONAL LESTE,10,2,0,2,0,1
HOSPITAL MENINO DEUS,CURITIBA,2a RS METROPOLITANA,MACRORREGIONAL LESTE,11,4,0,4,0,2
HOSPITAL MENINO DEUS,CURITIBA,2a RS METROPOLITANA,MACRORREGIONAL LESTE,13,4,0,4,0,4
HOSPITAL MENINO DEUS,CURITIBA,2a RS METROPOLITANA,MACRORREGIONAL LESTE,14,3,0,3,0,3
HOSPITAL MENINO DEUS,CURITIBA,2a RS METROPOLITANA,MACRORREGIONAL LESTE,15,9,0,7,0,8
HOSPITAL MENINO DEUS,CURITIBA,2a RS METROPOLITANA,MACRORREGIONAL LESTE,16,3,0,2,0,2
HOSPITAL MENINO DEUS,CURITIBA,2a RS METROPOLITANA,MACRORREGIONAL LESTE,17,6,0,4,0,5
HOSPITAL MENINO DEUS,CURITIBA,2a RS METROPOLITANA,MACRORREGIONAL LESTE,18,2,0,1,0,2
HOSPITAL MENINO DEUS,CURITIBA,2a RS METROPOLITANA,MACRORREGIONAL LESTE,19,8,0,5,0,7
HOSPITAL MENINO DEUS,CURITIBA,2a RS METROPOLITANA,MACRORREGIONAL LESTE,20,5,0,3,0,4
HOSPITAL MENINO DEUS,CURITIBA,2a RS METROPOLITANA,MACRORREGIONAL LESTE,21,8,0,3,0,2
HOSPITAL MENINO DEUS,CURITIBA,2a RS METROPOLITANA,MACRORREGIONAL LESTE,22,4,0,3,0,0
HOSPITAL MENINO DEUS,CURITIBA,2a RS METROPOLITANA,MACRORREGIONAL LESTE,23,3,0,2,0,1
HOSPITAL MENINO DEUS,CURITIBA,2a RS METROPOLITANA,MACRORREGIONAL LESTE,26,2,0,0,0,0
HOSPITAL MENINO DEUS,CURITIBA,2a RS METROPOLITANA,MACRORREGIONAL LESTE,27,1,0,1,0,1
HOSPITAL MENINO DEUS,CURITIBA,2a RS METROPOLITANA,MACRORREGIONAL LESTE,28,1,0,0,0,0
HOSPITAL MUNICIPAL DE ARAUCARIA,ARAUCARIA,2a RS METROPOLITANA,MACRORREGIONAL LESTE,1,2,0,2,0,2
HOSPITAL MUNICIPAL DE ARAUCARIA,ARAUCARIA,2a RS METROPOLITANA,MACRORREGIONAL LESTE,3,1,0,1,0,1
HOSPITAL MUNICIPAL DE ARAUCARIA,ARAUCARIA,2a RS METROPOLITANA,MACRORREGIONAL LESTE,4,1,0,1,1,0
HOSPITAL MUNICIPAL DE ARAUCARIA,ARAUCARIA,2a RS METROPOLITANA,MACRORREGIONAL LESTE,5,2,0,2,0,2
HOSPITAL MUNICIPAL DE ARAUCARIA,ARAUCARIA,2a RS METROPOLITANA,MACRORREGIONAL LESTE,6,4,1,4,1,0
HOSPITAL MUNICIPAL DE ARAUCARIA,ARAUCARIA,2a RS METROPOLITANA,MACRORREGIONAL LESTE,7,10,0,10,0,10
HOSPITAL MUNICIPAL DE ARAUCARIA,ARAUCARIA,2a RS METROPOLITANA,MACRORREGIONAL LESTE,8,4,0,4,0,3
HOSPITAL MUNICIPAL DE ARAUCARIA,ARAUCARIA,2a RS METROPOLITANA,MACRORREGIONAL LESTE,9,8,0,8,0,7
HOSPITAL MUNICIPAL DE ARAUCARIA,ARAUCARIA,2a RS METROPOLITANA,MACRORREGIONAL LESTE,10,7,1,7,2,5
HOSPITAL MUNICIPAL DE ARAUCARIA,ARAUCARIA,2a RS METROPOLITANA,MACRORREGIONAL LESTE,11,6,0,6,0,4
HOSPITAL MUNICIPAL DE ARAUCARIA,ARAUCARIA,2a RS METROPOLITANA,MACRORREGIONAL LESTE,12,3,0,3,1,2
HOSPITAL MUNICIPAL DE ARAUCARIA,ARAUCARIA,2a RS METROPOLITANA,MACRORREGIONAL LESTE,13,8,0,8,1,4
HOSPITAL MUNICIPAL DE ARAUCARIA,ARAUCARIA,2a RS METROPOLITANA,MACRORREGIONAL LESTE,14,7,1,7,2,4
HOSPITAL MUNICIPAL DE ARAUCARIA,ARAUCARIA,2a RS METROPOLITANA,MACRORREGIONAL LESTE,15,5,0,5,0,5
HOSPITAL MUNICIPAL DE ARAUCARIA,ARAUCARIA,2a RS METROPOLITANA,MACRORREGIONAL LESTE,16,10,0,10,2,8
HOSPITAL MUNICIPAL DE ARAUCARIA,ARAUCARIA,2a RS METROPOLITANA,MACRORREGIONAL LESTE,17,7,1,7,2,3
HOSPITAL MUNICIPAL DE ARAUCARIA,ARAUCARIA,2a RS METROPOLITANA,MACRORREGIONAL LESTE,18,5,0,5,0,4
HOSPITAL MUNICIPAL DE ARAUCARIA,ARAUCARIA,2a RS METROPOLITANA,MACRORREGIONAL LESTE,19,10,0,10,3,7
HOSPITAL MUNICIPAL DE ARAUCARIA,ARAUCARIA,2a RS METROPOLITANA,MACRORREGIONAL LESTE,20,11,0,11,3,8
HOSPITAL MUNICIPAL DE ARAUCARIA,ARAUCARIA,2a RS METROPOLITANA,MACRORREGIONAL LESTE,21,13,0,13,2,11
HOSPITAL MUNICIPAL DE ARAUCARIA,ARAUCARIA,2a RS METROPOLITANA,MACRORREGIONAL LESTE,22,20,0,20,6,10
HOSPITAL MUNICIPAL DE ARAUCARIA,ARAUCARIA,2a RS METROPOLITANA,MACRORREGIONAL LESTE,23,11,0,11,0,8
HOSPITAL MUNICIPAL DE ARAUCARIA,ARAUCARIA,2a RS METROPOLITANA,MACRORREGIONAL LESTE,24,16,0,16,2,10
HOSPITAL MUNICIPAL DE ARAUCARIA,ARAUCARIA,2a RS METROPOLITANA,MACRORREGIONAL LESTE,25,19,0,19,3,13
HOSPITAL MUNICIPAL DE ARAUCARIA,ARAUCARIA,2a RS METROPOLITANA,MACRORREGIONAL LESTE,26,16,0,16,2,14
HOSPITAL MUNICIPAL DE ARAUCARIA,ARAUCARIA,2a RS METROPOLITANA,MACRORREGIONAL LESTE,27,21,0,21,4,17
HOSPITAL MUNICIPAL DE ARAUCARIA,ARAUCARIA,2a RS METROPOLITANA,MACRORREGIONAL LESTE,28,9,0,9,2,8
HOSPITAL MUNICIPAL DE ARAUCARIA,ARAUCARIA,2a RS METROPOLITANA,MACRORREGIONAL LESTE,29,8,0,8,0,7
HOSPITAL MUNICIPAL DE ARAUCARIA,ARAUCARIA,2a RS METROPOLITANA,MACRORREGIONAL LESTE,30,3,0,2,0,1
HOSPITAL MUNICIPAL DE ARAUCARIA,ARAUCARIA,2a RS METROPOLITANA,MACRORREGIONAL LESTE,31,8,0,8,1,4
HOSPITAL MUNICIPAL DE ARAUCARIA,ARAUCARIA,2a RS METROPOLITANA,MACRORREGIONAL LESTE,32,4,0,4,0,3
HOSPITAL MUNICIPAL DE ARAUCARIA,ARAUCARIA,2a RS METROPOLITANA,MACRORREGIONAL LESTE,33,4,0,4,1,3
HOSPITAL MUNICIPAL DE ARAUCARIA,ARAUCARIA,2a RS METROPOLITANA,MACRORREGIONAL LESTE,34,3,0,3,0,2
HOSPITAL MUNICIPAL DE ARAUCARIA,ARAUCARIA,2a RS METROPOLITANA,MACRORREGIONAL LESTE,35,3,0,3,0,3
HOSPITAL MUNICIPAL DE ARAUCARIA,ARAUCARIA,2a RS METROPOLITANA,MACRORREGIONAL LESTE,36,7,0,7,1,3
HOSPITAL MUNICIPAL DE ARAUCARIA,ARAUCARIA,2a RS METROPOLITANA,MACRORREGIONAL LESTE,37,4,0,0,0,0
HOSPITAL MUNICIPAL DE ARAUCARIA,ARAUCARIA,2a RS METROPOLITANA,MACRORREGIONAL LESTE,38,4,0,1,0,1
HOSPITAL MUNICIPAL DE ARAUCARIA,ARAUCARIA,2a RS METROPOLITANA,MACRORREGIONAL LESTE,39,4,0,0,0,0
HOSPITAL ONIX,CURITIBA,2a RS METROPOLITANA,MACRORREGIONAL LESTE,1,1,0,1,1,0
HOSPITAL ONIX,CURITIBA,2a RS METROPOLITANA,MACRORREGIONAL LESTE,2,2,0,2,2,1
HOSPITAL ONIX,CURITIBA,2a RS METROPOLITANA,MACRORREGIONAL LESTE,3,2,0,2,2,2
HOSPITAL ONIX,CURITIBA,2a RS METROPOLITANA,MACRORREGIONAL LESTE,4,1,0,1,1,1
HOSPITAL ONIX,CURITIBA,2a RS METROPOLITANA,MACRORREGIONAL LESTE,6,2,0,2,2,1
HOSPITAL ONIX,CURITIBA,2a RS METROPOLITANA,MACRORREGIONAL LESTE,7,1,0,1,1,0
HOSPITAL ONIX,CURITIBA,2a RS METROPOLITANA,MACRORREGIONAL LESTE,8,10,0,10,9,9
HOSPITAL ONIX,CURITIBA,2a RS METROPOLITANA,MACRORREGIONAL LESTE,9,11,1,11,7,8
HOSPITAL ONIX,CURITIBA,2a RS METROPOLITANA,MACRORREGIONAL LESTE,10,2,0,2,1,1
HOSPITAL ONIX,CURITIBA,2a RS METROPOLITANA,MACRORREGIONAL LESTE,11,1,0,1,1,1
HOSPITAL ONIX,CURITIBA,2a RS METROPOLITANA,MACRORREGIONAL LESTE,12,4,0,4,3,2
HOSPITAL ONIX,CURITIBA,2a RS METROPOLITANA,MACRORREGIONAL LESTE,13,4,0,4,3,3
HOSPITAL ONIX,CURITIBA,2a RS METROPOLITANA,MACRORREGIONAL LESTE,14,4,0,4,0,4
HOSPITAL ONIX,CURITIBA,2a RS METROPOLITANA,MACRORREGIONAL LESTE,15,9,0,9,3,9
HOSPITAL ONIX,CURITIBA,2a RS METROPOLITANA,MACRORREGIONAL LESTE,16,7,0,7,2,7
HOSPITAL ONIX,CURITIBA,2a RS METROPOLITANA,MACRORREGIONAL LESTE,17,9,0,9,4,5
HOSPITAL ONIX,CURITIBA,2a RS METROPOLITANA,MACRORREGIONAL LESTE,18,9,0,9,4,6
HOSPITAL ONIX,CURITIBA,2a RS METROPOLITANA,MACRORREGIONAL LESTE,19,5,0,5,3,3
HOSPITAL ONIX,CURITIBA,2a RS METROPOLITANA,MACRORREGIONAL LESTE,20,8,0,8,4,2
HOSPITAL ONIX,CURITIBA,2a RS METROPOLITANA,MACRORREGIONAL LESTE,21,14,0,14,6,11
HOSPITAL ONIX,CURITIBA,2a RS METROPOLITANA,MACRORREGIONAL LESTE,22,16,0,16,5,11
HOSPITAL ONIX,CURITIBA,2a RS METROPOLITANA,MACRORREGIONAL LESTE,23,10,0,10,4,7
HOSPITAL ONIX,CURITIBA,2a RS METROPOLITANA,MACRORREGIONAL LESTE,24,9,0,9,3,8
HOSPITAL ONIX,CURITIBA,2a RS METROPOLITANA,MACRORREGIONAL LESTE,25,16,0,16,5,14
HOSPITAL ONIX,CURITIBA,2a RS METROPOLITANA,MACRORREGIONAL LESTE,26,13,0,13,5,8
HOSPITAL ONIX,CURITIBA,2a RS METROPOLITANA,MACRORREGIONAL LESTE,27,13,0,13,1,9
HOSPITAL ONIX,CURITIBA,2a RS METROPOLITANA,MACRORREGIONAL LESTE,28,5,0,5,2,4
HOSPITAL ONIX,CURITIBA,2a RS METROPOLITANA,MACRORREGIONAL LESTE,29,7,0,7,2,6
HOSPITAL ONIX,CURITIBA,2a RS METROPOLITANA,MACRORREGIONAL LESTE,30,3,0,3,1,2
HOSPITAL ONIX,CURITIBA,2a RS METROPOLITANA,MACRORREGIONAL LESTE,31,5,0,5,3,3
HOSPITAL ONIX,CURITIBA,2a RS METROPOLITANA,MACRORREGIONAL LESTE,32,5,0,5,1,5
HOSPITAL ONIX,CURITIBA,2a RS METROPOLITANA,MACRORREGIONAL LESTE,33,5,0,5,1,2
HOSPITAL ONIX,CURITIBA,2a RS METROPOLITANA,MACRORREGIONAL LESTE,34,8,0,8,5,3
HOSPITAL ONIX,CURITIBA,2a RS METROPOLITANA,MACRORREGIONAL LESTE,35,6,0,1,3,4
HOSPITAL ONIX,CURITIBA,2a RS METROPOLITANA,MACRORREGIONAL LESTE,36,2,0,0,1,0
HOSPITAL ONIX,CURITIBA,2a RS METROPOLITANA,MACRORREGIONAL LESTE,37,3,0,1,0,2
HOSPITAL ONIX,CURITIBA,2a RS METROPOLITANA,MACRORREGIONAL LESTE,38,4,0,0,1,0
HOSPITAL ONIX,CURITIBA,2a RS METROPOLITANA,MACRORREGIONAL LESTE,39,3,0,0,2,0
HOSPITAL PILAR,CURITIBA,2a RS METROPOLITANA,MACRORREGIONAL LESTE,1,3,0,3,3,1
HOSPITAL PILAR,CURITIBA,2a RS METROPOLITANA,MACRORREGIONAL LESTE,2,6,0,6,5,1
HOSPITAL PILAR,CURITIBA,2a RS METROPOLITANA,MACRORREGIONAL LESTE,3,4,0,4,3,0
HOSPITAL PILAR,CURITIBA,2a RS METROPOLITANA,MACRORREGIONAL LESTE,4,3,1,3,1,0
HOSPITAL PILAR,CURITIBA,2a RS METROPOLITANA,MACRORREGIONAL LESTE,5,4,0,4,3,1
HOSPITAL PILAR,CURITIBA,2a RS METROPOLITANA,MACRORREGIONAL LESTE,6,2,0,2,2,0
HOSPITAL PILAR,CURITIBA,2a RS METROPOLITANA,MACRORREGIONAL LESTE,8,2,0,2,0,2
HOSPITAL PILAR,CURITIBA,2a RS METROPOLITANA,MACRORREGIONAL LESTE,9,1,0,1,1,1
HOSPITAL PILAR,CURITIBA,2a RS METROPOLITANA,MACRORREGIONAL LESTE,11,4,0,4,2,4
HOSPITAL PILAR,CURITIBA,2a RS METROPOLITANA,MACRORREGIONAL LESTE,13,5,0,5,3,5
HOSPITAL PILAR,CURITIBA,2a RS METROPOLITANA,MACRORREGIONAL LESTE,15,3,0,3,3,3
HOSPITAL PILAR,CURITIBA,2a RS METROPOLITANA,MACRORREGIONAL LESTE,16,1,0,1,1,1
HOSPITAL PILAR,CURITIBA,2a RS METROPOLITANA,MACRORREGIONAL LESTE,17,1,0,1,0,1
HOSPITAL PILAR,CURITIBA,2a RS METROPOLITANA,MACRORREGIONAL LESTE,18,2,0,2,0,2
HOSPITAL PILAR,CURITIBA,2a RS METROPOLITANA,MACRORREGIONAL LESTE,19,1,0,1,1,1
HOSPITAL PILAR,CURITIBA,2a RS METROPOLITANA,MACRORREGIONAL LESTE,21,5,2,5,4,5
HOSPITAL PILAR,CURITIBA,2a RS METROPOLITANA,MACRORREGIONAL LESTE,22,3,0,3,2,3
HOSPITAL PILAR,CURITIBA,2a RS METROPOLITANA,MACRORREGIONAL LESTE,24,2,0,2,1,2
HOSPITAL PILAR,CURITIBA,2a RS METROPOLITANA,MACRORREGIONAL LESTE,25,1,0,1,0,1
HOSPITAL PILAR,CURITIBA,2a RS METROPOLITANA,MACRORREGIONAL LESTE,26,1,0,1,0,1
HOSPITAL PILAR,CURITIBA,2a RS METROPOLITANA,MACRORREGIONAL LESTE,27,1,0,1,1,1
HOSPITAL PILAR,CURITIBA,2a RS METROPOLITANA,MACRORREGIONAL LESTE,30,1,1,1,1,1
HOSPITAL PILAR,CURITIBA,2a RS METROPOLITANA,MACRORREGIONAL LESTE,32,1,0,1,1,1
HOSPITAL REGIONAL DA LAPA SAO SEBASTIAO,LAPA,2a RS METROPOLITANA,MACRORREGIONAL LESTE,1,1,0,1,1,1
HOSPITAL REGIONAL DA LAPA SAO SEBASTIAO,LAPA,2a RS METROPOLITANA,MACRORREGIONAL LESTE,2,1,0,1,1,0
HOSPITAL REGIONAL DA LAPA SAO SEBASTIAO,LAPA,2a RS METROPOLITANA,MACRORREGIONAL LESTE,4,1,0,1,1,0
HOSPITAL REGIONAL DA LAPA SAO SEBASTIAO,LAPA,2a RS METROPOLITANA,MACRORREGIONAL LESTE,6,2,0,2,2,0
HOSPITAL REGIONAL DA LAPA SAO SEBASTIAO,LAPA,2a RS METROPOLITANA,MACRORREGIONAL LESTE,8,2,0,2,1,0
HOSPITAL REGIONAL DA LAPA SAO SEBASTIAO,LAPA,2a RS METROPOLITANA,MACRORREGIONAL LESTE,9,2,0,1,1,1
HOSPITAL REGIONAL DA LAPA SAO SEBASTIAO,LAPA,2a RS METROPOLITANA,MACRORREGIONAL LESTE,10,3,0,2,3,1
HOSPITAL REGIONAL DA LAPA SAO SEBASTIAO,LAPA,2a RS METROPOLITANA,MACRORREGIONAL LESTE,11,1,0,1,0,1
HOSPITAL REGIONAL DA LAPA SAO SEBASTIAO,LAPA,2a RS METROPOLITANA,MACRORREGIONAL LESTE,14,1,1,1,1,1
HOSPITAL REGIONAL DA LAPA SAO SEBASTIAO,LAPA,2a RS METROPOLITANA,MACRORREGIONAL LESTE,15,3,0,3,2,1
HOSPITAL REGIONAL DA LAPA SAO SEBASTIAO,LAPA,2a RS METROPOLITANA,MACRORREGIONAL LESTE,16,1,1,1,1,1
HOSPITAL REGIONAL DA LAPA SAO SEBASTIAO,LAPA,2a RS METROPOLITANA,MACRORREGIONAL LESTE,17,1,0,1,1,0
HOSPITAL REGIONAL DA LAPA SAO SEBASTIAO,LAPA,2a RS METROPOLITANA,MACRORREGIONAL LESTE,18,1,0,1,1,0
HOSPITAL REGIONAL DA LAPA SAO SEBASTIAO,LAPA,2a RS METROPOLITANA,MACRORREGIONAL LESTE,19,3,0,3,3,2
HOSPITAL REGIONAL DA LAPA SAO SEBASTIAO,LAPA,2a RS METROPOLITANA,MACRORREGIONAL LESTE,20,4,0,4,2,1
HOSPITAL REGIONAL DA LAPA SAO SEBASTIAO,LAPA,2a RS METROPOLITANA,MACRORREGIONAL LESTE,21,2,0,2,1,0
HOSPITAL REGIONAL DA LAPA SAO SEBASTIAO,LAPA,2a RS METROPOLITANA,MACRORREGIONAL LESTE,22,5,0,5,4,1
HOSPITAL REGIONAL DA LAPA SAO SEBASTIAO,LAPA,2a RS METROPOLITANA,MACRORREGIONAL LESTE,24,1,0,1,0,0
HOSPITAL REGIONAL DA LAPA SAO SEBASTIAO,LAPA,2a RS METROPOLITANA,MACRORREGIONAL LESTE,25,2,1,2,1,1
HOSPITAL REGIONAL DA LAPA SAO SEBASTIAO,LAPA,2a RS METROPOLITANA,MACRORREGIONAL LESTE,26,4,0,4,1,0
HOSPITAL REGIONAL DA LAPA SAO SEBASTIAO,LAPA,2a RS METROPOLITANA,MACRORREGIONAL LESTE,27,7,0,7,4,0
HOSPITAL REGIONAL DA LAPA SAO SEBASTIAO,LAPA,2a RS METROPOLITANA,MACRORREGIONAL LESTE,28,5,0,5,1,0
HOSPITAL REGIONAL DA LAPA SAO SEBASTIAO,LAPA,2a RS METROPOLITANA,MACRORREGIONAL LESTE,29,5,0,5,2,2
HOSPITAL REGIONAL DA LAPA SAO SEBASTIAO,LAPA,2a RS METROPOLITANA,MACRORREGIONAL LESTE,30,3,0,3,3,0
HOSPITAL REGIONAL DA LAPA SAO SEBASTIAO,LAPA,2a RS METROPOLITANA,MACRORREGIONAL LESTE,31,1,0,1,1,0
HOSPITAL REGIONAL DA LAPA SAO SEBASTIAO,LAPA,2a RS METROPOLITANA,MACRORREGIONAL LESTE,32,3,0,3,2,0
HOSPITAL REGIONAL DA LAPA SAO SEBASTIAO,LAPA,2a RS METROPOLITANA,MACRORREGIONAL LESTE,33,1,0,1,1,0
HOSPITAL REGIONAL DA LAPA SAO SEBASTIAO,LAPA,2a RS METROPOLITANA,MACRORREGIONAL LESTE,34,2,0,2,0,1
HOSPITAL REGIONAL DA LAPA SAO SEBASTIAO,LAPA,2a RS METROPOLITANA,MACRORREGIONAL LESTE,36,1,0,1,1,0
HOSPITAL REGIONAL DA LAPA SAO SEBASTIAO,LAPA,2a RS METROPOLITANA,MACRORREGIONAL LESTE,37,4,0,2,4,1
HOSPITAL REGIONAL DA LAPA SAO SEBASTIAO,LAPA,2a RS METROPOLITANA,MACRORREGIONAL LESTE,38,3,0,0,3,1
HOSPITAL SANTA CASA DE CURITIBA,CURITIBA,2a RS METROPOLITANA,MACRORREGIONAL LESTE,1,1,0,1,1,0
HOSPITAL SANTA CASA DE CURITIBA,CURITIBA,2a RS METROPOLITANA,MACRORREGIONAL LESTE,2,1,0,1,1,0
HOSPITAL SANTA CASA DE CURITIBA,CURITIBA,2a RS METROPOLITANA,MACRORREGIONAL LESTE,3,2,0,2,2,0
HOSPITAL SANTA CASA DE CURITIBA,CURITIBA,2a RS METROPOLITANA,MACRORREGIONAL LESTE,4,2,0,2,2,0
HOSPITAL SANTA CASA DE CURITIBA,CURITIBA,2a RS METROPOLITANA,MACRORREGIONAL LESTE,6,1,0,1,0,1
HOSPITAL SANTA CASA DE CURITIBA,CURITIBA,2a RS METROPOLITANA,MACRORREGIONAL LESTE,7,3,1,3,2,1
HOSPITAL SANTA CASA DE CURITIBA,CURITIBA,2a RS METROPOLITANA,MACRORREGIONAL LESTE,8,5,1,5,3,1
HOSPITAL SANTA CASA DE CURITIBA,CURITIBA,2a RS METROPOLITANA,MACRORREGIONAL LESTE,9,2,0,2,2,2
HOSPITAL SANTA CASA DE CURITIBA,CURITIBA,2a RS METROPOLITANA,MACRORREGIONAL LESTE,10,1,0,1,1,1
HOSPITAL SANTA CASA DE CURITIBA,CURITIBA,2a RS METROPOLITANA,MACRORREGIONAL LESTE,11,1,1,1,0,1
HOSPITAL SANTA CASA DE CURITIBA,CURITIBA,2a RS METROPOLITANA,MACRORREGIONAL LESTE,12,1,1,1,1,1
HOSPITAL SANTA CASA DE CURITIBA,CURITIBA,2a RS METROPOLITANA,MACRORREGIONAL LESTE,13,3,1,3,1,3
HOSPITAL SANTA CASA DE CURITIBA,CURITIBA,2a RS METROPOLITANA,MACRORREGIONAL LESTE,14,2,0,2,1,0
HOSPITAL SANTA CASA DE CURITIBA,CURITIBA,2a RS METROPOLITANA,MACRORREGIONAL LESTE,15,3,1,3,2,1
HOSPITAL SANTA CASA DE CURITIBA,CURITIBA,2a RS METROPOLITANA,MACRORREGIONAL LESTE,16,3,1,3,2,1
HOSPITAL SANTA CASA DE CURITIBA,CURITIBA,2a RS METROPOLITANA,MACRORREGIONAL LESTE,17,1,0,1,1,0
HOSPITAL SANTA CASA DE CURITIBA,CURITIBA,2a RS METROPOLITANA,MACRORREGIONAL LESTE,19,2,0,1,2,1
HOSPITAL SANTA CASA DE CURITIBA,CURITIBA,2a RS METROPOLITANA,MACRORREGIONAL LESTE,20,4,3,4,3,0
HOSPITAL SANTA CASA DE CURITIBA,CURITIBA,2a RS METROPOLITANA,MACRORREGIONAL LESTE,21,3,0,3,1,3
HOSPITAL SANTA CASA DE CURITIBA,CURITIBA,2a RS METROPOLITANA,MACRORREGIONAL LESTE,22,2,0,2,2,0
HOSPITAL SANTA CASA DE CURITIBA,CURITIBA,2a RS METROPOLITANA,MACRORREGIONAL LESTE,23,3,2,3,2,1
HOSPITAL SANTA CASA DE CURITIBA,CURITIBA,2a RS METROPOLITANA,MACRORREGIONAL LESTE,24,4,0,2,4,2
HOSPITAL SANTA CASA DE CURITIBA,CURITIBA,2a RS METROPOLITANA,MACRORREGIONAL LESTE,25,5,0,4,4,2
HOSPITAL SANTA CASA DE CURITIBA,CURITIBA,2a RS METROPOLITANA,MACRORREGIONAL LESTE,26,2,1,2,1,2
HOSPITAL SANTA CASA DE CURITIBA,CURITIBA,2a RS METROPOLITANA,MACRORREGIONAL LESTE,27,4,0,4,2,2
HOSPITAL SANTA CASA DE CURITIBA,CURITIBA,2a RS METROPOLITANA,MACRORREGIONAL LESTE,29,1,0,0,1,1
HOSPITAL SANTA CASA DE CURITIBA,CURITIBA,2a RS METROPOLITANA,MACRORREGIONAL LESTE,30,2,0,2,2,0
HOSPITAL SANTA CASA DE CURITIBA,CURITIBA,2a RS METROPOLITANA,MACRORREGIONAL LESTE,31,3,0,1,2,0
HOSPITAL SANTA CASA DE CURITIBA,CURITIBA,2a RS METROPOLITANA,MACRORREGIONAL LESTE,32,2,0,1,1,1
HOSPITAL SANTA CASA DE CURITIBA,CURITIBA,2a RS METROPOLITANA,MACRORREGIONAL LESTE,33,1,0,1,0,0
HOSPITAL SANTA CASA DE CURITIBA,CURITIBA,2a RS METROPOLITANA,MACRORREGIONAL LESTE,34,2,0,0,1,0
HOSPITAL SANTA CASA DE CURITIBA,CURITIBA,2a RS METROPOLITANA,MACRORREGIONAL LESTE,36,1,0,0,1,0
HOSPITAL SANTA CRUZ,CURITIBA,2a RS METROPOLITANA,MACRORREGIONAL LESTE,1,1,0,1,1,1
HOSPITAL SANTA CRUZ,CURITIBA,2a RS METROPOLITANA,MACRORREGIONAL LESTE,2,3,0,3,2,3
HOSPITAL SANTA CRUZ,CURITIBA,2a RS METROPOLITANA,MACRORREGIONAL LESTE,3,2,1,2,2,0
HOSPITAL SANTA CRUZ,CURITIBA,2a RS METROPOLITANA,MACRORREGIONAL LESTE,4,5,0,5,4,4
HOSPITAL SANTA CRUZ,CURITIBA,2a RS METROPOLITANA,MACRORREGIONAL LESTE,5,1,0,1,1,1
HOSPITAL SANTA CRUZ,CURITIBA,2a RS METROPOLITANA,MACRORREGIONAL LESTE,7,3,0,3,2,2
HOSPITAL SANTA CRUZ,CURITIBA,2a RS METROPOLITANA,MACRORREGIONAL LESTE,8,4,0,4,3,2
HOSPITAL SANTA CRUZ,CURITIBA,2a RS METROPOLITANA,MACRORREGIONAL LESTE,9,5,0,5,3,4
HOSPITAL SANTA CRUZ,CURITIBA,2a RS METROPOLITANA,MACRORREGIONAL LESTE,10,2,0,2,1,2
HOSPITAL SANTA CRUZ,CURITIBA,2a RS METROPOLITANA,MACRORREGIONAL LESTE,11,6,0,6,4,6
HOSPITAL SANTA CRUZ,CURITIBA,2a RS METROPOLITANA,MACRORREGIONAL LESTE,12,6,0,6,5,3
HOSPITAL SANTA CRUZ,CURITIBA,2a RS METROPOLITANA,MACRORREGIONAL LESTE,13,7,0,7,4,7
HOSPITAL SANTA CRUZ,CURITIBA,2a RS METROPOLITANA,MACRORREGIONAL LESTE,14,8,0,8,4,8
HOSPITAL SANTA CRUZ,CURITIBA,2a RS METROPOLITANA,MACRORREGIONAL LESTE,15,9,0,9,4,8
HOSPITAL SANTA CRUZ,CURITIBA,2a RS METROPOLITANA,MACRORREGIONAL LESTE,16,4,0,4,4,4
HOSPITAL SANTA CRUZ,CURITIBA,2a RS METROPOLITANA,MACRORREGIONAL LESTE,18,3,0,3,2,3
HOSPITAL SANTA CRUZ,CURITIBA,2a RS METROPOLITANA,MACRORREGIONAL LESTE,19,14,0,14,8,13
HOSPITAL SANTA CRUZ,CURITIBA,2a RS METROPOLITANA,MACRORREGIONAL LESTE,20,13,0,13,8,11
HOSPITAL SANTA CRUZ,CURITIBA,2a RS METROPOLITANA,MACRORREGIONAL LESTE,21,17,0,17,12,15
HOSPITAL SANTA CRUZ,CURITIBA,2a RS METROPOLITANA,MACRORREGIONAL LESTE,22,18,0,18,15,18
HOSPITAL SANTA CRUZ,CURITIBA,2a RS METROPOLITANA,MACRORREGIONAL LESTE,23,9,0,9,7,9
HOSPITAL SANTA CRUZ,CURITIBA,2a RS METROPOLITANA,MACRORREGIONAL LESTE,24,7,0,7,6,7
HOSPITAL SANTA CRUZ,CURITIBA,2a RS METROPOLITANA,MACRORREGIONAL LESTE,25,18,1,18,15,18
HOSPITAL SANTA CRUZ,CURITIBA,2a RS METROPOLITANA,MACRORREGIONAL LESTE,26,16,0,16,11,16
HOSPITAL SANTA CRUZ,CURITIBA,2a RS METROPOLITANA,MACRORREGIONAL LESTE,27,12,0,12,9,10
HOSPITAL SANTA CRUZ,CURITIBA,2a RS METROPOLITANA,MACRORREGIONAL LESTE,28,4,0,4,1,4
HOSPITAL SANTA CRUZ,CURITIBA,2a RS METROPOLITANA,MACRORREGIONAL LESTE,29,5,0,5,2,5
HOSPITAL SANTA CRUZ,CURITIBA,2a RS METROPOLITANA,MACRORREGIONAL LESTE,30,8,0,8,8,3
HOSPITAL SANTA CRUZ,CURITIBA,2a RS METROPOLITANA,MACRORREGIONAL LESTE,31,4,0,4,3,2
HOSPITAL SANTA CRUZ,CURITIBA,2a RS METROPOLITANA,MACRORREGIONAL LESTE,32,5,0,5,4,2
HOSPITAL SANTA CRUZ,CURITIBA,2a RS METROPOLITANA,MACRORREGIONAL LESTE,33,6,1,6,6,4
HOSPITAL SANTA CRUZ,CURITIBA,2a RS METROPOLITANA,MACRORREGIONAL LESTE,34,4,0,4,4,2
HOSPITAL SANTA CRUZ,CURITIBA,2a RS METROPOLITANA,MACRORREGIONAL LESTE,35,4,0,4,3,3
HOSPITAL SANTA CRUZ,CURITIBA,2a RS METROPOLITANA,MACRORREGIONAL LESTE,36,2,0,1,2,0
HOSPITAL SANTA CRUZ,CURITIBA,2a RS METROPOLITANA,MACRORREGIONAL LESTE,37,2,0,0,2,1
HOSPITAL SANTA CRUZ,CURITIBA,2a RS METROPOLITANA,MACRORREGIONAL LESTE,38,2,0,0,2,0
HOSPITAL SAO LUCAS,CAMPO LARGO,2a RS METROPOLITANA,MACRORREGIONAL LESTE,2,2,0,1,1,1
HOSPITAL SAO LUCAS,CAMPO LARGO,2a RS METROPOLITANA,MACRORREGIONAL LESTE,8,1,0,1,0,1
HOSPITAL SAO LUCAS,CAMPO LARGO,2a RS METROPOLITANA,MACRORREGIONAL LESTE,9,1,0,1,1,1
HOSPITAL SAO LUCAS,CAMPO LARGO,2a RS METROPOLITANA,MACRORREGIONAL LESTE,13,1,0,1,0,0
HOSPITAL SAO LUCAS,CAMPO LARGO,2a RS METROPOLITANA,MACRORREGIONAL LESTE,15,1,0,1,1,0
HOSPITAL SAO LUCAS,CAMPO LARGO,2a RS METROPOLITANA,MACRORREGIONAL LESTE,22,1,0,0,1,1
HOSPITAL SAO MARCELINO CHAMPAGNAT,CURITIBA,2a RS METROPOLITANA,MACRORREGIONAL LESTE,1,4,0,4,4,4
HOSPITAL SAO MARCELINO CHAMPAGNAT,CURITIBA,2a RS METROPOLITANA,MACRORREGIONAL LESTE,2,1,0,1,1,1
HOSPITAL SAO MARCELINO CHAMPAGNAT,CURITIBA,2a RS METROPOLITANA,MACRORREGIONAL LESTE,3,2,0,2,2,2
HOSPITAL SAO MARCELINO CHAMPAGNAT,CURITIBA,2a RS METROPOLITANA,MACRORREGIONAL LESTE,5,1,0,1,0,0
HOSPITAL SAO MARCELINO CHAMPAGNAT,CURITIBA,2a RS METROPOLITANA,MACRORREGIONAL LESTE,6,3,1,3,0,3
HOSPITAL SAO MARCELINO CHAMPAGNAT,CURITIBA,2a RS METROPOLITANA,MACRORREGIONAL LESTE,7,1,0,1,0,1
HOSPITAL SAO MARCELINO CHAMPAGNAT,CURITIBA,2a RS METROPOLITANA,MACRORREGIONAL LESTE,9,2,1,2,2,2
HOSPITAL SAO MARCELINO CHAMPAGNAT,CURITIBA,2a RS METROPOLITANA,MACRORREGIONAL LESTE,10,1,0,1,1,1
HOSPITAL SAO MARCELINO CHAMPAGNAT,CURITIBA,2a RS METROPOLITANA,MACRORREGIONAL LESTE,11,1,0,1,0,1
HOSPITAL SAO MARCELINO CHAMPAGNAT,CURITIBA,2a RS METROPOLITANA,MACRORREGIONAL LESTE,13,4,0,4,4,4
HOSPITAL SAO MARCELINO CHAMPAGNAT,CURITIBA,2a RS METROPOLITANA,MACRORREGIONAL LESTE,14,5,0,5,4,5
HOSPITAL SAO MARCELINO CHAMPAGNAT,CURITIBA,2a RS METROPOLITANA,MACRORREGIONAL LESTE,15,4,2,4,2,4
HOSPITAL SAO MARCELINO CHAMPAGNAT,CURITIBA,2a RS METROPOLITANA,MACRORREGIONAL LESTE,16,3,1,3,2,3
HOSPITAL SAO MARCELINO CHAMPAGNAT,CURITIBA,2a RS METROPOLITANA,MACRORREGIONAL LESTE,18,6,0,6,3,6
HOSPITAL SAO MARCELINO CHAMPAGNAT,CURITIBA,2a RS METROPOLITANA,MACRORREGIONAL LESTE,19,7,0,7,3,7
HOSPITAL SAO MARCELINO CHAMPAGNAT,CURITIBA,2a RS METROPOLITANA,MACRORREGIONAL LESTE,20,5,0,5,5,5
HOSPITAL SAO MARCELINO CHAMPAGNAT,CURITIBA,2a RS METROPOLITANA,MACRORREGIONAL LESTE,21,3,0,3,1,3
HOSPITAL SAO MARCELINO CHAMPAGNAT,CURITIBA,2a RS METROPOLITANA,MACRORREGIONAL LESTE,22,1,0,1,1,1
HOSPITAL SAO MARCELINO CHAMPAGNAT,CURITIBA,2a RS METROPOLITANA,MACRORREGIONAL LESTE,25,1,0,1,0,1
HOSPITAL SAO MARCELINO CHAMPAGNAT,CURITIBA,2a RS METROPOLITANA,MACRORREGIONAL LESTE,26,3,1,3,2,3
HOSPITAL SAO MARCELINO CHAMPAGNAT,CURITIBA,2a RS METROPOLITANA,MACRORREGIONAL LESTE,29,1,0,1,0,1
HOSPITAL SAO MARCELINO CHAMPAGNAT,CURITIBA,2a RS METROPOLITANA,MACRORREGIONAL LESTE,30,1,0,1,0,1
HOSPITAL SAO RAFAEL ARCANJO,COLOMBO,2a RS METROPOLITANA,MACRORREGIONAL LESTE,1,1,0,1,0,1
HOSPITAL SAO RAFAEL ARCANJO,COLOMBO,2a RS METROPOLITANA,MACRORREGIONAL LESTE,11,1,0,1,0,0
HOSPITAL SAO RAFAEL ARCANJO,COLOMBO,2a RS METROPOLITANA,MACRORREGIONAL LESTE,13,1,0,1,0,0
HOSPITAL SAO RAFAEL ARCANJO,COLOMBO,2a RS METROPOLITANA,MACRORREGIONAL LESTE,14,1,0,1,0,0
HOSPITAL SAO RAFAEL ARCANJO,COLOMBO,2a RS METROPOLITANA,MACRORREGIONAL LESTE,25,1,0,1,0,0
HOSPITAL SAO RAFAEL ARCANJO,COLOMBO,2a RS METROPOLITANA,MACRORREGIONAL LESTE,28,1,0,1,0,0
HOSPITAL SAO VICENTE CIC,CURITIBA,2a RS METROPOLITANA,MACRORREGIONAL LESTE,10,1,0,1,0,0
HOSPITAL SAO VICENTE CIC,CURITIBA,2a RS METROPOLITANA,MACRORREGIONAL LESTE,12,1,0,1,0,0
HOSPITAL SAO VICENTE CIC,CURITIBA,2a RS METROPOLITANA,MACRORREGIONAL LESTE,15,1,0,1,0,0
HOSPITAL SAO VICENTE CIC,CURITIBA,2a RS METROPOLITANA,MACRORREGIONAL LESTE,16,1,0,1,0,0
HOSPITAL SAO VICENTE CIC,CURITIBA,2a RS METROPOLITANA,MACRORREGIONAL LESTE,18,2,0,2,0,0
HOSPITAL SAO VICENTE CIC,CURITIBA,2a RS METROPOLITANA,MACRORREGIONAL LESTE,21,3,1,3,0,0
HOSPITAL SAO VICENTE CIC,CURITIBA,2a RS METROPOLITANA,MACRORREGIONAL LESTE,22,3,0,3,0,0
HOSPITAL SAO VICENTE CIC,CURITIBA,2a RS METROPOLITANA,MACRORREGIONAL LESTE,23,1,0,1,0,0
HOSPITAL UNIVERSITARIO CAJURU,CURITIBA,2a RS METROPOLITANA,MACRORREGIONAL LESTE,10,1,0,1,1,0
HOSPITAL UNIVERSITARIO CAJURU,CURITIBA,2a RS METROPOLITANA,MACRORREGIONAL LESTE,16,1,0,1,1,1
HOSPITAL UNIVERSITARIO CAJURU,CURITIBA,2a RS METROPOLITANA,MACRORREGIONAL LESTE,17,1,0,1,0,1
HOSPITAL UNIVERSITARIO CAJURU,CURITIBA,2a RS METROPOLITANA,MACRORREGIONAL LESTE,26,1,0,1,0,1
HOSPITAL UNIVERSITARIO DO OESTE DO PARANA,CURITIBA,2a RS METROPOLITANA,MACRORREGIONAL LESTE,23,1,0,1,0,1
HOSPITAL UNIVERSITARIO EVANGELICO MACKENZIE,CURITIBA,2a RS METROPOLITANA,MACRORREGIONAL LESTE,3,1,0,1,0,1
HOSPITAL UNIVERSITARIO EVANGELICO MACKENZIE,CURITIBA,2a RS METROPOLITANA,MACRORREGIONAL LESTE,4,1,1,1,1,1
HOSPITAL UNIVERSITARIO EVANGELICO MACKENZIE,CURITIBA,2a RS METROPOLITANA,MACRORREGIONAL LESTE,6,1,0,1,1,0
HOSPITAL UNIVERSITARIO EVANGELICO MACKENZIE,CURITIBA,2a RS METROPOLITANA,MACRORREGIONAL LESTE,7,6,0,6,1,3
HOSPITAL UNIVERSITARIO EVANGELICO MACKENZIE,CURITIBA,2a RS METROPOLITANA,MACRORREGIONAL LESTE,8,9,0,9,0,9
HOSPITAL UNIVERSITARIO EVANGELICO MACKENZIE,CURITIBA,2a RS METROPOLITANA,MACRORREGIONAL LESTE,9,10,0,10,1,8
HOSPITAL UNIVERSITARIO EVANGELICO MACKENZIE,CURITIBA,2a RS METROPOLITANA,MACRORREGIONAL LESTE,11,1,0,0,1,0
HOSPITAL UNIVERSITARIO EVANGELICO MACKENZIE,CURITIBA,2a RS METROPOLITANA,MACRORREGIONAL LESTE,14,1,1,1,1,1
HOSPITAL UNIVERSITARIO EVANGELICO MACKENZIE,CURITIBA,2a RS METROPOLITANA,MACRORREGIONAL LESTE,15,1,1,1,0,1
HOSPITAL UNIVERSITARIO EVANGELICO MACKENZIE,CURITIBA,2a RS METROPOLITANA,MACRORREGIONAL LESTE,16,1,0,1,0,1
HOSPITAL UNIVERSITARIO EVANGELICO MACKENZIE,CURITIBA,2a RS METROPOLITANA,MACRORREGIONAL LESTE,17,5,0,5,0,3
HOSPITAL UNIVERSITARIO EVANGELICO MACKENZIE,CURITIBA,2a RS METROPOLITANA,MACRORREGIONAL LESTE,18,9,0,8,0,8
HOSPITAL UNIVERSITARIO EVANGELICO MACKENZIE,CURITIBA,2a RS METROPOLITANA,MACRORREGIONAL LESTE,19,10,1,10,1,6
HOSPITAL UNIVERSITARIO EVANGELICO MACKENZIE,CURITIBA,2a RS METROPOLITANA,MACRORREGIONAL LESTE,20,2,0,1,0,1
HOSPITAL UNIVERSITARIO EVANGELICO MACKENZIE,CURITIBA,2a RS METROPOLITANA,MACRORREGIONAL LESTE,22,7,0,7,0,5
HOSPITAL UNIVERSITARIO EVANGELICO MACKENZIE,CURITIBA,2a RS METROPOLITANA,MACRORREGIONAL LESTE,23,3,0,3,0,2
HOSPITAL UNIVERSITARIO EVANGELICO MACKENZIE,CURITIBA,2a RS METROPOLITANA,MACRORREGIONAL LESTE,24,3,0,2,0,2
HOSPITAL UNIVERSITARIO EVANGELICO MACKENZIE,CURITIBA,2a RS METROPOLITANA,MACRORREGIONAL LESTE,25,2,0,2,0,2
HOSPITAL UNIVERSITARIO EVANGELICO MACKENZIE,CURITIBA,2a RS METROPOLITANA,MACRORREGIONAL LESTE,26,15,0,10,0,9
HOSPITAL UNIVERSITARIO EVANGELICO MACKENZIE,CURITIBA,2a RS METROPOLITANA,MACRORREGIONAL LESTE,27,6,0,2,2,4
HOSPITAL UNIVERSITARIO EVANGELICO MACKENZIE,CURITIBA,2a RS METROPOLITANA,MACRORREGIONAL LESTE,28,17,1,3,1,8
HOSPITAL UNIVERSITARIO EVANGELICO MACKENZIE,CURITIBA,2a RS METROPOLITANA,MACRORREGIONAL LESTE,29,10,0,2,0,6
HOSPITAL UNIVERSITARIO EVANGELICO MACKENZIE,CURITIBA,2a RS METROPOLITANA,MACRORREGIONAL LESTE,30,5,0,0,0,4
HOSPITAL UNIVERSITARIO EVANGELICO MACKENZIE,CURITIBA,2a RS METROPOLITANA,MACRORREGIONAL LESTE,31,11,0,3,0,8
HOSPITAL UNIVERSITARIO EVANGELICO MACKENZIE,CURITIBA,2a RS METROPOLITANA,MACRORREGIONAL LESTE,32,6,0,1,0,3
HOSPITAL UNIVERSITARIO EVANGELICO MACKENZIE,CURITIBA,2a RS METROPOLITANA,MACRORREGIONAL LESTE,33,15,0,3,0,8
HOSPITAL UNIVERSITARIO EVANGELICO MACKENZIE,CURITIBA,2a RS METROPOLITANA,MACRORREGIONAL LESTE,34,8,1,2,2,1
HOSPITAL UNIVERSITARIO EVANGELICO MACKENZIE,CURITIBA,2a RS METROPOLITANA,MACRORREGIONAL LESTE,35,11,0,0,0,7
HOSPITAL UNIVERSITARIO EVANGELICO MACKENZIE,CURITIBA,2a RS METROPOLITANA,MACRORREGIONAL LESTE,36,6,0,1,0,1
HOSPITAL UNIVERSITARIO EVANGELICO MACKENZIE,CURITIBA,2a RS METROPOLITANA,MACRORREGIONAL LESTE,37,8,0,1,0,3
HOSPITAL UNIVERSITARIO EVANGELICO MACKENZIE,CURITIBA,2a RS METROPOLITANA,MACRORREGIONAL LESTE,38,2,0,0,0,0
HOSPITAL VITA BATEL,CURITIBA,2a RS METROPOLITANA,MACRORREGIONAL LESTE,1,2,0,2,2,2
HOSPITAL VITA BATEL,CURITIBA,2a RS METROPOLITANA,MACRORREGIONAL LESTE,2,1,0,1,1,0
HOSPITAL VITA BATEL,CURITIBA,2a RS METROPOLITANA,MACRORREGIONAL LESTE,3,1,0,1,1,0
HOSPITAL VITA BATEL,CURITIBA,2a RS METROPOLITANA,MACRORREGIONAL LESTE,4,3,0,3,2,0
HOSPITAL VITA BATEL,CURITIBA,2a RS METROPOLITANA,MACRORREGIONAL LESTE,5,1,0,1,1,0
HOSPITAL VITA BATEL,CURITIBA,2a RS METROPOLITANA,MACRORREGIONAL LESTE,6,2,0,2,0,2
HOSPITAL VITA BATEL,CURITIBA,2a RS METROPOLITANA,MACRORREGIONAL LESTE,7,4,0,4,3,2
HOSPITAL VITA BATEL,CURITIBA,2a RS METROPOLITANA,MACRORREGIONAL LESTE,8,2,0,2,1,2
HOSPITAL VITA BATEL,CURITIBA,2a RS METROPOLITANA,MACRORREGIONAL LESTE,9,4,0,4,4,2
HOSPITAL VITA BATEL,CURITIBA,2a RS METROPOLITANA,MACRORREGIONAL LESTE,10,2,0,2,1,0
HOSPITAL VITA BATEL,CURITIBA,2a RS METROPOLITANA,MACRORREGIONAL LESTE,11,1,0,1,1,1
HOSPITAL VITA BATEL,CURITIBA,2a RS METROPOLITANA,MACRORREGIONAL LESTE,12,2,0,2,0,1
HOSPITAL VITA BATEL,CURITIBA,2a RS METROPOLITANA,MACRORREGIONAL LESTE,13,2,0,2,2,0
HOSPITAL VITA BATEL,CURITIBA,2a RS METROPOLITANA,MACRORREGIONAL LESTE,15,1,0,1,1,1
HOSPITAL VITA BATEL,CURITIBA,2a RS METROPOLITANA,MACRORREGIONAL LESTE,16,2,0,2,1,1
HOSPITAL VITA BATEL,CURITIBA,2a RS METROPOLITANA,MACRORREGIONAL LESTE,17,4,2,4,3,2
HOSPITAL VITA BATEL,CURITIBA,2a RS METROPOLITANA,MACRORREGIONAL LESTE,19,3,0,3,1,1
HOSPITAL VITA BATEL,CURITIBA,2a RS METROPOLITANA,MACRORREGIONAL LESTE,20,4,1,4,2,0
HOSPITAL VITA BATEL,CURITIBA,2a RS METROPOLITANA,MACRORREGIONAL LESTE,21,5,0,5,3,2
HOSPITAL VITA BATEL,CURITIBA,2a RS METROPOLITANA,MACRORREGIONAL LESTE,22,8,0,8,5,2
HOSPITAL VITA BATEL,CURITIBA,2a RS METROPOLITANA,MACRORREGIONAL LESTE,23,7,1,7,7,5
HOSPITAL VITA BATEL,CURITIBA,2a RS METROPOLITANA,MACRORREGIONAL LESTE,24,7,1,7,5,3
HOSPITAL VITA BATEL,CURITIBA,2a RS METROPOLITANA,MACRORREGIONAL LESTE,25,3,0,3,1,0
HOSPITAL VITA BATEL,CURITIBA,2a RS METROPOLITANA,MACRORREGIONAL LESTE,26,6,0,6,5,2
HOSPITAL VITA BATEL,CURITIBA,2a RS METROPOLITANA,MACRORREGIONAL LESTE,27,3,0,3,1,1
HOSPITAL VITA BATEL,CURITIBA,2a RS METROPOLITANA,MACRORREGIONAL LESTE,28,1,0,1,0,0
HOSPITAL VITA BATEL,CURITIBA,2a RS METROPOLITANA,MACRORREGIONAL LESTE,29,1,0,1,0,0
HOSPITAL VITA BATEL,CURITIBA,2a RS METROPOLITANA,MACRORREGIONAL LESTE,30,1,0,1,0,0
HOSPITAL VITA BATEL,CURITIBA,2a RS METROPOLITANA,MACRORREGIONAL LESTE,31,2,0,2,1,0
HOSPITAL VITA BATEL,CURITIBA,2a RS METROPOLITANA,MACRORREGIONAL LESTE,32,2,0,2,2,0
HOSPITAL VITA BATEL,CURITIBA,2a RS METROPOLITANA,MACRORREGIONAL LESTE,33,1,0,1,1,0
HOSPITAL VITA BATEL,CURITIBA,2a RS METROPOLITANA,MACRORREGIONAL LESTE,34,1,0,1,1,0
HOSPITAL VITA BATEL,CURITIBA,2a RS METROPOLITANA,MACRORREGIONAL LESTE,38,2,1,1,2,0
HOSPITAL VITA CURITIBA,CURITIBA,2a RS METROPOLITANA,MACRORREGIONAL LESTE,2,1,0,1,0,0
HOSPITAL VITA CURITIBA,CURITIBA,2a RS METROPOLITANA,MACRORREGIONAL LESTE,4,1,0,1,0,1
HOSPITAL VITA CURITIBA,CURITIBA,2a RS METROPOLITANA,MACRORREGIONAL LESTE,8,2,0,2,1,0
HOSPITAL VITA CURITIBA,CURITIBA,2a RS METROPOLITANA,MACRORREGIONAL LESTE,9,1,0,1,1,0
HOSPITAL VITA CURITIBA,CURITIBA,2a RS METROPOLITANA,MACRORREGIONAL LESTE,10,2,0,2,0,1
HOSPITAL VITA CURITIBA,CURITIBA,2a RS METROPOLITANA,MACRORREGIONAL LESTE,11,2,0,2,2,2
HOSPITAL VITA CURITIBA,CURITIBA,2a RS METROPOLITANA,MACRORREGIONAL LESTE,13,1,0,1,1,1
HOSPITAL VITA CURITIBA,CURITIBA,2a RS METROPOLITANA,MACRORREGIONAL LESTE,14,1,0,1,0,1
HOSPITAL VITA CURITIBA,CURITIBA,2a RS METROPOLITANA,MACRORREGIONAL LESTE,15,1,1,1,1,1
HOSPITAL VITA CURITIBA,CURITIBA,2a RS METROPOLITANA,MACRORREGIONAL LESTE,16,1,0,1,1,0
HOSPITAL VITA CURITIBA,CURITIBA,2a RS METROPOLITANA,MACRORREGIONAL LESTE,17,3,0,3,2,1
HOSPITAL VITA CURITIBA,CURITIBA,2a RS METROPOLITANA,MACRORREGIONAL LESTE,18,2,1,2,1,0
HOSPITAL VITA CURITIBA,CURITIBA,2a RS METROPOLITANA,MACRORREGIONAL LESTE,19,6,0,6,1,2
HOSPITAL VITA CURITIBA,CURITIBA,2a RS METROPOLITANA,MACRORREGIONAL LESTE,20,4,0,4,2,2
HOSPITAL VITA CURITIBA,CURITIBA,2a RS METROPOLITANA,MACRORREGIONAL LESTE,21,3,0,3,1,0
HOSPITAL VITA CURITIBA,CURITIBA,2a RS METROPOLITANA,MACRORREGIONAL LESTE,22,2,0,2,2,1
HOSPITAL VITA CURITIBA,CURITIBA,2a RS METROPOLITANA,MACRORREGIONAL LESTE,23,2,0,2,1,0
HOSPITAL VITA CURITIBA,CURITIBA,2a RS METROPOLITANA,MACRORREGIONAL LESTE,25,2,0,2,1,0
HOSPITAL VITA CURITIBA,CURITIBA,2a RS METROPOLITANA,MACRORREGIONAL LESTE,26,3,0,3,1,1
HOSPITAL VITA CURITIBA,CURITIBA,2a RS METROPOLITANA,MACRORREGIONAL LESTE,27,5,0,5,3,2
HOSPITAL VITA CURITIBA,CURITIBA,2a RS METROPOLITANA,MACRORREGIONAL LESTE,31,1,0,1,1,0
HOSPITAL VITA CURITIBA,CURITIBA,2a RS METROPOLITANA,MACRORREGIONAL LESTE,32,1,0,1,0,0
HOSPITAL VITA CURITIBA,CURITIBA,2a RS METROPOLITANA,MACRORREGIONAL LESTE,33,2,0,2,2,0
HOSPITAL VITA CURITIBA,CURITIBA,2a RS METROPOLITANA,MACRORREGIONAL LESTE,34,2,0,2,1,0
HOSPITAL VITA CURITIBA,CURITIBA,2a RS METROPOLITANA,MACRORREGIONAL LESTE,36,3,0,2,3,0
HOSPITAL VITA CURITIBA,CURITIBA,2a RS METROPOLITANA,MACRORREGIONAL LESTE,39,2,0,0,2,0
PRONTO ATENDIMENTO OSASCO,CAMPO LARGO,2a RS METROPOLITANA,MACRORREGIONAL LESTE,17,1,0,1,1,1
PRONTO ATENDIMENTO OSASCO,COLOMBO,2a RS METROPOLITANA,MACRORREGIONAL LESTE,26,3,0,3,0,0
UNIDADE DE PRONTO ATENDIMENTO 24 HORAS,PINHAIS,2a RS METROPOLITANA,MACRORREGIONAL LESTE,4,1,0,0,0,0
UNIDADE DE PRONTO ATENDIMENTO 24 HORAS,PINHAIS,2a RS METROPOLITANA,MACRORREGIONAL LESTE,5,1,0,1,0,0
UNIDADE DE PRONTO ATENDIMENTO 24 HORAS,PINHAIS,2a RS METROPOLITANA,MACRORREGIONAL LESTE,7,1,0,1,0,0
UNIDADE DE PRONTO ATENDIMENTO 24 HORAS,PINHAIS,2a RS METROPOLITANA,MACRORREGIONAL LESTE,8,1,0,1,0,1
UNIDADE DE PRONTO ATENDIMENTO 24 HORAS,PINHAIS,2a RS METROPOLITANA,MACRORREGIONAL LESTE,10,2,0,2,0,0
UNIDADE DE PRONTO ATENDIMENTO 24 HORAS,PINHAIS,2a RS METROPOLITANA,MACRORREGIONAL LESTE,11,1,0,1,0,0
UNIDADE DE PRONTO ATENDIMENTO 24 HORAS,PINHAIS,2a RS METROPOLITANA,MACRORREGIONAL LESTE,17,1,0,1,0,1
UNIDADE DE PRONTO ATENDIMENTO 24 HORAS,PINHAIS,2a RS METROPOLITANA,MACRORREGIONAL LESTE,21,2,0,2,0,2
UNIDADE DE PRONTO ATENDIMENTO 24 HORAS,PINHAIS,2a RS METROPOLITANA,MACRORREGIONAL LESTE,25,2,0,2,0,1
UNIDADE DE PRONTO ATENDIMENTO 24 HORAS,PINHAIS,2a RS METROPOLITANA,MACRORREGIONAL LESTE,28,2,0,1,0,0
UNIDADE DE PRONTO ATENDIMENTO 24 HORAS,PINHAIS,2a RS METROPOLITANA,MACRORREGIONAL LESTE,31,1,0,1,1,1
UNIDADE DE PRONTO ATENDIMENTO 24 HORAS,PINHAIS,2a RS METROPOLITANA,MACRORREGIONAL LESTE,32,1,0,1,0,1
UNIDADE DE PRONTO ATENDIMENTO ALTO MARACANA UPA 24H,COLOMBO,2a RS METROPOLITANA,MACRORREGIONAL LESTE,7,1,0,0,0,0
UNIDADE DE PRONTO ATENDIMENTO ALTO MARACANA UPA 24H,COLOMBO,2a RS METROPOLITANA,MACRORREGIONAL LESTE,21,1,0,1,0,0
UNIDADE DE PRONTO ATENDIMENTO ALTO MARACANA UPA 24H,COLOMBO,2a RS METROPOLITANA,MACRORREGIONAL LESTE,22,13,0,13,0,7
UNIDADE DE PRONTO ATENDIMENTO ALTO MARACANA UPA 24H,COLOMBO,2a RS METROPOLITANA,MACRORREGIONAL LESTE,23,7,1,7,1,2
UNIDADE DE PRONTO ATENDIMENTO ALTO MARACANA UPA 24H,COLOMBO,2a RS METROPOLITANA,MACRORREGIONAL LESTE,24,12,0,12,0,4
UNIDADE DE PRONTO ATENDIMENTO ALTO MARACANA UPA 24H,COLOMBO,2a RS METROPOLITANA,MACRORREGIONAL LESTE,25,5,0,5,0,1
UNIDADE DE PRONTO ATENDIMENTO ALTO MARACANA UPA 24H,COLOMBO,2a RS METROPOLITANA,MACRORREGIONAL LESTE,26,9,0,9,0,3
UNIDADE DE PRONTO ATENDIMENTO ALTO MARACANA UPA 24H,COLOMBO,2a RS METROPOLITANA,MACRORREGIONAL LESTE,27,11,0,10,0,7
UNIDADE DE PRONTO ATENDIMENTO ALTO MARACANA UPA 24H,COLOMBO,2a RS METROPOLITANA,MACRORREGIONAL LESTE,28,6,1,6,0,3
UNIDADE DE PRONTO ATENDIMENTO ALTO MARACANA UPA 24H,COLOMBO,2a RS METROPOLITANA,MACRORREGIONAL LESTE,29,7,0,7,0,3
UNIDADE DE PRONTO ATENDIMENTO ALTO MARACANA UPA 24H,COLOMBO,2a RS METROPOLITANA,MACRORREGIONAL LESTE,30,5,0,5,0,3
UNIDADE DE PRONTO ATENDIMENTO ALTO MARACANA UPA 24H,COLOMBO,2a RS METROPOLITANA,MACRORREGIONAL LESTE,31,5,0,5,0,1
UNIDADE DE PRONTO ATENDIMENTO ALTO MARACANA UPA 24H,COLOMBO,2a RS METROPOLITANA,MACRORREGIONAL LESTE,32,2,0,2,0,0
UNIDADE DE PRONTO ATENDIMENTO ALTO MARACANA UPA 24H,COLOMBO,2a RS METROPOLITANA,MACRORREGIONAL LESTE,33,4,0,3,0,0
UNIDADE DE PRONTO ATENDIMENTO ALTO MARACANA UPA 24H,COLOMBO,2a RS METROPOLITANA,MACRORREGIONAL LESTE,34,5,0,4,0,1
UNIDADE DE PRONTO ATENDIMENTO ALTO MARACANA UPA 24H,COLOMBO,2a RS METROPOLITANA,MACRORREGIONAL LESTE,35,1,0,1,0,0
UNIDADE DE PRONTO ATENDIMENTO ALTO MARACANA UPA 24H,COLOMBO,2a RS METROPOLITANA,MACRORREGIONAL LESTE,36,2,0,0,0,0
UNIDADE DE PRONTO ATENDIMENTO ALTO MARACANA UPA 24H,COLOMBO,2a RS METROPOLITANA,MACRORREGIONAL LESTE,37,4,0,0,0,0
UNIDADE DE PRONTO ATENDIMENTO ALTO MARACANA UPA 24H,COLOMBO,2a RS METROPOLITANA,MACRORREGIONAL LESTE,38,3,0,0,0,0
UNIDADE DE PRONTO ATENDIMENTO ALTO MARACANA UPA 24H,COLOMBO,2a RS METROPOLITANA,MACRORREGIONAL LESTE,39,3,0,0,0,0
UNIDADE DE PRONTO ATENDIMENTO DE ARAUCARIA,ARAUCARIA,2a RS METROPOLITANA,MACRORREGIONAL LESTE,5,1,0,1,0,1
UNIDADE DE PRONTO ATENDIMENTO DE ARAUCARIA,ARAUCARIA,2a RS METROPOLITANA,MACRORREGIONAL LESTE,7,1,0,1,0,1
UNIDADE DE PRONTO ATENDIMENTO DE ARAUCARIA,ARAUCARIA,2a RS METROPOLITANA,MACRORREGIONAL LESTE,9,1,0,1,0,0
UNIDADE DE PRONTO ATENDIMENTO DE ARAUCARIA,ARAUCARIA,2a RS METROPOLITANA,MACRORREGIONAL LESTE,13,1,0,1,0,0
UNIDADE DE PRONTO ATENDIMENTO DE ARAUCARIA,ARAUCARIA,2a RS METROPOLITANA,MACRORREGIONAL LESTE,14,1,0,1,0,0
UNIDADE DE PRONTO ATENDIMENTO DE ARAUCARIA,ARAUCARIA,2a RS METROPOLITANA,MACRORREGIONAL LESTE,16,1,0,1,1,0
UNIDADE DE PRONTO ATENDIMENTO DE ARAUCARIA,ARAUCARIA,2a RS METROPOLITANA,MACRORREGIONAL LESTE,17,1,0,1,0,0
UNIDADE DE PRONTO ATENDIMENTO DE ARAUCARIA,ARAUCARIA,2a RS METROPOLITANA,MACRORREGIONAL LESTE,18,5,1,5,1,4
UNIDADE DE PRONTO ATENDIMENTO DE ARAUCARIA,ARAUCARIA,2a RS METROPOLITANA,MACRORREGIONAL LESTE,19,11,0,11,6,3
UNIDADE DE PRONTO ATENDIMENTO DE ARAUCARIA,ARAUCARIA,2a RS METROPOLITANA,MACRORREGIONAL LESTE,20,12,0,12,3,4
UNIDADE DE PRONTO ATENDIMENTO DE ARAUCARIA,ARAUCARIA,2a RS METROPOLITANA,MACRORREGIONAL LESTE,21,5,1,5,2,2
UNIDADE DE PRONTO ATENDIMENTO DE ARAUCARIA,ARAUCARIA,2a RS METROPOLITANA,MACRORREGIONAL LESTE,22,6,3,6,2,1
UNIDADE DE PRONTO ATENDIMENTO DE ARAUCARIA,ARAUCARIA,2a RS METROPOLITANA,MACRORREGIONAL LESTE,23,6,0,6,0,3
UNIDADE DE PRONTO ATENDIMENTO DE ARAUCARIA,ARAUCARIA,2a RS METROPOLITANA,MACRORREGIONAL LESTE,24,3,0,3,0,1
UNIDADE DE PRONTO ATENDIMENTO DE ARAUCARIA,ARAUCARIA,2a RS METROPOLITANA,MACRORREGIONAL LESTE,25,3,0,3,0,2
UNIDADE DE PRONTO ATENDIMENTO DE ARAUCARIA,ARAUCARIA,2a RS METROPOLITANA,MACRORREGIONAL LESTE,26,5,0,5,2,4
UNIDADE DE PRONTO ATENDIMENTO DE ARAUCARIA,ARAUCARIA,2a RS METROPOLITANA,MACRORREGIONAL LESTE,27,5,0,5,1,2
UNIDADE DE PRONTO ATENDIMENTO DE ARAUCARIA,ARAUCARIA,2a RS METROPOLITANA,MACRORREGIONAL LESTE,28,3,0,3,0,1
UNIDADE DE PRONTO ATENDIMENTO DE ARAUCARIA,ARAUCARIA,2a RS METROPOLITANA,MACRORREGIONAL LESTE,29,3,1,3,1,1
UNIDADE DE PRONTO ATENDIMENTO DE ARAUCARIA,ARAUCARIA,2a RS METROPOLITANA,MACRORREGIONAL LESTE,30,1,0,1,1,0
UNIDADE DE PRONTO ATENDIMENTO DE ARAUCARIA,ARAUCARIA,2a RS METROPOLITANA,MACRORREGIONAL LESTE,31,4,1,3,2,1
UNIDADE DE PRONTO ATENDIMENTO DE ARAUCARIA,ARAUCARIA,2a RS METROPOLITANA,MACRORREGIONAL LESTE,33,1,0,1,0,1
UNIDADE DE PRONTO ATENDIMENTO DE ARAUCARIA,ARAUCARIA,2a RS METROPOLITANA,MACRORREGIONAL LESTE,34,4,0,4,0,2
UNIDADE DE PRONTO ATENDIMENTO DE ARAUCARIA,ARAUCARIA,2a RS METROPOLITANA,MACRORREGIONAL LESTE,36,2,0,0,1,0
UNIDADE DE PRONTO ATENDIMENTO DE ARAUCARIA,ARAUCARIA,2a RS METROPOLITANA,MACRORREGIONAL LESTE,37,1,0,1,0,1
UPA BOA VISTA,CURITIBA,2a RS METROPOLITANA,MACRORREGIONAL LESTE,8,1,0,1,1,0
UPA BOA VISTA,CURITIBA,2a RS METROPOLITANA,MACRORREGIONAL LESTE,16,1,1,1,0,1
UPA BOA VISTA,CURITIBA,2a RS METROPOLITANA,MACRORREGIONAL LESTE,18,1,0,1,0,1
UPA BOA VISTA,CURITIBA,2a RS METROPOLITANA,MACRORREGIONAL LESTE,19,4,0,4,1,2
UPA BOA VISTA,CURITIBA,2a RS METROPOLITANA,MACRORREGIONAL LESTE,20,1,0,1,0,0
UPA BOA VISTA,COLOMBO,2a RS METROPOLITANA,MACRORREGIONAL LESTE,21,1,0,1,0,0
UPA BOA VISTA,CURITIBA,2a RS METROPOLITANA,MACRORREGIONAL LESTE,21,1,1,1,0,0
UPA BOA VISTA,COLOMBO,2a RS METROPOLITANA,MACRORREGIONAL LESTE,22,1,0,0,0,1
UPA BOA VISTA,COLOMBO,2a RS METROPOLITANA,MACRORREGIONAL LESTE,23,1,0,0,0,0
UPA BOA VISTA,CURITIBA,2a RS METROPOLITANA,MACRORREGIONAL LESTE,26,1,0,1,0,1
UPA BOA VISTA,CURITIBA,2a RS METROPOLITANA,MACRORREGIONAL LESTE,30,1,0,1,1,1
UPA CAMPO COMPRIDO,CURITIBA,2a RS METROPOLITANA,MACRORREGIONAL LESTE,3,1,0,1,0,0
UPA CAMPO COMPRIDO,CURITIBA,2a RS METROPOLITANA,MACRORREGIONAL LESTE,19,1,0,0,0,1
UPA CAMPO COMPRIDO,CURITIBA,2a RS METROPOLITANA,MACRORREGIONAL LESTE,20,1,0,1,0,0
UPA CAMPO COMPRIDO,CURITIBA,2a RS METROPOLITANA,MACRORREGIONAL LESTE,22,1,0,1,0,0
UPA CAMPO COMPRIDO,CURITIBA,2a RS METROPOLITANA,MACRORREGIONAL LESTE,24,1,0,1,0,0
UPA CAMPO COMPRIDO,CURITIBA,2a RS METROPOLITANA,MACRORREGIONAL LESTE,25,1,0,1,1,1
UPA CAMPO COMPRIDO,CURITIBA,2a RS METROPOLITANA,MACRORREGIONAL LESTE,38,2,0,0,1,0
UPA CIDADE INDUSTRIAL,CURITIBA,2a RS METROPOLITANA,MACRORREGIONAL LESTE,16,1,0,1,1,0
UPA CIDADE INDUSTRIAL,CURITIBA,2a RS METROPOLITANA,MACRORREGIONAL LESTE,17,2,0,2,0,1
UPA CIDADE INDUSTRIAL,CURITIBA,2a RS METROPOLITANA,MACRORREGIONAL LESTE,18,2,0,2,0,0
UPA CIDADE INDUSTRIAL,CURITIBA,2a RS METROPOLITANA,MACRORREGIONAL LESTE,19,2,0,2,0,1
UPA CIDADE INDUSTRIAL,COLOMBO,2a RS METROPOLITANA,MACRORREGIONAL LESTE,23,1,1,1,0,1
UPA CIDADE INDUSTRIAL,CURITIBA,2a RS METROPOLITANA,MACRORREGIONAL LESTE,25,1,0,1,0,1
UPA PINHEIRINHO,CURITIBA,2a RS METROPOLITANA,MACRORREGIONAL LESTE,19,1,0,1,0,0
UPA PINHEIRINHO,CURITIBA,2a RS METROPOLITANA,MACRORREGIONAL LESTE,20,1,1,1,1,0
UPA PINHEIRINHO,CURITIBA,2a RS METROPOLITANA,MACRORREGIONAL LESTE,22,1,0,1,0,1
UPA RUI BARBOSA,SAO JOSE DOS PINHAIS,2a RS METROPOLITANA,MACRORREGIONAL LESTE,18,1,0,0,1,0
UPA RUI BARBOSA,SAO JOSE DOS PINHAIS,2a RS METROPOLITANA,MACRORREGIONAL LESTE,21,1,0,0,0,1
UPA SITIO CERCADO,CURITIBA,2a RS METROPOLITANA,MACRORREGIONAL LESTE,20,2,0,2,0,0
UPA SITIO CERCADO,CURITIBA,2a RS METROPOLITANA,MACRORREGIONAL LESTE,21,1,0,1,0,1
UPA SITIO CERCADO,CURITIBA,2a RS METROPOLITANA,MACRORREGIONAL LESTE,23,2,1,2,0,0
UPA SITIO CERCADO,CURITIBA,2a RS METROPOLITANA,MACRORREGIONAL LESTE,27,2,0,2,0,2
UPA TATUQUARA,CURITIBA,2a RS METROPOLITANA,MACRORREGIONAL LESTE,18,1,0,1,0,0
UPA TATUQUARA,CURITIBA,2a RS METROPOLITANA,MACRORREGIONAL LESTE,19,3,1,3,0,3
UPA TATUQUARA,CURITIBA,2a RS METROPOLITANA,MACRORREGIONAL LESTE,20,3,1,2,0,0
UPA TATUQUARA,CURITIBA,2a RS METROPOLITANA,MACRORREGIONAL LESTE,21,2,0,1,0,0
UPA TATUQUARA,CURITIBA,2a RS METROPOLITANA,MACRORREGIONAL LESTE,22,2,0,0,0,1
UPA TATUQUARA,CURITIBA,2a RS METROPOLITANA,MACRORREGIONAL LESTE,23,1,0,1,0,1
UPA TATUQUARA,CURITIBA,2a RS METROPOLITANA,MACRORREGIONAL LESTE,24,1,1,1,0,0
UPA TATUQUARA,CURITIBA,2a RS METROPOLITANA,MACRORREGIONAL LESTE,25,1,0,1,0,0
UPA TATUQUARA,CURITIBA,2a RS METROPOLITANA,MACRORREGIONAL LESTE,26,3,0,3,0,0
UPA TATUQUARA,CURITIBA,2a RS METROPOLITANA,MACRORREGIONAL LESTE,27,1,0,1,0,1
UPA UNIDADE PRONTO ATENDIMENTO DE FAZENDA RIO GRANDE,FAZENDA RIO GRANDE,2a RS METROPOLITANA,MACRORREGIONAL LESTE,20,1,0,1,0,1
UPA UNIDADE PRONTO ATENDIMENTO DE FAZENDA RIO GRANDE,COLOMBO,2a RS METROPOLITANA,MACRORREGIONAL LESTE,21,1,0,1,0,1
UPA UNIDADE PRONTO ATENDIMENTO DE FAZENDA RIO GRANDE,CURITIBA,2a RS METROPOLITANA,MACRORREGIONAL LESTE,21,1,0,1,0,1
UPA UNIDADE PRONTO ATENDIMENTO DE FAZENDA RIO GRANDE,FAZENDA RIO GRANDE,2a RS METROPOLITANA,MACRORREGIONAL LESTE,21,2,0,2,0,2
UPA UNIDADE PRONTO ATENDIMENTO DE FAZENDA RIO GRANDE,FAZENDA RIO GRANDE,2a RS METROPOLITANA,MACRORREGIONAL LESTE,22,1,1,1,0,1
UPA UNIDADE PRONTO ATENDIMENTO DE FAZENDA RIO GRANDE,FAZENDA RIO GRANDE,2a RS METROPOLITANA,MACRORREGIONAL LESTE,23,1,1,1,0,1
UPA UNIDADE PRONTO ATENDIMENTO DE FAZENDA RIO GRANDE,FAZENDA RIO GRANDE,2a RS METROPOLITANA,MACRORREGIONAL LESTE,25,1,1,1,1,1
VMS VIGILANCIA MUNICIPAL,CURITIBA,2a RS METROPOLITANA,MACRORREGIONAL LESTE,16,1,0,1,0,0
CENTRO HOSPITALAR SAO CAMILO,PONTA GROSSA,3a RS PONTA GROSSA,MACRORREGIONAL LESTE,10,1,0,1,0,0
CENTRO HOSPITALAR SAO CAMILO,PONTA GROSSA,3a RS PONTA GROSSA,MACRORREGIONAL LESTE,11,3,0,3,0,3
CENTRO HOSPITALAR SAO CAMILO,PONTA GROSSA,3a RS PONTA GROSSA,MACRORREGIONAL LESTE,12,1,0,0,0,0
CENTRO HOSPITALAR SAO CAMILO,PONTA GROSSA,3a RS PONTA GROSSA,MACRORREGIONAL LESTE,13,1,0,0,0,0
CENTRO HOSPITALAR SAO CAMILO,PONTA GROSSA,3a RS PONTA GROSSA,MACRORREGIONAL LESTE,16,1,0,0,0,0
CENTRO HOSPITALAR SAO CAMILO,PONTA GROSSA,3a RS PONTA GROSSA,MACRORREGIONAL LESTE,17,1,0,0,1,0
CENTRO HOSPITALAR SAO CAMILO,PONTA GROSSA,3a RS PONTA GROSSA,MACRORREGIONAL LESTE,20,1,0,0,0,0
CENTRO HOSPITALAR SAO CAMILO,PONTA GROSSA,3a RS PONTA GROSSA,MACRORREGIONAL LESTE,21,1,0,0,0,0
CENTRO HOSPITALAR SAO CAMILO,PONTA GROSSA,3a RS PONTA GROSSA,MACRORREGIONAL LESTE,22,2,0,0,0,0
CENTRO HOSPITALAR SAO CAMILO,PONTA GROSSA,3a RS PONTA GROSSA,MACRORREGIONAL LESTE,24,2,0,0,1,0
CENTRO HOSPITALAR SAO CAMILO,PONTA GROSSA,3a RS PONTA GROSSA,MACRORREGIONAL LESTE,26,2,0,0,0,0
CENTRO HOSPITALAR SAO CAMILO,PONTA GROSSA,3a RS PONTA GROSSA,MACRORREGIONAL LESTE,27,3,0,0,0,0
CENTRO HOSPITALAR SAO CAMILO,PONTA GROSSA,3a RS PONTA GROSSA,MACRORREGIONAL LESTE,28,1,0,0,0,0
CENTRO HOSPITALAR SAO CAMILO,PONTA GROSSA,3a RS PONTA GROSSA,MACRORREGIONAL LESTE,29,5,0,0,0,0
CENTRO HOSPITALAR SAO CAMILO,PONTA GROSSA,3a RS PONTA GROSSA,MACRORREGIONAL LESTE,30,3,1,1,0,1
CENTRO HOSPITALAR SAO CAMILO,PONTA GROSSA,3a RS PONTA GROSSA,MACRORREGIONAL LESTE,32,1,0,0,0,0
CENTRO HOSPITALAR SAO CAMILO,PONTA GROSSA,3a RS PONTA GROSSA,MACRORREGIONAL LESTE,33,2,0,0,1,0
CENTRO HOSPITALAR SAO CAMILO,PONTA GROSSA,3a RS PONTA GROSSA,MACRORREGIONAL LESTE,34,1,0,0,0,0
CENTRO HOSPITALAR SAO CAMILO,PONTA GROSSA,3a RS PONTA GROSSA,MACRORREGIONAL LESTE,35,2,0,0,1,0
CENTRO HOSPITALAR SAO CAMILO,PONTA GROSSA,3a RS PONTA GROSSA,MACRORREGIONAL LESTE,36,1,0,0,0,0
CENTRO HOSPITALAR SAO CAMILO,PONTA GROSSA,3a RS PONTA GROSSA,MACRORREGIONAL LESTE,37,1,0,0,0,0
HOSPITAL ANNA FIORILLO MENARIM,CASTRO,3a RS PONTA GROSSA,MACRORREGIONAL LESTE,5,1,0,1,1,0
HOSPITAL ANNA FIORILLO MENARIM,CASTRO,3a RS PONTA GROSSA,MACRORREGIONAL LESTE,8,1,1,1,1,0
HOSPITAL ANNA FIORILLO MENARIM,CASTRO,3a RS PONTA GROSSA,MACRORREGIONAL LESTE,9,1,1,1,1,0
HOSPITAL ANNA FIORILLO MENARIM,CASTRO,3a RS PONTA GROSSA,MACRORREGIONAL LESTE,16,1,0,1,0,1
HOSPITAL ANNA FIORILLO MENARIM,CASTRO,3a RS PONTA GROSSA,MACRORREGIONAL LESTE,17,2,0,2,0,1
HOSPITAL ANNA FIORILLO MENARIM,CASTRO,3a RS PONTA GROSSA,MACRORREGIONAL LESTE,18,1,0,1,0,1
HOSPITAL ANNA FIORILLO MENARIM,CASTRO,3a RS PONTA GROSSA,MACRORREGIONAL LESTE,19,2,1,2,2,0
HOSPITAL ANNA FIORILLO MENARIM,CASTRO,3a RS PONTA GROSSA,MACRORREGIONAL LESTE,22,2,1,2,1,1
HOSPITAL ANNA FIORILLO MENARIM,CASTRO,3a RS PONTA GROSSA,MACRORREGIONAL LESTE,23,1,0,0,0,0
HOSPITAL ANNA FIORILLO MENARIM,CASTRO,3a RS PONTA GROSSA,MACRORREGIONAL LESTE,27,2,1,2,2,0
HOSPITAL ANNA FIORILLO MENARIM,CASTRO,3a RS PONTA GROSSA,MACRORREGIONAL LESTE,29,1,0,1,1,1
HOSPITAL DE CARIDADE DE PALMEIRA,PALMEIRA,3a RS PONTA GROSSA,MACRORREGIONAL LESTE,1,6,0,6,0,1
HOSPITAL DE CARIDADE DE PALMEIRA,PALMEIRA,3a RS PONTA GROSSA,MACRORREGIONAL LESTE,2,2,0,2,0,1
HOSPITAL DE CARIDADE DE PALMEIRA,PALMEIRA,3a RS PONTA GROSSA,MACRORREGIONAL LESTE,3,5,0,5,0,2
HOSPITAL DE CARIDADE DE PALMEIRA,PALMEIRA,3a RS PONTA GROSSA,MACRORREGIONAL LESTE,4,2,0,2,0,0
HOSPITAL DE CARIDADE DE PALMEIRA,PALMEIRA,3a RS PONTA GROSSA,MACRORREGIONAL LESTE,6,5,0,5,0,3
HOSPITAL DE CARIDADE DE PALMEIRA,PALMEIRA,3a RS PONTA GROSSA,MACRORREGIONAL LESTE,7,4,0,4,0,2
HOSPITAL DE CARIDADE DE PALMEIRA,PALMEIRA,3a RS PONTA GROSSA,MACRORREGIONAL LESTE,8,6,0,6,0,3
HOSPITAL DE CARIDADE DE PALMEIRA,PALMEIRA,3a RS PONTA GROSSA,MACRORREGIONAL LESTE,9,2,0,2,0,1
HOSPITAL DE CARIDADE DE PALMEIRA,PALMEIRA,3a RS PONTA GROSSA,MACRORREGIONAL LESTE,10,3,0,3,0,0
HOSPITAL DE CARIDADE DE PALMEIRA,PALMEIRA,3a RS PONTA GROSSA,MACRORREGIONAL LESTE,11,6,0,6,0,3
HOSPITAL DE CARIDADE DE PALMEIRA,PALMEIRA,3a RS PONTA GROSSA,MACRORREGIONAL LESTE,12,7,0,7,0,4
HOSPITAL DE CARIDADE DE PALMEIRA,PALMEIRA,3a RS PONTA GROSSA,MACRORREGIONAL LESTE,13,1,0,1,0,0
HOSPITAL DE CARIDADE DE PALMEIRA,PALMEIRA,3a RS PONTA GROSSA,MACRORREGIONAL LESTE,14,6,0,6,0,2
HOSPITAL DE CARIDADE DE PALMEIRA,PALMEIRA,3a RS PONTA GROSSA,MACRORREGIONAL LESTE,15,4,0,4,0,0
HOSPITAL DE CARIDADE DE PALMEIRA,PALMEIRA,3a RS PONTA GROSSA,MACRORREGIONAL LESTE,16,4,0,4,0,2
HOSPITAL DE CARIDADE DE PALMEIRA,PALMEIRA,3a RS PONTA GROSSA,MACRORREGIONAL LESTE,17,9,0,9,0,3
HOSPITAL DE CARIDADE DE PALMEIRA,PALMEIRA,3a RS PONTA GROSSA,MACRORREGIONAL LESTE,18,4,0,4,0,0
HOSPITAL DE CARIDADE DE PALMEIRA,PALMEIRA,3a RS PONTA GROSSA,MACRORREGIONAL LESTE,19,4,0,4,0,1
HOSPITAL DE CARIDADE DE PALMEIRA,PALMEIRA,3a RS PONTA GROSSA,MACRORREGIONAL LESTE,20,4,0,4,0,1
HOSPITAL DE CARIDADE DE PALMEIRA,PALMEIRA,3a RS PONTA GROSSA,MACRORREGIONAL LESTE,21,6,0,6,0,0
HOSPITAL DE CARIDADE DE PALMEIRA,PALMEIRA,3a RS PONTA GROSSA,MACRORREGIONAL LESTE,22,7,0,7,0,1
HOSPITAL DE CARIDADE DE PALMEIRA,PALMEIRA,3a RS PONTA GROSSA,MACRORREGIONAL LESTE,23,2,0,2,0,0
HOSPITAL DE CARIDADE DE PALMEIRA,PALMEIRA,3a RS PONTA GROSSA,MACRORREGIONAL LESTE,24,3,0,3,0,1
HOSPITAL DE CARIDADE DE PALMEIRA,PALMEIRA,3a RS PONTA GROSSA,MACRORREGIONAL LESTE,25,4,0,2,0,0
HOSPITAL DE CARIDADE DE PALMEIRA,PALMEIRA,3a RS PONTA GROSSA,MACRORREGIONAL LESTE,26,5,0,5,0,2
HOSPITAL DE CARIDADE DE PALMEIRA,PALMEIRA,3a RS PONTA GROSSA,MACRORREGIONAL LESTE,27,10,0,10,0,2
HOSPITAL DE CARIDADE DE PALMEIRA,PALMEIRA,3a RS PONTA GROSSA,MACRORREGIONAL LESTE,28,5,0,5,0,2
HOSPITAL DE CARIDADE DE PALMEIRA,PALMEIRA,3a RS PONTA GROSSA,MACRORREGIONAL LESTE,29,6,0,6,0,1
HOSPITAL DE CARIDADE DE PALMEIRA,PALMEIRA,3a RS PONTA GROSSA,MACRORREGIONAL LESTE,30,6,0,6,0,1
HOSPITAL DE CARIDADE DE PALMEIRA,PALMEIRA,3a RS PONTA GROSSA,MACRORREGIONAL LESTE,31,1,0,1,0,0
HOSPITAL DE CARIDADE DE PALMEIRA,PALMEIRA,3a RS PONTA GROSSA,MACRORREGIONAL LESTE,32,9,1,9,0,3
HOSPITAL DE CARIDADE DE PALMEIRA,PALMEIRA,3a RS PONTA GROSSA,MACRORREGIONAL LESTE,33,4,0,3,0,0
HOSPITAL DE CARIDADE DE PALMEIRA,PALMEIRA,3a RS PONTA GROSSA,MACRORREGIONAL LESTE,34,6,0,6,0,1
HOSPITAL DE CARIDADE DE PALMEIRA,PALMEIRA,3a RS PONTA GROSSA,MACRORREGIONAL LESTE,35,7,0,7,0,3
HOSPITAL DE CARIDADE DE PALMEIRA,PALMEIRA,3a RS PONTA GROSSA,MACRORREGIONAL LESTE,36,5,1,5,0,2
HOSPITAL DE CARIDADE DE PALMEIRA,PALMEIRA,3a RS PONTA GROSSA,MACRORREGIONAL LESTE,37,9,0,9,0,1
HOSPITAL DE CARIDADE DE PALMEIRA,PALMEIRA,3a RS PONTA GROSSA,MACRORREGIONAL LESTE,38,1,0,0,0,0
HOSPITAL DO CORACAO BOM JESUS,PONTA GROSSA,3a RS PONTA GROSSA,MACRORREGIONAL LESTE,2,1,0,1,0,0
HOSPITAL DO CORACAO BOM JESUS,PONTA GROSSA,3a RS PONTA GROSSA,MACRORREGIONAL LESTE,6,3,1,3,3,0
HOSPITAL DO CORACAO BOM JESUS,PONTA GROSSA,3a RS PONTA GROSSA,MACRORREGIONAL LESTE,13,3,0,3,2,1
HOSPITAL DO CORACAO BOM JESUS,PONTA GROSSA,3a RS PONTA GROSSA,MACRORREGIONAL LESTE,14,1,1,1,1,0
HOSPITAL DO CORACAO BOM JESUS,PONTA GROSSA,3a RS PONTA GROSSA,MACRORREGIONAL LESTE,15,1,0,1,1,0
HOSPITAL DO CORACAO BOM JESUS,PONTA GROSSA,3a RS PONTA GROSSA,MACRORREGIONAL LESTE,16,1,0,1,0,0
HOSPITAL DO CORACAO BOM JESUS,PONTA GROSSA,3a RS PONTA GROSSA,MACRORREGIONAL LESTE,18,1,0,1,1,0
HOSPITAL DO CORACAO BOM JESUS,PONTA GROSSA,3a RS PONTA GROSSA,MACRORREGIONAL LESTE,19,1,0,1,1,0
HOSPITAL DO CORACAO BOM JESUS,PONTA GROSSA,3a RS PONTA GROSSA,MACRORREGIONAL LESTE,20,2,1,2,0,0
HOSPITAL DO CORACAO BOM JESUS,PONTA GROSSA,3a RS PONTA GROSSA,MACRORREGIONAL LESTE,21,2,0,2,0,1
HOSPITAL DO CORACAO BOM JESUS,PONTA GROSSA,3a RS PONTA GROSSA,MACRORREGIONAL LESTE,22,1,0,1,0,1
HOSPITAL DO CORACAO BOM JESUS,PONTA GROSSA,3a RS PONTA GROSSA,MACRORREGIONAL LESTE,24,3,0,3,1,2
HOSPITAL DO CORACAO BOM JESUS,PONTA GROSSA,3a RS PONTA GROSSA,MACRORREGIONAL LESTE,25,1,0,1,0,0
HOSPITAL DO CORACAO BOM JESUS,PONTA GROSSA,3a RS PONTA GROSSA,MACRORREGIONAL LESTE,28,1,0,1,0,1
HOSPITAL DO CORACAO BOM JESUS,PONTA GROSSA,3a RS PONTA GROSSA,MACRORREGIONAL LESTE,30,1,0,1,0,0
HOSPITAL DO CORACAO BOM JESUS,PONTA GROSSA,3a RS PONTA GROSSA,MACRORREGIONAL LESTE,31,2,0,1,2,0
HOSPITAL DO CORACAO BOM JESUS,PONTA GROSSA,3a RS PONTA GROSSA,MACRORREGIONAL LESTE,34,2,0,0,2,0
HOSPITAL E MATERNIDADE IMACULADA CONCEICAO,SAO JOAO DO TRIUNFO,3a RS PONTA GROSSA,MACRORREGIONAL LESTE,25,1,0,1,0,0
HOSPITAL E MATERNIDADE IMACULADA CONCEICAO,SAO JOAO DO TRIUNFO,3a RS PONTA GROSSA,MACRORREGIONAL LESTE,29,1,0,1,0,1
HOSPITAL GERAL UNIMED,PONTA GROSSA,3a RS PONTA GROSSA,MACRORREGIONAL LESTE,1,3,1,3,3,1
HOSPITAL GERAL UNIMED,PONTA GROSSA,3a RS PONTA GROSSA,MACRORREGIONAL LESTE,2,2,0,2,0,2
HOSPITAL GERAL UNIMED,PONTA GROSSA,3a RS PONTA GROSSA,MACRORREGIONAL LESTE,3,1,1,1,1,1
HOSPITAL GERAL UNIMED,PONTA GROSSA,3a RS PONTA GROSSA,MACRORREGIONAL LESTE,6,1,1,1,1,0
HOSPITAL GERAL UNIMED,PONTA GROSSA,3a RS PONTA GROSSA,MACRORREGIONAL LESTE,7,1,0,1,0,1
HOSPITAL GERAL UNIMED,PONTA GROSSA,3a RS PONTA GROSSA,MACRORREGIONAL LESTE,8,1,0,1,0,1
HOSPITAL GERAL UNIMED,PONTA GROSSA,3a RS PONTA GROSSA,MACRORREGIONAL LESTE,9,1,0,1,0,1
HOSPITAL GERAL UNIMED,PONTA GROSSA,3a RS PONTA GROSSA,MACRORREGIONAL LESTE,10,2,1,2,1,1
HOSPITAL GERAL UNIMED,PONTA GROSSA,3a RS PONTA GROSSA,MACRORREGIONAL LESTE,12,1,0,1,0,1
HOSPITAL GERAL UNIMED,PONTA GROSSA,3a RS PONTA GROSSA,MACRORREGIONAL LESTE,13,1,0,1,0,1
HOSPITAL GERAL UNIMED,PONTA GROSSA,3a RS PONTA GROSSA,MACRORREGIONAL LESTE,14,2,0,2,1,2
HOSPITAL GERAL UNIMED,PONTA GROSSA,3a RS PONTA GROSSA,MACRORREGIONAL LESTE,15,1,0,1,0,0
HOSPITAL GERAL UNIMED,PONTA GROSSA,3a RS PONTA GROSSA,MACRORREGIONAL LESTE,16,3,1,3,1,1
HOSPITAL GERAL UNIMED,PONTA GROSSA,3a RS PONTA GROSSA,MACRORREGIONAL LESTE,17,1,0,1,1,0
HOSPITAL GERAL UNIMED,PONTA GROSSA,3a RS PONTA GROSSA,MACRORREGIONAL LESTE,18,4,0,4,3,2
HOSPITAL GERAL UNIMED,PONTA GROSSA,3a RS PONTA GROSSA,MACRORREGIONAL LESTE,19,4,0,4,1,2
HOSPITAL GERAL UNIMED,PONTA GROSSA,3a RS PONTA GROSSA,MACRORREGIONAL LESTE,20,3,0,3,1,3
HOSPITAL GERAL UNIMED,PONTA GROSSA,3a RS PONTA GROSSA,MACRORREGIONAL LESTE,21,4,1,4,1,4
HOSPITAL GERAL UNIMED,PONTA GROSSA,3a RS PONTA GROSSA,MACRORREGIONAL LESTE,23,5,0,5,1,4
HOSPITAL GERAL UNIMED,PONTA GROSSA,3a RS PONTA GROSSA,MACRORREGIONAL LESTE,24,4,0,4,0,2
HOSPITAL GERAL UNIMED,PONTA GROSSA,3a RS PONTA GROSSA,MACRORREGIONAL LESTE,25,6,0,6,1,5
HOSPITAL GERAL UNIMED,PONTA GROSSA,3a RS PONTA GROSSA,MACRORREGIONAL LESTE,26,5,0,5,1,4
HOSPITAL GERAL UNIMED,PONTA GROSSA,3a RS PONTA GROSSA,MACRORREGIONAL LESTE,27,10,0,10,2,9
HOSPITAL GERAL UNIMED,PONTA GROSSA,3a RS PONTA GROSSA,MACRORREGIONAL LESTE,28,5,0,5,2,5
HOSPITAL GERAL UNIMED,PONTA GROSSA,3a RS PONTA GROSSA,MACRORREGIONAL LESTE,29,3,0,3,1,3
HOSPITAL GERAL UNIMED,PONTA GROSSA,3a RS PONTA GROSSA,MACRORREGIONAL LESTE,30,4,0,4,1,3
HOSPITAL GERAL UNIMED,PONTA GROSSA,3a RS PONTA GROSSA,MACRORREGIONAL LESTE,31,6,1,6,3,6
HOSPITAL GERAL UNIMED,PONTA GROSSA,3a RS PONTA GROSSA,MACRORREGIONAL LESTE,32,6,0,6,1,5
HOSPITAL GERAL UNIMED,PONTA GROSSA,3a RS PONTA GROSSA,MACRORREGIONAL LESTE,33,3,0,3,0,3
HOSPITAL GERAL UNIMED,PONTA GROSSA,3a RS PONTA GROSSA,MACRORREGIONAL LESTE,34,2,0,1,1,1
HOSPITAL GERAL UNIMED,PONTA GROSSA,3a RS PONTA GROSSA,MACRORREGIONAL LESTE,35,4,0,0,0,0
HOSPITAL GERAL UNIMED,PONTA GROSSA,3a RS PONTA GROSSA,MACRORREGIONAL LESTE,36,3,0,0,0,0
HOSPITAL GERAL UNIMED,PONTA GROSSA,3a RS PONTA GROSSA,MACRORREGIONAL LESTE,37,2,0,0,1,0
HOSPITAL GERAL UNIMED,PONTA GROSSA,3a RS PONTA GROSSA,MACRORREGIONAL LESTE,38,4,0,0,1,0
HOSPITAL GERAL UNIMED,PONTA GROSSA,3a RS PONTA GROSSA,MACRORREGIONAL LESTE,39,2,0,0,0,0
HOSPITAL MUNICIPAL 18 DE DEZEMBRO,ARAPOTI,3a RS PONTA GROSSA,MACRORREGIONAL LESTE,10,1,0,1,0,1
HOSPITAL MUNICIPAL 18 DE DEZEMBRO,ARAPOTI,3a RS PONTA GROSSA,MACRORREGIONAL LESTE,24,1,1,1,0,1
HOSPITAL MUNICIPAL 18 DE DEZEMBRO,ARAPOTI,3a RS PONTA GROSSA,MACRORREGIONAL LESTE,25,1,0,1,0,1
HOSPITAL MUNICIPAL 18 DE DEZEMBRO,ARAPOTI,3a RS PONTA GROSSA,MACRORREGIONAL LESTE,26,1,0,1,0,1
HOSPITAL MUNICIPAL 18 DE DEZEMBRO,ARAPOTI,3a RS PONTA GROSSA,MACRORREGIONAL LESTE,27,3,1,2,0,0
HOSPITAL MUNICIPAL 18 DE DEZEMBRO,ARAPOTI,3a RS PONTA GROSSA,MACRORREGIONAL LESTE,28,4,1,3,0,2
HOSPITAL MUNICIPAL 18 DE DEZEMBRO,ARAPOTI,3a RS PONTA GROSSA,MACRORREGIONAL LESTE,29,3,0,2,0,2
HOSPITAL MUNICIPAL 18 DE DEZEMBRO,ARAPOTI,3a RS PONTA GROSSA,MACRORREGIONAL LESTE,30,4,0,2,0,0
HOSPITAL MUNICIPAL 18 DE DEZEMBRO,ARAPOTI,3a RS PONTA GROSSA,MACRORREGIONAL LESTE,31,4,0,1,0,1
HOSPITAL MUNICIPAL 18 DE DEZEMBRO,ARAPOTI,3a RS PONTA GROSSA,MACRORREGIONAL LESTE,32,1,0,0,0,0
HOSPITAL MUNICIPAL 18 DE DEZEMBRO,ARAPOTI,3a RS PONTA GROSSA,MACRORREGIONAL LESTE,33,1,0,0,0,0
HOSPITAL MUNICIPAL 18 DE DEZEMBRO,ARAPOTI,3a RS PONTA GROSSA,MACRORREGIONAL LESTE,34,4,0,0,0,0
HOSPITAL MUNICIPAL 18 DE DEZEMBRO,ARAPOTI,3a RS PONTA GROSSA,MACRORREGIONAL LESTE,35,1,0,0,0,0
HOSPITAL MUNICIPAL 18 DE DEZEMBRO,ARAPOTI,3a RS PONTA GROSSA,MACRORREGIONAL LESTE,36,7,0,0,0,0
HOSPITAL MUNICIPAL 18 DE DEZEMBRO,ARAPOTI,3a RS PONTA GROSSA,MACRORREGIONAL LESTE,37,2,0,0,0,0
HOSPITAL MUNICIPAL 18 DE DEZEMBRO,ARAPOTI,3a RS PONTA GROSSA,MACRORREGIONAL LESTE,38,2,0,0,0,0
HOSPITAL MUNICIPAL 18 DE DEZEMBRO,ARAPOTI,3a RS PONTA GROSSA,MACRORREGIONAL LESTE,39,2,0,0,0,0
HOSPITAL MUNICIPAL CAROLINA LUPION,JAGUARIAIVA,3a RS PONTA GROSSA,MACRORREGIONAL LESTE,1,3,0,3,0,1
HOSPITAL MUNICIPAL CAROLINA LUPION,JAGUARIAIVA,3a RS PONTA GROSSA,MACRORREGIONAL LESTE,2,4,0,4,0,0
HOSPITAL MUNICIPAL CAROLINA LUPION,JAGUARIAIVA,3a RS PONTA GROSSA,MACRORREGIONAL LESTE,3,2,0,2,0,0
HOSPITAL MUNICIPAL CAROLINA LUPION,JAGUARIAIVA,3a RS PONTA GROSSA,MACRORREGIONAL LESTE,4,8,0,8,0,3
HOSPITAL MUNICIPAL CAROLINA LUPION,JAGUARIAIVA,3a RS PONTA GROSSA,MACRORREGIONAL LESTE,5,4,0,4,0,2
HOSPITAL MUNICIPAL CAROLINA LUPION,JAGUARIAIVA,3a RS PONTA GROSSA,MACRORREGIONAL LESTE,6,10,0,10,0,3
HOSPITAL MUNICIPAL CAROLINA LUPION,JAGUARIAIVA,3a RS PONTA GROSSA,MACRORREGIONAL LESTE,7,7,0,7,0,2
HOSPITAL MUNICIPAL CAROLINA LUPION,JAGUARIAIVA,3a RS PONTA GROSSA,MACRORREGIONAL LESTE,8,8,0,8,0,7
HOSPITAL MUNICIPAL CAROLINA LUPION,JAGUARIAIVA,3a RS PONTA GROSSA,MACRORREGIONAL LESTE,9,16,0,14,0,6
HOSPITAL MUNICIPAL CAROLINA LUPION,JAGUARIAIVA,3a RS PONTA GROSSA,MACRORREGIONAL LESTE,10,11,0,11,0,7
HOSPITAL MUNICIPAL CAROLINA LUPION,JAGUARIAIVA,3a RS PONTA GROSSA,MACRORREGIONAL LESTE,11,11,0,11,0,6
HOSPITAL MUNICIPAL CAROLINA LUPION,JAGUARIAIVA,3a RS PONTA GROSSA,MACRORREGIONAL LESTE,12,9,0,8,0,5
HOSPITAL MUNICIPAL CAROLINA LUPION,JAGUARIAIVA,3a RS PONTA GROSSA,MACRORREGIONAL LESTE,13,8,0,8,0,5
HOSPITAL MUNICIPAL CAROLINA LUPION,JAGUARIAIVA,3a RS PONTA GROSSA,MACRORREGIONAL LESTE,14,12,0,12,0,8
HOSPITAL MUNICIPAL CAROLINA LUPION,JAGUARIAIVA,3a RS PONTA GROSSA,MACRORREGIONAL LESTE,15,9,0,9,0,5
HOSPITAL MUNICIPAL CAROLINA LUPION,JAGUARIAIVA,3a RS PONTA GROSSA,MACRORREGIONAL LESTE,16,7,0,7,0,4
HOSPITAL MUNICIPAL CAROLINA LUPION,JAGUARIAIVA,3a RS PONTA GROSSA,MACRORREGIONAL LESTE,17,12,0,9,0,4
HOSPITAL MUNICIPAL CAROLINA LUPION,JAGUARIAIVA,3a RS PONTA GROSSA,MACRORREGIONAL LESTE,18,7,0,7,0,3
HOSPITAL MUNICIPAL CAROLINA LUPION,JAGUARIAIVA,3a RS PONTA GROSSA,MACRORREGIONAL LESTE,19,7,0,5,2,2
HOSPITAL MUNICIPAL CAROLINA LUPION,JAGUARIAIVA,3a RS PONTA GROSSA,MACRORREGIONAL LESTE,20,9,0,9,0,4
HOSPITAL MUNICIPAL CAROLINA LUPION,JAGUARIAIVA,3a RS PONTA GROSSA,MACRORREGIONAL LESTE,21,2,0,2,0,2
HOSPITAL MUNICIPAL CAROLINA LUPION,JAGUARIAIVA,3a RS PONTA GROSSA,MACRORREGIONAL LESTE,22,2,0,2,0,2
HOSPITAL MUNICIPAL CAROLINA LUPION,JAGUARIAIVA,3a RS PONTA GROSSA,MACRORREGIONAL LESTE,23,4,0,4,0,4
HOSPITAL MUNICIPAL CAROLINA LUPION,JAGUARIAIVA,3a RS PONTA GROSSA,MACRORREGIONAL LESTE,24,1,0,1,0,1
HOSPITAL MUNICIPAL CAROLINA LUPION,JAGUARIAIVA,3a RS PONTA GROSSA,MACRORREGIONAL LESTE,25,3,0,3,0,3
HOSPITAL MUNICIPAL CAROLINA LUPION,JAGUARIAIVA,3a RS PONTA GROSSA,MACRORREGIONAL LESTE,26,3,0,3,0,3
HOSPITAL MUNICIPAL CAROLINA LUPION,JAGUARIAIVA,3a RS PONTA GROSSA,MACRORREGIONAL LESTE,27,9,0,9,0,9
HOSPITAL MUNICIPAL CAROLINA LUPION,JAGUARIAIVA,3a RS PONTA GROSSA,MACRORREGIONAL LESTE,28,9,0,8,0,8
HOSPITAL MUNICIPAL CAROLINA LUPION,JAGUARIAIVA,3a RS PONTA GROSSA,MACRORREGIONAL LESTE,29,5,0,5,0,5
HOSPITAL MUNICIPAL CAROLINA LUPION,JAGUARIAIVA,3a RS PONTA GROSSA,MACRORREGIONAL LESTE,30,3,0,3,0,3
HOSPITAL MUNICIPAL CAROLINA LUPION,JAGUARIAIVA,3a RS PONTA GROSSA,MACRORREGIONAL LESTE,31,4,0,4,0,4
HOSPITAL MUNICIPAL CAROLINA LUPION,JAGUARIAIVA,3a RS PONTA GROSSA,MACRORREGIONAL LESTE,32,5,0,5,0,5
HOSPITAL MUNICIPAL CAROLINA LUPION,JAGUARIAIVA,3a RS PONTA GROSSA,MACRORREGIONAL LESTE,33,2,0,2,0,2
HOSPITAL MUNICIPAL CAROLINA LUPION,JAGUARIAIVA,3a RS PONTA GROSSA,MACRORREGIONAL LESTE,34,4,0,2,0,2
HOSPITAL MUNICIPAL CAROLINA LUPION,JAGUARIAIVA,3a RS PONTA GROSSA,MACRORREGIONAL LESTE,35,8,0,5,0,4
HOSPITAL MUNICIPAL CAROLINA LUPION,JAGUARIAIVA,3a RS PONTA GROSSA,MACRORREGIONAL LESTE,36,3,0,0,0,0
HOSPITAL MUNICIPAL CAROLINA LUPION,JAGUARIAIVA,3a RS PONTA GROSSA,MACRORREGIONAL LESTE,37,3,0,0,1,0
HOSPITAL MUNICIPAL CAROLINA LUPION,JAGUARIAIVA,3a RS PONTA GROSSA,MACRORREGIONAL LESTE,38,3,0,0,0,0
HOSPITAL MUNICIPAL CAROLINA LUPION,JAGUARIAIVA,3a RS PONTA GROSSA,MACRORREGIONAL LESTE,39,5,0,0,0,0
HOSPITAL MUNICIPAL VICENTE GROCHOSKI,IVAI,3a RS PONTA GROSSA,MACRORREGIONAL LESTE,22,2,0,2,0,1
HOSPITAL MUNICIPAL VICENTE GROCHOSKI,IVAI,3a RS PONTA GROSSA,MACRORREGIONAL LESTE,23,1,0,1,0,0
HOSPITAL MUNICIPAL VICENTE GROCHOSKI,IVAI,3a RS PONTA GROSSA,MACRORREGIONAL LESTE,26,3,0,3,0,3
HOSPITAL MUNICIPAL VICENTE GROCHOSKI,IVAI,3a RS PONTA GROSSA,MACRORREGIONAL LESTE,27,1,0,1,0,1
HOSPITAL MUNICIPAL VICENTE GROCHOSKI,IVAI,3a RS PONTA GROSSA,MACRORREGIONAL LESTE,30,1,0,0,0,1
HOSPITAL MUNICIPAL VICENTE GROCHOSKI,IVAI,3a RS PONTA GROSSA,MACRORREGIONAL LESTE,31,2,0,1,0,2
HOSPITAL MUNICIPAL VICENTE GROCHOSKI,IVAI,3a RS PONTA GROSSA,MACRORREGIONAL LESTE,32,2,0,2,0,1
HOSPITAL MUNICIPAL VICENTE GROCHOSKI,IVAI,3a RS PONTA GROSSA,MACRORREGIONAL LESTE,33,2,0,2,0,1
HOSPITAL MUNICIPAL VICENTE GROCHOSKI,IVAI,3a RS PONTA GROSSA,MACRORREGIONAL LESTE,35,2,0,2,0,1
HOSPITAL SANTO ANTONIO,PIRAI DO SUL,3a RS PONTA GROSSA,MACRORREGIONAL LESTE,24,1,0,0,0,0
HOSPITAL SANTO ANTONIO,PIRAI DO SUL,3a RS PONTA GROSSA,MACRORREGIONAL LESTE,28,3,0,3,0,0
HOSPITAL SANTO ANTONIO,PIRAI DO SUL,3a RS PONTA GROSSA,MACRORREGIONAL LESTE,30,1,0,1,0,0
HOSPITAL SANTO ANTONIO,PIRAI DO SUL,3a RS PONTA GROSSA,MACRORREGIONAL LESTE,31,3,0,3,0,1
HOSPITAL SANTO ANTONIO,PIRAI DO SUL,3a RS PONTA GROSSA,MACRORREGIONAL LESTE,32,3,0,3,0,2
HOSPITAL SANTO ANTONIO,PIRAI DO SUL,3a RS PONTA GROSSA,MACRORREGIONAL LESTE,33,3,0,3,0,2
HOSPITAL SANTO ANTONIO,PIRAI DO SUL,3a RS PONTA GROSSA,MACRORREGIONAL LESTE,34,6,2,6,0,2
HOSPITAL SANTO ANTONIO,PIRAI DO SUL,3a RS PONTA GROSSA,MACRORREGIONAL LESTE,35,3,0,2,0,1
HOSPITAL SANTO ANTONIO,PIRAI DO SUL,3a RS PONTA GROSSA,MACRORREGIONAL LESTE,36,4,0,4,0,1
HOSPITAL SANTO ANTONIO,PIRAI DO SUL,3a RS PONTA GROSSA,MACRORREGIONAL LESTE,38,4,0,0,0,0
HOSPITAL UNIVERSITARIO REGIONAL DOS CAMPOS GERAIS,PONTA GROSSA,3a RS PONTA GROSSA,MACRORREGIONAL LESTE,1,8,0,8,3,3
HOSPITAL UNIVERSITARIO REGIONAL DOS CAMPOS GERAIS,PONTA GROSSA,3a RS PONTA GROSSA,MACRORREGIONAL LESTE,2,7,0,7,0,1
HOSPITAL UNIVERSITARIO REGIONAL DOS CAMPOS GERAIS,PONTA GROSSA,3a RS PONTA GROSSA,MACRORREGIONAL LESTE,3,5,0,5,0,2
HOSPITAL UNIVERSITARIO REGIONAL DOS CAMPOS GERAIS,PONTA GROSSA,3a RS PONTA GROSSA,MACRORREGIONAL LESTE,4,2,0,2,0,0
HOSPITAL UNIVERSITARIO REGIONAL DOS CAMPOS GERAIS,PONTA GROSSA,3a RS PONTA GROSSA,MACRORREGIONAL LESTE,5,2,0,2,0,1
HOSPITAL UNIVERSITARIO REGIONAL DOS CAMPOS GERAIS,PONTA GROSSA,3a RS PONTA GROSSA,MACRORREGIONAL LESTE,6,3,0,3,0,1
HOSPITAL UNIVERSITARIO REGIONAL DOS CAMPOS GERAIS,PONTA GROSSA,3a RS PONTA GROSSA,MACRORREGIONAL LESTE,7,13,0,13,0,11
HOSPITAL UNIVERSITARIO REGIONAL DOS CAMPOS GERAIS,PONTA GROSSA,3a RS PONTA GROSSA,MACRORREGIONAL LESTE,8,10,0,10,0,7
HOSPITAL UNIVERSITARIO REGIONAL DOS CAMPOS GERAIS,PONTA GROSSA,3a RS PONTA GROSSA,MACRORREGIONAL LESTE,9,7,0,7,1,5
HOSPITAL UNIVERSITARIO REGIONAL DOS CAMPOS GERAIS,PONTA GROSSA,3a RS PONTA GROSSA,MACRORREGIONAL LESTE,10,15,0,15,1,10
HOSPITAL UNIVERSITARIO REGIONAL DOS CAMPOS GERAIS,PONTA GROSSA,3a RS PONTA GROSSA,MACRORREGIONAL LESTE,11,8,0,8,3,3
HOSPITAL UNIVERSITARIO REGIONAL DOS CAMPOS GERAIS,PONTA GROSSA,3a RS PONTA GROSSA,MACRORREGIONAL LESTE,12,9,0,9,2,3
HOSPITAL UNIVERSITARIO REGIONAL DOS CAMPOS GERAIS,PONTA GROSSA,3a RS PONTA GROSSA,MACRORREGIONAL LESTE,13,13,0,13,2,10
HOSPITAL UNIVERSITARIO REGIONAL DOS CAMPOS GERAIS,PONTA GROSSA,3a RS PONTA GROSSA,MACRORREGIONAL LESTE,14,17,0,17,2,11
HOSPITAL UNIVERSITARIO REGIONAL DOS CAMPOS GERAIS,PONTA GROSSA,3a RS PONTA GROSSA,MACRORREGIONAL LESTE,15,22,1,22,2,14
HOSPITAL UNIVERSITARIO REGIONAL DOS CAMPOS GERAIS,PONTA GROSSA,3a RS PONTA GROSSA,MACRORREGIONAL LESTE,16,19,1,19,3,10
HOSPITAL UNIVERSITARIO REGIONAL DOS CAMPOS GERAIS,PONTA GROSSA,3a RS PONTA GROSSA,MACRORREGIONAL LESTE,17,14,1,14,2,7
HOSPITAL UNIVERSITARIO REGIONAL DOS CAMPOS GERAIS,PONTA GROSSA,3a RS PONTA GROSSA,MACRORREGIONAL LESTE,18,18,1,18,1,5
HOSPITAL UNIVERSITARIO REGIONAL DOS CAMPOS GERAIS,PONTA GROSSA,3a RS PONTA GROSSA,MACRORREGIONAL LESTE,19,24,0,24,2,16
HOSPITAL UNIVERSITARIO REGIONAL DOS CAMPOS GERAIS,PONTA GROSSA,3a RS PONTA GROSSA,MACRORREGIONAL LESTE,20,22,1,22,4,19
HOSPITAL UNIVERSITARIO REGIONAL DOS CAMPOS GERAIS,PONTA GROSSA,3a RS PONTA GROSSA,MACRORREGIONAL LESTE,21,29,0,29,1,18
HOSPITAL UNIVERSITARIO REGIONAL DOS CAMPOS GERAIS,PONTA GROSSA,3a RS PONTA GROSSA,MACRORREGIONAL LESTE,22,25,1,25,2,15
HOSPITAL UNIVERSITARIO REGIONAL DOS CAMPOS GERAIS,PONTA GROSSA,3a RS PONTA GROSSA,MACRORREGIONAL LESTE,23,18,0,18,2,9
HOSPITAL UNIVERSITARIO REGIONAL DOS CAMPOS GERAIS,PONTA GROSSA,3a RS PONTA GROSSA,MACRORREGIONAL LESTE,24,25,1,25,2,18
HOSPITAL UNIVERSITARIO REGIONAL DOS CAMPOS GERAIS,PONTA GROSSA,3a RS PONTA GROSSA,MACRORREGIONAL LESTE,25,25,2,25,3,14
HOSPITAL UNIVERSITARIO REGIONAL DOS CAMPOS GERAIS,PONTA GROSSA,3a RS PONTA GROSSA,MACRORREGIONAL LESTE,26,29,2,29,5,22
HOSPITAL UNIVERSITARIO REGIONAL DOS CAMPOS GERAIS,PONTA GROSSA,3a RS PONTA GROSSA,MACRORREGIONAL LESTE,27,29,0,29,1,23
HOSPITAL UNIVERSITARIO REGIONAL DOS CAMPOS GERAIS,PONTA GROSSA,3a RS PONTA GROSSA,MACRORREGIONAL LESTE,28,29,1,29,5,17
HOSPITAL UNIVERSITARIO REGIONAL DOS CAMPOS GERAIS,PONTA GROSSA,3a RS PONTA GROSSA,MACRORREGIONAL LESTE,29,14,0,14,2,9
HOSPITAL UNIVERSITARIO REGIONAL DOS CAMPOS GERAIS,PONTA GROSSA,3a RS PONTA GROSSA,MACRORREGIONAL LESTE,30,12,0,12,1,9
HOSPITAL UNIVERSITARIO REGIONAL DOS CAMPOS GERAIS,PONTA GROSSA,3a RS PONTA GROSSA,MACRORREGIONAL LESTE,31,14,0,14,2,8
HOSPITAL UNIVERSITARIO REGIONAL DOS CAMPOS GERAIS,PONTA GROSSA,3a RS PONTA GROSSA,MACRORREGIONAL LESTE,32,12,0,12,1,10
HOSPITAL UNIVERSITARIO REGIONAL DOS CAMPOS GERAIS,PONTA GROSSA,3a RS PONTA GROSSA,MACRORREGIONAL LESTE,33,17,0,17,2,11
HOSPITAL UNIVERSITARIO REGIONAL DOS CAMPOS GERAIS,PONTA GROSSA,3a RS PONTA GROSSA,MACRORREGIONAL LESTE,34,15,0,15,0,9
HOSPITAL UNIVERSITARIO REGIONAL DOS CAMPOS GERAIS,PONTA GROSSA,3a RS PONTA GROSSA,MACRORREGIONAL LESTE,35,15,0,15,2,13
HOSPITAL UNIVERSITARIO REGIONAL DOS CAMPOS GERAIS,PONTA GROSSA,3a RS PONTA GROSSA,MACRORREGIONAL LESTE,36,10,0,9,2,8
HOSPITAL UNIVERSITARIO REGIONAL DOS CAMPOS GERAIS,PONTA GROSSA,3a RS PONTA GROSSA,MACRORREGIONAL LESTE,37,13,0,13,1,9
HOSPITAL UNIVERSITARIO REGIONAL DOS CAMPOS GERAIS,PONTA GROSSA,3a RS PONTA GROSSA,MACRORREGIONAL LESTE,38,9,0,6,0,4
HOSPITAL UNIVERSITARIO REGIONAL DOS CAMPOS GERAIS,PONTA GROSSA,3a RS PONTA GROSSA,MACRORREGIONAL LESTE,39,4,0,0,1,0
PRONTO ATENDIMENTO MUNICIPAL DE SENGES,SENGES,3a RS PONTA GROSSA,MACRORREGIONAL LESTE,14,1,0,1,0,0
PRONTO ATENDIMENTO MUNICIPAL DE SENGES,SENGES,3a RS PONTA GROSSA,MACRORREGIONAL LESTE,20,1,0,1,0,0
PRONTO ATENDIMENTO MUNICIPAL DE SENGES,SENGES,3a RS PONTA GROSSA,MACRORREGIONAL LESTE,23,1,0,1,0,0
PRONTO ATENDIMENTO MUNICIPAL DE SENGES,SENGES,3a RS PONTA GROSSA,MACRORREGIONAL LESTE,25,1,0,1,0,0
SANTA CASA DE MISERICORDIA DE PONTA GROSSA,PONTA GROSSA,3a RS PONTA GROSSA,MACRORREGIONAL LESTE,1,1,1,1,1,0
SANTA CASA DE MISERICORDIA DE PONTA GROSSA,PONTA GROSSA,3a RS PONTA GROSSA,MACRORREGIONAL LESTE,2,1,0,1,1,0
SANTA CASA DE MISERICORDIA DE PONTA GROSSA,PONTA GROSSA,3a RS PONTA GROSSA,MACRORREGIONAL LESTE,3,4,0,4,2,0
SANTA CASA DE MISERICORDIA DE PONTA GROSSA,PONTA GROSSA,3a RS PONTA GROSSA,MACRORREGIONAL LESTE,5,1,0,1,1,1
SANTA CASA DE MISERICORDIA DE PONTA GROSSA,PONTA GROSSA,3a RS PONTA GROSSA,MACRORREGIONAL LESTE,6,1,0,1,1,0
SANTA CASA DE MISERICORDIA DE PONTA GROSSA,PONTA GROSSA,3a RS PONTA GROSSA,MACRORREGIONAL LESTE,7,1,0,1,1,1
SANTA CASA DE MISERICORDIA DE PONTA GROSSA,PONTA GROSSA,3a RS PONTA GROSSA,MACRORREGIONAL LESTE,10,1,0,1,0,1
SANTA CASA DE MISERICORDIA DE PONTA GROSSA,PONTA GROSSA,3a RS PONTA GROSSA,MACRORREGIONAL LESTE,11,1,0,1,0,0
SANTA CASA DE MISERICORDIA DE PONTA GROSSA,PONTA GROSSA,3a RS PONTA GROSSA,MACRORREGIONAL LESTE,12,2,0,2,1,1
SANTA CASA DE MISERICORDIA DE PONTA GROSSA,PONTA GROSSA,3a RS PONTA GROSSA,MACRORREGIONAL LESTE,15,4,0,4,0,2
SANTA CASA DE MISERICORDIA DE PONTA GROSSA,PONTA GROSSA,3a RS PONTA GROSSA,MACRORREGIONAL LESTE,16,3,2,3,2,3
SANTA CASA DE MISERICORDIA DE PONTA GROSSA,PONTA GROSSA,3a RS PONTA GROSSA,MACRORREGIONAL LESTE,17,2,0,2,0,2
SANTA CASA DE MISERICORDIA DE PONTA GROSSA,PONTA GROSSA,3a RS PONTA GROSSA,MACRORREGIONAL LESTE,18,3,0,3,0,2
SANTA CASA DE MISERICORDIA DE PONTA GROSSA,PONTA GROSSA,3a RS PONTA GROSSA,MACRORREGIONAL LESTE,19,1,0,1,0,0
SANTA CASA DE MISERICORDIA DE PONTA GROSSA,PONTA GROSSA,3a RS PONTA GROSSA,MACRORREGIONAL LESTE,20,4,1,4,2,3
SANTA CASA DE MISERICORDIA DE PONTA GROSSA,PONTA GROSSA,3a RS PONTA GROSSA,MACRORREGIONAL LESTE,21,3,1,3,1,0
SANTA CASA DE MISERICORDIA DE PONTA GROSSA,PONTA GROSSA,3a RS PONTA GROSSA,MACRORREGIONAL LESTE,22,4,0,4,1,1
SANTA CASA DE MISERICORDIA DE PONTA GROSSA,PONTA GROSSA,3a RS PONTA GROSSA,MACRORREGIONAL LESTE,23,3,0,3,0,3
SANTA CASA DE MISERICORDIA DE PONTA GROSSA,PONTA GROSSA,3a RS PONTA GROSSA,MACRORREGIONAL LESTE,24,8,1,8,2,3
SANTA CASA DE MISERICORDIA DE PONTA GROSSA,PONTA GROSSA,3a RS PONTA GROSSA,MACRORREGIONAL LESTE,25,2,1,2,2,0
SANTA CASA DE MISERICORDIA DE PONTA GROSSA,PONTA GROSSA,3a RS PONTA GROSSA,MACRORREGIONAL LESTE,26,2,1,2,0,0
SANTA CASA DE MISERICORDIA DE PONTA GROSSA,PONTA GROSSA,3a RS PONTA GROSSA,MACRORREGIONAL LESTE,27,3,0,3,1,0
SANTA CASA DE MISERICORDIA DE PONTA GROSSA,PONTA GROSSA,3a RS PONTA GROSSA,MACRORREGIONAL LESTE,28,5,1,5,2,2
SANTA CASA DE MISERICORDIA DE PONTA GROSSA,PONTA GROSSA,3a RS PONTA GROSSA,MACRORREGIONAL LESTE,29,3,0,3,2,0
SANTA CASA DE MISERICORDIA DE PONTA GROSSA,PONTA GROSSA,3a RS PONTA GROSSA,MACRORREGIONAL LESTE,30,3,0,3,1,0
SANTA CASA DE MISERICORDIA DE PONTA GROSSA,PONTA GROSSA,3a RS PONTA GROSSA,MACRORREGIONAL LESTE,31,4,0,1,1,0
SANTA CASA DE MISERICORDIA DE PONTA GROSSA,PONTA GROSSA,3a RS PONTA GROSSA,MACRORREGIONAL LESTE,37,1,0,1,0,0
UNIDADE DE PRONTO ATENDIMENTO MOACIR ELIAS FADEL,CASTRO,3a RS PONTA GROSSA,MACRORREGIONAL LESTE,10,1,0,1,0,0
UNIDADE DE PRONTO ATENDIMENTO MOACIR ELIAS FADEL,CASTRO,3a RS PONTA GROSSA,MACRORREGIONAL LESTE,21,1,0,1,0,0
UNIDADE DE PRONTO ATENDIMENTO MOACIR ELIAS FADEL,CASTRO,3a RS PONTA GROSSA,MACRORREGIONAL LESTE,24,1,0,0,1,1
UNIDADE DE PRONTO ATENDIMENTO MOACIR ELIAS FADEL,PONTA GROSSA,3a RS PONTA GROSSA,MACRORREGIONAL LESTE,25,1,0,0,1,1
UNIDADE DE PRONTO ATENDIMENTO MOACIR ELIAS FADEL,CASTRO,3a RS PONTA GROSSA,MACRORREGIONAL LESTE,27,1,0,1,1,0
UNIDADE DE PRONTO ATENDIMENTO MOACIR ELIAS FADEL,CASTRO,3a RS PONTA GROSSA,MACRORREGIONAL LESTE,32,3,0,0,1,1
UNIDADE DE PRONTO ATENDIMENTO MOACIR ELIAS FADEL,CASTRO,3a RS PONTA GROSSA,MACRORREGIONAL LESTE,33,1,0,0,0,0
UNIDADE DE PRONTO ATENDIMENTO UPA SANTANA,PONTA GROSSA,3a RS PONTA GROSSA,MACRORREGIONAL LESTE,25,5,3,4,0,1
UNIDADE DE PRONTO ATENDIMENTO UPA SANTANA,PONTA GROSSA,3a RS PONTA GROSSA,MACRORREGIONAL LESTE,26,1,1,1,0,0
UNIDADE DE PRONTO ATENDIMENTO UPA SANTANA,PONTA GROSSA,3a RS PONTA GROSSA,MACRORREGIONAL LESTE,28,2,1,2,0,0
UNIDADE DE PRONTO ATENDIMENTO UPA SANTANA,PONTA GROSSA,3a RS PONTA GROSSA,MACRORREGIONAL LESTE,29,2,0,2,0,0
UNIDADE DE PRONTO ATENDIMENTO UPA SANTANA,PONTA GROSSA,3a RS PONTA GROSSA,MACRORREGIONAL LESTE,30,1,0,1,0,1
UNIDADE DE PRONTO ATENDIMENTO UPA UVARANAS,PONTA GROSSA,3a RS PONTA GROSSA,MACRORREGIONAL LESTE,19,1,0,1,0,1
UNIDADE DE PRONTO ATENDIMENTO UPA UVARANAS,PONTA GROSSA,3a RS PONTA GROSSA,MACRORREGIONAL LESTE,21,1,1,1,0,0
UNIDADE DE PRONTO ATENDIMENTO UPA UVARANAS,PONTA GROSSA,3a RS PONTA GROSSA,MACRORREGIONAL LESTE,28,1,0,1,0,1
AAHTS,TEIXEIRA SOARES,4a RS IRATI,MACRORREGIONAL LESTE,1,1,0,1,0,0
AAHTS,TEIXEIRA SOARES,4a RS IRATI,MACRORREGIONAL LESTE,8,1,0,1,0,1
AAHTS,TEIXEIRA SOARES,4a RS IRATI,MACRORREGIONAL LESTE,10,3,0,3,0,2
AAHTS,TEIXEIRA SOARES,4a RS IRATI,MACRORREGIONAL LESTE,13,2,0,2,0,1
AAHTS,TEIXEIRA SOARES,4a RS IRATI,MACRORREGIONAL LESTE,15,1,0,1,0,0
AAHTS,TEIXEIRA SOARES,4a RS IRATI,MACRORREGIONAL LESTE,17,1,0,1,0,0
AAHTS,TEIXEIRA SOARES,4a RS IRATI,MACRORREGIONAL LESTE,18,2,0,2,0,0
AAHTS,TEIXEIRA SOARES,4a RS IRATI,MACRORREGIONAL LESTE,19,1,0,1,0,0
AAHTS,TEIXEIRA SOARES,4a RS IRATI,MACRORREGIONAL LESTE,20,1,0,1,0,0
AAHTS,TEIXEIRA SOARES,4a RS IRATI,MACRORREGIONAL LESTE,21,2,0,2,0,2
AAHTS,TEIXEIRA SOARES,4a RS IRATI,MACRORREGIONAL LESTE,22,1,1,1,1,1
AAHTS,TEIXEIRA SOARES,4a RS IRATI,MACRORREGIONAL LESTE,24,1,0,1,0,1
AAHTS,TEIXEIRA SOARES,4a RS IRATI,MACRORREGIONAL LESTE,25,2,0,2,0,0
AAHTS,TEIXEIRA SOARES,4a RS IRATI,MACRORREGIONAL LESTE,26,4,1,4,0,3
AAHTS,TEIXEIRA SOARES,4a RS IRATI,MACRORREGIONAL LESTE,27,2,0,2,0,1
AAHTS,TEIXEIRA SOARES,4a RS IRATI,MACRORREGIONAL LESTE,28,2,0,2,0,1
AAHTS,TEIXEIRA SOARES,4a RS IRATI,MACRORREGIONAL LESTE,29,2,0,2,1,1
AAHTS,TEIXEIRA SOARES,4a RS IRATI,MACRORREGIONAL LESTE,30,3,0,3,0,1
AAHTS,TEIXEIRA SOARES,4a RS IRATI,MACRORREGIONAL LESTE,32,5,0,4,0,3
AAHTS,TEIXEIRA SOARES,4a RS IRATI,MACRORREGIONAL LESTE,33,2,0,2,0,1
AAHTS,TEIXEIRA SOARES,4a RS IRATI,MACRORREGIONAL LESTE,34,1,0,1,0,1
AAHTS,TEIXEIRA SOARES,4a RS IRATI,MACRORREGIONAL LESTE,35,2,0,1,0,0
AAHTS,TEIXEIRA SOARES,4a RS IRATI,MACRORREGIONAL LESTE,36,1,0,0,0,0
AAHTS,TEIXEIRA SOARES,4a RS IRATI,MACRORREGIONAL LESTE,37,1,0,0,0,0
AAHTS,TEIXEIRA SOARES,4a RS IRATI,MACRORREGIONAL LESTE,38,2,0,0,0,0
CENTRO DE SAUDE,IRATI,4a RS IRATI,MACRORREGIONAL LESTE,4,1,0,1,0,0
CENTRO DE SAUDE,IRATI,4a RS IRATI,MACRORREGIONAL LESTE,17,1,0,1,0,1
CENTRO DE SAUDE,IRATI,4a RS IRATI,MACRORREGIONAL LESTE,18,1,0,1,0,1
CENTRO DE SAUDE,IRATI,4a RS IRATI,MACRORREGIONAL LESTE,24,1,0,1,0,1
HOSPITAL DE CARIDADE DONA DARCY VARGAS,REBOUCAS,4a RS IRATI,MACRORREGIONAL LESTE,1,1,0,1,0,1
HOSPITAL DE CARIDADE DONA DARCY VARGAS,REBOUCAS,4a RS IRATI,MACRORREGIONAL LESTE,2,2,0,2,0,0
HOSPITAL DE CARIDADE DONA DARCY VARGAS,REBOUCAS,4a RS IRATI,MACRORREGIONAL LESTE,3,1,0,1,0,0
HOSPITAL DE CARIDADE DONA DARCY VARGAS,REBOUCAS,4a RS IRATI,MACRORREGIONAL LESTE,4,3,0,3,0,0
HOSPITAL DE CARIDADE DONA DARCY VARGAS,REBOUCAS,4a RS IRATI,MACRORREGIONAL LESTE,5,1,0,1,0,0
HOSPITAL DE CARIDADE DONA DARCY VARGAS,REBOUCAS,4a RS IRATI,MACRORREGIONAL LESTE,7,1,1,1,0,0
HOSPITAL DE CARIDADE DONA DARCY VARGAS,REBOUCAS,4a RS IRATI,MACRORREGIONAL LESTE,14,2,1,2,0,1
HOSPITAL DE CARIDADE DONA DARCY VARGAS,REBOUCAS,4a RS IRATI,MACRORREGIONAL LESTE,16,2,0,2,0,1
HOSPITAL DE CARIDADE DONA DARCY VARGAS,REBOUCAS,4a RS IRATI,MACRORREGIONAL LESTE,17,2,1,2,0,2
HOSPITAL DE CARIDADE DONA DARCY VARGAS,REBOUCAS,4a RS IRATI,MACRORREGIONAL LESTE,18,5,0,5,0,0
HOSPITAL DE CARIDADE DONA DARCY VARGAS,REBOUCAS,4a RS IRATI,MACRORREGIONAL LESTE,19,4,0,4,0,2
HOSPITAL DE CARIDADE DONA DARCY VARGAS,REBOUCAS,4a RS IRATI,MACRORREGIONAL LESTE,21,2,0,2,0,1
HOSPITAL DE CARIDADE DONA DARCY VARGAS,REBOUCAS,4a RS IRATI,MACRORREGIONAL LESTE,22,3,0,3,0,1
HOSPITAL DE CARIDADE DONA DARCY VARGAS,REBOUCAS,4a RS IRATI,MACRORREGIONAL LESTE,23,2,0,2,0,1
HOSPITAL DE CARIDADE DONA DARCY VARGAS,REBOUCAS,4a RS IRATI,MACRORREGIONAL LESTE,24,3,0,3,0,1
HOSPITAL DE CARIDADE DONA DARCY VARGAS,REBOUCAS,4a RS IRATI,MACRORREGIONAL LESTE,25,3,0,3,0,2
HOSPITAL DE CARIDADE DONA DARCY VARGAS,REBOUCAS,4a RS IRATI,MACRORREGIONAL LESTE,26,3,0,3,0,2
HOSPITAL DE CARIDADE DONA DARCY VARGAS,REBOUCAS,4a RS IRATI,MACRORREGIONAL LESTE,28,2,0,2,0,2
HOSPITAL DE CARIDADE DONA DARCY VARGAS,REBOUCAS,4a RS IRATI,MACRORREGIONAL LESTE,29,2,0,2,0,0
HOSPITAL DE CARIDADE DONA DARCY VARGAS,REBOUCAS,4a RS IRATI,MACRORREGIONAL LESTE,30,1,0,1,0,0
HOSPITAL DE CARIDADE DONA DARCY VARGAS,REBOUCAS,4a RS IRATI,MACRORREGIONAL LESTE,31,2,0,2,0,1
HOSPITAL DE CARIDADE DONA DARCY VARGAS,REBOUCAS,4a RS IRATI,MACRORREGIONAL LESTE,32,4,0,3,0,0
HOSPITAL DE CARIDADE DONA DARCY VARGAS,REBOUCAS,4a RS IRATI,MACRORREGIONAL LESTE,33,5,0,1,0,0
HOSPITAL DE CARIDADE DONA DARCY VARGAS,REBOUCAS,4a RS IRATI,MACRORREGIONAL LESTE,34,1,0,1,0,0
HOSPITAL DE CARIDADE DONA DARCY VARGAS,REBOUCAS,4a RS IRATI,MACRORREGIONAL LESTE,35,1,0,1,0,0
HOSPITAL DE CARIDADE DONA DARCY VARGAS,REBOUCAS,4a RS IRATI,MACRORREGIONAL LESTE,36,8,0,8,1,2
HOSPITAL DE CARIDADE DONA DARCY VARGAS,REBOUCAS,4a RS IRATI,MACRORREGIONAL LESTE,37,2,1,2,0,1
HOSPITAL DE CARIDADE DONA DARCY VARGAS,REBOUCAS,4a RS IRATI,MACRORREGIONAL LESTE,38,4,0,4,0,1
HOSPITAL DE CARIDADE DONA DARCY VARGAS,REBOUCAS,4a RS IRATI,MACRORREGIONAL LESTE,39,2,0,0,0,0
HOSPITAL DE CARIDADE SAO FRANCISCO DE ASSIS,RIO AZUL,4a RS IRATI,MACRORREGIONAL LESTE,1,2,0,2,0,1
HOSPITAL DE CARIDADE SAO FRANCISCO DE ASSIS,RIO AZUL,4a RS IRATI,MACRORREGIONAL LESTE,2,2,0,2,0,2
HOSPITAL DE CARIDADE SAO FRANCISCO DE ASSIS,RIO AZUL,4a RS IRATI,MACRORREGIONAL LESTE,3,1,0,1,0,0
HOSPITAL DE CARIDADE SAO FRANCISCO DE ASSIS,RIO AZUL,4a RS IRATI,MACRORREGIONAL LESTE,4,1,0,1,0,0
HOSPITAL DE CARIDADE SAO FRANCISCO DE ASSIS,RIO AZUL,4a RS IRATI,MACRORREGIONAL LESTE,5,1,0,1,0,0
HOSPITAL DE CARIDADE SAO FRANCISCO DE ASSIS,RIO AZUL,4a RS IRATI,MACRORREGIONAL LESTE,7,2,0,2,0,1
HOSPITAL DE CARIDADE SAO FRANCISCO DE ASSIS,RIO AZUL,4a RS IRATI,MACRORREGIONAL LESTE,8,1,0,1,0,0
HOSPITAL DE CARIDADE SAO FRANCISCO DE ASSIS,RIO AZUL,4a RS IRATI,MACRORREGIONAL LESTE,9,3,0,3,0,2
HOSPITAL DE CARIDADE SAO FRANCISCO DE ASSIS,RIO AZUL,4a RS IRATI,MACRORREGIONAL LESTE,10,4,0,4,0,2
HOSPITAL DE CARIDADE SAO FRANCISCO DE ASSIS,RIO AZUL,4a RS IRATI,MACRORREGIONAL LESTE,11,5,0,5,0,2
HOSPITAL DE CARIDADE SAO FRANCISCO DE ASSIS,RIO AZUL,4a RS IRATI,MACRORREGIONAL LESTE,13,2,0,2,0,1
HOSPITAL DE CARIDADE SAO FRANCISCO DE ASSIS,RIO AZUL,4a RS IRATI,MACRORREGIONAL LESTE,14,3,0,3,0,0
HOSPITAL DE CARIDADE SAO FRANCISCO DE ASSIS,RIO AZUL,4a RS IRATI,MACRORREGIONAL LESTE,15,6,0,6,0,2
HOSPITAL DE CARIDADE SAO FRANCISCO DE ASSIS,RIO AZUL,4a RS IRATI,MACRORREGIONAL LESTE,16,6,0,6,0,0
HOSPITAL DE CARIDADE SAO FRANCISCO DE ASSIS,RIO AZUL,4a RS IRATI,MACRORREGIONAL LESTE,17,6,0,6,0,3
HOSPITAL DE CARIDADE SAO FRANCISCO DE ASSIS,RIO AZUL,4a RS IRATI,MACRORREGIONAL LESTE,18,7,0,7,0,2
HOSPITAL DE CARIDADE SAO FRANCISCO DE ASSIS,RIO AZUL,4a RS IRATI,MACRORREGIONAL LESTE,19,8,0,8,0,3
HOSPITAL DE CARIDADE SAO FRANCISCO DE ASSIS,RIO AZUL,4a RS IRATI,MACRORREGIONAL LESTE,20,5,0,5,0,2
HOSPITAL DE CARIDADE SAO FRANCISCO DE ASSIS,RIO AZUL,4a RS IRATI,MACRORREGIONAL LESTE,21,3,0,3,0,0
HOSPITAL DE CARIDADE SAO FRANCISCO DE ASSIS,RIO AZUL,4a RS IRATI,MACRORREGIONAL LESTE,22,5,0,5,0,2
HOSPITAL DE CARIDADE SAO FRANCISCO DE ASSIS,RIO AZUL,4a RS IRATI,MACRORREGIONAL LESTE,23,7,0,7,0,3
HOSPITAL DE CARIDADE SAO FRANCISCO DE ASSIS,RIO AZUL,4a RS IRATI,MACRORREGIONAL LESTE,24,11,0,11,0,7
HOSPITAL DE CARIDADE SAO FRANCISCO DE ASSIS,RIO AZUL,4a RS IRATI,MACRORREGIONAL LESTE,25,11,0,11,0,6
HOSPITAL DE CARIDADE SAO FRANCISCO DE ASSIS,RIO AZUL,4a RS IRATI,MACRORREGIONAL LESTE,26,5,0,5,0,3
HOSPITAL DE CARIDADE SAO FRANCISCO DE ASSIS,RIO AZUL,4a RS IRATI,MACRORREGIONAL LESTE,27,17,0,17,0,9
HOSPITAL DE CARIDADE SAO FRANCISCO DE ASSIS,RIO AZUL,4a RS IRATI,MACRORREGIONAL LESTE,28,5,0,5,0,2
HOSPITAL DE CARIDADE SAO FRANCISCO DE ASSIS,RIO AZUL,4a RS IRATI,MACRORREGIONAL LESTE,29,4,0,4,0,1
HOSPITAL DE CARIDADE SAO FRANCISCO DE ASSIS,RIO AZUL,4a RS IRATI,MACRORREGIONAL LESTE,30,4,0,4,0,2
HOSPITAL DE CARIDADE SAO FRANCISCO DE ASSIS,RIO AZUL,4a RS IRATI,MACRORREGIONAL LESTE,31,4,0,4,0,1
HOSPITAL DE CARIDADE SAO FRANCISCO DE ASSIS,RIO AZUL,4a RS IRATI,MACRORREGIONAL LESTE,32,4,0,4,0,2
HOSPITAL DE CARIDADE SAO FRANCISCO DE ASSIS,RIO AZUL,4a RS IRATI,MACRORREGIONAL LESTE,34,3,0,3,0,0
HOSPITAL DE CARIDADE SAO FRANCISCO DE ASSIS,RIO AZUL,4a RS IRATI,MACRORREGIONAL LESTE,35,4,0,4,0,0
HOSPITAL DE CARIDADE SAO FRANCISCO DE ASSIS,RIO AZUL,4a RS IRATI,MACRORREGIONAL LESTE,36,2,0,2,0,2
HOSPITAL DE CARIDADE SAO FRANCISCO DE ASSIS,RIO AZUL,4a RS IRATI,MACRORREGIONAL LESTE,37,1,0,1,0,0
HOSPITAL DE CARIDADE SAO FRANCISCO DE ASSIS,RIO AZUL,4a RS IRATI,MACRORREGIONAL LESTE,38,2,0,0,0,0
HOSPITAL DE CARIDADE SAO PEDRO,MALLET,4a RS IRATI,MACRORREGIONAL LESTE,1,1,0,1,0,0
HOSPITAL DE CARIDADE SAO PEDRO,MALLET,4a RS IRATI,MACRORREGIONAL LESTE,6,4,0,4,0,0
HOSPITAL DE CARIDADE SAO PEDRO,MALLET,4a RS IRATI,MACRORREGIONAL LESTE,7,2,0,2,0,0
HOSPITAL DE CARIDADE SAO PEDRO,MALLET,4a RS IRATI,MACRORREGIONAL LESTE,11,4,0,4,0,3
HOSPITAL DE CARIDADE SAO PEDRO,MALLET,4a RS IRATI,MACRORREGIONAL LESTE,12,1,0,1,0,0
HOSPITAL DE CARIDADE SAO PEDRO,MALLET,4a RS IRATI,MACRORREGIONAL LESTE,14,1,0,1,0,0
HOSPITAL DE CARIDADE SAO PEDRO,MALLET,4a RS IRATI,MACRORREGIONAL LESTE,15,3,0,3,0,0
HOSPITAL DE CARIDADE SAO PEDRO,MALLET,4a RS IRATI,MACRORREGIONAL LESTE,16,2,0,2,0,1
HOSPITAL DE CARIDADE SAO PEDRO,MALLET,4a RS IRATI,MACRORREGIONAL LESTE,18,2,0,2,0,1
HOSPITAL DE CARIDADE SAO PEDRO,MALLET,4a RS IRATI,MACRORREGIONAL LESTE,19,5,0,5,0,2
HOSPITAL DE CARIDADE SAO PEDRO,MALLET,4a RS IRATI,MACRORREGIONAL LESTE,20,6,0,6,0,1
HOSPITAL DE CARIDADE SAO PEDRO,MALLET,4a RS IRATI,MACRORREGIONAL LESTE,21,7,0,7,0,5
HOSPITAL DE CARIDADE SAO PEDRO,MALLET,4a RS IRATI,MACRORREGIONAL LESTE,22,3,0,3,0,2
HOSPITAL DE CARIDADE SAO PEDRO,MALLET,4a RS IRATI,MACRORREGIONAL LESTE,23,3,0,3,0,0
HOSPITAL DE CARIDADE SAO PEDRO,MALLET,4a RS IRATI,MACRORREGIONAL LESTE,24,2,0,2,0,2
HOSPITAL DE CARIDADE SAO PEDRO,MALLET,4a RS IRATI,MACRORREGIONAL LESTE,25,3,0,2,0,1
HOSPITAL DE CARIDADE SAO PEDRO,MALLET,4a RS IRATI,MACRORREGIONAL LESTE,26,3,0,3,0,1
HOSPITAL DE CARIDADE SAO PEDRO,MALLET,4a RS IRATI,MACRORREGIONAL LESTE,27,2,0,2,0,1
HOSPITAL DE CARIDADE SAO PEDRO,MALLET,4a RS IRATI,MACRORREGIONAL LESTE,28,2,0,2,0,2
HOSPITAL DE CARIDADE SAO PEDRO,MALLET,4a RS IRATI,MACRORREGIONAL LESTE,29,1,0,1,0,0
HOSPITAL DE CARIDADE SAO PEDRO,MALLET,4a RS IRATI,MACRORREGIONAL LESTE,31,2,0,2,0,0
PRONTO ATENDIMENTO MUNICIPAL DE IRATI,IRATI,4a RS IRATI,MACRORREGIONAL LESTE,5,1,0,1,0,1
PRONTO ATENDIMENTO MUNICIPAL DE IRATI,IRATI,4a RS IRATI,MACRORREGIONAL LESTE,10,2,0,2,0,1
PRONTO ATENDIMENTO MUNICIPAL DE IRATI,IRATI,4a RS IRATI,MACRORREGIONAL LESTE,11,1,0,1,0,1
PRONTO ATENDIMENTO MUNICIPAL DE IRATI,IRATI,4a RS IRATI,MACRORREGIONAL LESTE,14,1,0,1,0,0
PRONTO ATENDIMENTO MUNICIPAL DE IRATI,IRATI,4a RS IRATI,MACRORREGIONAL LESTE,18,3,0,3,0,0
PRONTO ATENDIMENTO MUNICIPAL DE IRATI,IRATI,4a RS IRATI,MACRORREGIONAL LESTE,19,1,0,1,0,0
PRONTO ATENDIMENTO MUNICIPAL DE IRATI,IRATI,4a RS IRATI,MACRORREGIONAL LESTE,20,1,0,1,0,0
SANTA CASA DE IRATI,IRATI,4a RS IRATI,MACRORREGIONAL LESTE,1,2,0,2,0,0
SANTA CASA DE IRATI,IRATI,4a RS IRATI,MACRORREGIONAL LESTE,2,3,0,3,0,1
SANTA CASA DE IRATI,IRATI,4a RS IRATI,MACRORREGIONAL LESTE,3,1,0,1,0,0
SANTA CASA DE IRATI,IRATI,4a RS IRATI,MACRORREGIONAL LESTE,4,4,0,4,0,0
SANTA CASA DE IRATI,IRATI,4a RS IRATI,MACRORREGIONAL LESTE,5,3,0,3,0,1
SANTA CASA DE IRATI,IRATI,4a RS IRATI,MACRORREGIONAL LESTE,6,6,0,6,2,1
SANTA CASA DE IRATI,IRATI,4a RS IRATI,MACRORREGIONAL LESTE,7,6,0,6,1,2
SANTA CASA DE IRATI,IRATI,4a RS IRATI,MACRORREGIONAL LESTE,8,2,0,2,1,0
SANTA CASA DE IRATI,IRATI,4a RS IRATI,MACRORREGIONAL LESTE,9,1,0,1,0,1
SANTA CASA DE IRATI,IRATI,4a RS IRATI,MACRORREGIONAL LESTE,10,4,0,4,0,2
SANTA CASA DE IRATI,IRATI,4a RS IRATI,MACRORREGIONAL LESTE,11,4,0,4,0,0
SANTA CASA DE IRATI,IRATI,4a RS IRATI,MACRORREGIONAL LESTE,12,1,0,1,0,1
SANTA CASA DE IRATI,IRATI,4a RS IRATI,MACRORREGIONAL LESTE,13,4,0,4,1,1
SANTA CASA DE IRATI,IRATI,4a RS IRATI,MACRORREGIONAL LESTE,14,10,0,10,1,5
SANTA CASA DE IRATI,IRATI,4a RS IRATI,MACRORREGIONAL LESTE,15,4,0,4,0,2
SANTA CASA DE IRATI,IRATI,4a RS IRATI,MACRORREGIONAL LESTE,16,8,0,8,1,3
SANTA CASA DE IRATI,IRATI,4a RS IRATI,MACRORREGIONAL LESTE,17,11,0,11,2,5
SANTA CASA DE IRATI,IRATI,4a RS IRATI,MACRORREGIONAL LESTE,18,1,0,1,0,1
SANTA CASA DE IRATI,IRATI,4a RS IRATI,MACRORREGIONAL LESTE,19,4,0,4,0,0
SANTA CASA DE IRATI,IRATI,4a RS IRATI,MACRORREGIONAL LESTE,20,12,1,12,2,6
SANTA CASA DE IRATI,IRATI,4a RS IRATI,MACRORREGIONAL LESTE,21,17,0,17,0,12
SANTA CASA DE IRATI,IRATI,4a RS IRATI,MACRORREGIONAL LESTE,22,12,0,12,1,7
SANTA CASA DE IRATI,IRATI,4a RS IRATI,MACRORREGIONAL LESTE,23,16,1,16,1,7
SANTA CASA DE IRATI,IRATI,4a RS IRATI,MACRORREGIONAL LESTE,24,13,0,13,0,3
SANTA CASA DE IRATI,IRATI,4a RS IRATI,MACRORREGIONAL LESTE,25,18,1,18,1,8
SANTA CASA DE IRATI,IRATI,4a RS IRATI,MACRORREGIONAL LESTE,26,23,1,23,1,14
SANTA CASA DE IRATI,IRATI,4a RS IRATI,MACRORREGIONAL LESTE,27,10,0,10,0,4
SANTA CASA DE IRATI,IRATI,4a RS IRATI,MACRORREGIONAL LESTE,28,13,0,13,0,9
SANTA CASA DE IRATI,IRATI,4a RS IRATI,MACRORREGIONAL LESTE,29,11,0,11,0,4
SANTA CASA DE IRATI,IRATI,4a RS IRATI,MACRORREGIONAL LESTE,30,8,1,7,0,1
SANTA CASA DE IRATI,IRATI,4a RS IRATI,MACRORREGIONAL LESTE,31,13,1,12,0,4
SANTA CASA DE IRATI,IRATI,4a RS IRATI,MACRORREGIONAL LESTE,32,6,0,6,0,5
SANTA CASA DE IRATI,IRATI,4a RS IRATI,MACRORREGIONAL LESTE,33,23,0,23,3,10
SANTA CASA DE IRATI,IRATI,4a RS IRATI,MACRORREGIONAL LESTE,34,12,0,10,0,6
SANTA CASA DE IRATI,IRATI,4a RS IRATI,MACRORREGIONAL LESTE,35,3,0,3,0,3
SANTA CASA DE IRATI,IRATI,4a RS IRATI,MACRORREGIONAL LESTE,36,11,0,11,0,4
SANTA CASA DE IRATI,IRATI,4a RS IRATI,MACRORREGIONAL LESTE,37,6,0,6,0,3
SANTA CASA DE IRATI,IRATI,4a RS IRATI,MACRORREGIONAL LESTE,38,6,0,6,0,2
SANTA CASA DE IRATI,IRATI,4a RS IRATI,MACRORREGIONAL LESTE,39,4,0,0,1,0
CENTRO MEDICO HOSPITALAR SAO LUCAS,LARANJEIRAS DO SUL,5a RS GUARAPUAVA,MACRORREGIONAL LESTE,9,8,0,8,0,8
CENTRO MEDICO HOSPITALAR SAO LUCAS,LARANJEIRAS DO SUL,5a RS GUARAPUAVA,MACRORREGIONAL LESTE,10,15,0,15,0,8
CENTRO MEDICO HOSPITALAR SAO LUCAS,LARANJEIRAS DO SUL,5a RS GUARAPUAVA,MACRORREGIONAL LESTE,26,1,0,1,0,1
CENTRO MEDICO HOSPITALAR SAO LUCAS,LARANJEIRAS DO SUL,5a RS GUARAPUAVA,MACRORREGIONAL LESTE,27,5,0,5,0,3
HOSPITAL DE CARIDADE SAO VICENTE DE PAULO,GUARAPUAVA,5a RS GUARAPUAVA,MACRORREGIONAL LESTE,2,2,1,2,2,2
HOSPITAL DE CARIDADE SAO VICENTE DE PAULO,GUARAPUAVA,5a RS GUARAPUAVA,MACRORREGIONAL LESTE,4,1,0,1,0,1
HOSPITAL DE CARIDADE SAO VICENTE DE PAULO,GUARAPUAVA,5a RS GUARAPUAVA,MACRORREGIONAL LESTE,7,1,0,1,1,1
HOSPITAL DE CARIDADE SAO VICENTE DE PAULO,GUARAPUAVA,5a RS GUARAPUAVA,MACRORREGIONAL LESTE,9,1,0,1,0,1
HOSPITAL DE CARIDADE SAO VICENTE DE PAULO,GUARAPUAVA,5a RS GUARAPUAVA,MACRORREGIONAL LESTE,10,1,1,1,1,1
HOSPITAL DE CARIDADE SAO VICENTE DE PAULO,GUARAPUAVA,5a RS GUARAPUAVA,MACRORREGIONAL LESTE,12,1,0,1,0,1
HOSPITAL DE CARIDADE SAO VICENTE DE PAULO,GUARAPUAVA,5a RS GUARAPUAVA,MACRORREGIONAL LESTE,14,1,0,1,1,1
HOSPITAL DE CARIDADE SAO VICENTE DE PAULO,GUARAPUAVA,5a RS GUARAPUAVA,MACRORREGIONAL LESTE,15,4,0,4,2,3
HOSPITAL DE CARIDADE SAO VICENTE DE PAULO,GUARAPUAVA,5a RS GUARAPUAVA,MACRORREGIONAL LESTE,16,3,0,3,2,2
HOSPITAL DE CARIDADE SAO VICENTE DE PAULO,GUARAPUAVA,5a RS GUARAPUAVA,MACRORREGIONAL LESTE,17,2,0,2,0,2
HOSPITAL DE CARIDADE SAO VICENTE DE PAULO,GUARAPUAVA,5a RS GUARAPUAVA,MACRORREGIONAL LESTE,18,1,0,1,0,1
HOSPITAL DE CARIDADE SAO VICENTE DE PAULO,GUARAPUAVA,5a RS GUARAPUAVA,MACRORREGIONAL LESTE,19,1,0,1,1,1
HOSPITAL DE CARIDADE SAO VICENTE DE PAULO,GUARAPUAVA,5a RS GUARAPUAVA,MACRORREGIONAL LESTE,20,3,1,3,1,3
HOSPITAL DE CARIDADE SAO VICENTE DE PAULO,GUARAPUAVA,5a RS GUARAPUAVA,MACRORREGIONAL LESTE,21,1,1,1,1,1
HOSPITAL DE CARIDADE SAO VICENTE DE PAULO,GUARAPUAVA,5a RS GUARAPUAVA,MACRORREGIONAL LESTE,22,2,0,2,1,2
HOSPITAL DE CARIDADE SAO VICENTE DE PAULO,GUARAPUAVA,5a RS GUARAPUAVA,MACRORREGIONAL LESTE,24,1,0,1,1,0
HOSPITAL DE CARIDADE SAO VICENTE DE PAULO,GUARAPUAVA,5a RS GUARAPUAVA,MACRORREGIONAL LESTE,25,3,0,3,0,3
HOSPITAL DE CARIDADE SAO VICENTE DE PAULO,GUARAPUAVA,5a RS GUARAPUAVA,MACRORREGIONAL LESTE,26,5,1,5,1,5
HOSPITAL DE CARIDADE SAO VICENTE DE PAULO,GUARAPUAVA,5a RS GUARAPUAVA,MACRORREGIONAL LESTE,27,1,0,1,0,1
HOSPITAL DE CARIDADE SAO VICENTE DE PAULO,GUARAPUAVA,5a RS GUARAPUAVA,MACRORREGIONAL LESTE,30,2,1,2,1,2
HOSPITAL DE CARIDADE SAO VICENTE DE PAULO,GUARAPUAVA,5a RS GUARAPUAVA,MACRORREGIONAL LESTE,32,2,1,2,1,2
HOSPITAL DE CARIDADE SAO VICENTE DE PAULO,GUARAPUAVA,5a RS GUARAPUAVA,MACRORREGIONAL LESTE,33,1,0,1,0,0
HOSPITAL DE CARIDADE SAO VICENTE DE PAULO,GUARAPUAVA,5a RS GUARAPUAVA,MACRORREGIONAL LESTE,37,1,0,0,1,0
HOSPITAL DE CARIDADE SAO VICENTE DE PAULO,GUARAPUAVA,5a RS GUARAPUAVA,MACRORREGIONAL LESTE,38,3,0,0,0,0
HOSPITAL DE CARIDADE SAO VICENTE DE PAULO,GUARAPUAVA,5a RS GUARAPUAVA,MACRORREGIONAL LESTE,39,1,0,0,0,0
HOSPITAL IRMANDADE DA SANTA CASA,PRUDENTOPOLIS,5a RS GUARAPUAVA,MACRORREGIONAL LESTE,1,1,1,1,1,0
HOSPITAL IRMANDADE DA SANTA CASA,PRUDENTOPOLIS,5a RS GUARAPUAVA,MACRORREGIONAL LESTE,12,1,0,1,1,0
HOSPITAL IRMANDADE DA SANTA CASA,PRUDENTOPOLIS,5a RS GUARAPUAVA,MACRORREGIONAL LESTE,14,1,0,0,1,0
HOSPITAL IRMANDADE DA SANTA CASA,PRUDENTOPOLIS,5a RS GUARAPUAVA,MACRORREGIONAL LESTE,18,1,0,1,1,1
HOSPITAL IRMANDADE DA SANTA CASA,PRUDENTOPOLIS,5a RS GUARAPUAVA,MACRORREGIONAL LESTE,20,1,1,1,1,1
HOSPITAL IRMANDADE DA SANTA CASA,PRUDENTOPOLIS,5a RS GUARAPUAVA,MACRORREGIONAL LESTE,24,2,0,2,2,0
HOSPITAL IRMANDADE DA SANTA CASA,PRUDENTOPOLIS,5a RS GUARAPUAVA,MACRORREGIONAL LESTE,31,1,1,1,1,0
HOSPITAL IRMANDADE DA SANTA CASA,PRUDENTOPOLIS,5a RS GUARAPUAVA,MACRORREGIONAL LESTE,32,4,1,4,4,0
HOSPITAL IRMANDADE DA SANTA CASA,PRUDENTOPOLIS,5a RS GUARAPUAVA,MACRORREGIONAL LESTE,36,1,0,0,1,0
HOSPITAL IRMANDADE DA SANTA CASA,PRUDENTOPOLIS,5a RS GUARAPUAVA,MACRORREGIONAL LESTE,37,1,1,1,1,0
HOSPITAL REGIONAL DE GUARAPUAVA,GUARAPUAVA,5a RS GUARAPUAVA,MACRORREGIONAL LESTE,8,2,0,2,2,0
HOSPITAL REGIONAL DE GUARAPUAVA,GUARAPUAVA,5a RS GUARAPUAVA,MACRORREGIONAL LESTE,9,1,0,1,0,0
HOSPITAL REGIONAL DE GUARAPUAVA,GUARAPUAVA,5a RS GUARAPUAVA,MACRORREGIONAL LESTE,13,1,0,1,1,0
HOSPITAL REGIONAL DE GUARAPUAVA,GUARAPUAVA,5a RS GUARAPUAVA,MACRORREGIONAL LESTE,16,2,1,2,1,1
HOSPITAL REGIONAL DE GUARAPUAVA,GUARAPUAVA,5a RS GUARAPUAVA,MACRORREGIONAL LESTE,17,1,0,1,0,0
HOSPITAL REGIONAL DE GUARAPUAVA,GUARAPUAVA,5a RS GUARAPUAVA,MACRORREGIONAL LESTE,19,1,0,1,0,1
HOSPITAL REGIONAL DE GUARAPUAVA,GUARAPUAVA,5a RS GUARAPUAVA,MACRORREGIONAL LESTE,20,3,0,3,1,1
HOSPITAL REGIONAL DE GUARAPUAVA,GUARAPUAVA,5a RS GUARAPUAVA,MACRORREGIONAL LESTE,21,1,0,1,0,0
HOSPITAL REGIONAL DE GUARAPUAVA,GUARAPUAVA,5a RS GUARAPUAVA,MACRORREGIONAL LESTE,23,3,0,3,0,3
HOSPITAL REGIONAL DE GUARAPUAVA,GUARAPUAVA,5a RS GUARAPUAVA,MACRORREGIONAL LESTE,24,1,0,1,0,0
HOSPITAL REGIONAL DE GUARAPUAVA,GUARAPUAVA,5a RS GUARAPUAVA,MACRORREGIONAL LESTE,25,1,0,1,0,1
HOSPITAL REGIONAL DE GUARAPUAVA,GUARAPUAVA,5a RS GUARAPUAVA,MACRORREGIONAL LESTE,26,2,0,2,0,0
HOSPITAL REGIONAL DE GUARAPUAVA,GUARAPUAVA,5a RS GUARAPUAVA,MACRORREGIONAL LESTE,37,1,0,0,0,0
HOSPITAL REGIONAL DE GUARAPUAVA,GUARAPUAVA,5a RS GUARAPUAVA,MACRORREGIONAL LESTE,38,1,0,0,0,0
HOSPITAL REGIONAL DE GUARAPUAVA,GUARAPUAVA,5a RS GUARAPUAVA,MACRORREGIONAL LESTE,39,1,0,0,1,0
HOSPITAL SANTA TEREZA,GUARAPUAVA,5a RS GUARAPUAVA,MACRORREGIONAL LESTE,24,1,0,1,1,1
HOSPITAL SAO VICENTE DE PAULO,PITANGA,5a RS GUARAPUAVA,MACRORREGIONAL LESTE,9,1,0,1,0,0
HOSPITAL SAO VICENTE DE PAULO,PITANGA,5a RS GUARAPUAVA,MACRORREGIONAL LESTE,14,1,0,1,0,0
HOSPITAL SAO VICENTE DE PAULO,PITANGA,5a RS GUARAPUAVA,MACRORREGIONAL LESTE,16,1,0,1,0,1
HOSPITAL SAO VICENTE DE PAULO,PITANGA,5a RS GUARAPUAVA,MACRORREGIONAL LESTE,31,1,0,1,0,0
HOSPITAL SAO VICENTE DE PAULO,PITANGA,5a RS GUARAPUAVA,MACRORREGIONAL LESTE,37,1,0,1,0,0
HOSPITAL SAO VICENTE DE PAULO,PITANGA,5a RS GUARAPUAVA,MACRORREGIONAL LESTE,38,1,0,1,0,0
HOSPITAL SEMMELWEIS,GUARAPUAVA,5a RS GUARAPUAVA,MACRORREGIONAL LESTE,17,2,0,2,0,2
HOSPITAL SEMMELWEIS,GUARAPUAVA,5a RS GUARAPUAVA,MACRORREGIONAL LESTE,18,1,0,1,0,1
INSTITUTO MEDICO VIRMOND FREDERICO G K VIRMOND NETO,GUARAPUAVA,5a RS GUARAPUAVA,MACRORREGIONAL LESTE,1,2,0,2,2,1
INSTITUTO MEDICO VIRMOND FREDERICO G K VIRMOND NETO,GUARAPUAVA,5a RS GUARAPUAVA,MACRORREGIONAL LESTE,2,1,0,1,1,0
INSTITUTO MEDICO VIRMOND FREDERICO G K VIRMOND NETO,GUARAPUAVA,5a RS GUARAPUAVA,MACRORREGIONAL LESTE,3,1,0,1,1,1
INSTITUTO MEDICO VIRMOND FREDERICO G K VIRMOND NETO,GUARAPUAVA,5a RS GUARAPUAVA,MACRORREGIONAL LESTE,5,1,0,1,1,0
INSTITUTO MEDICO VIRMOND FREDERICO G K VIRMOND NETO,GUARAPUAVA,5a RS GUARAPUAVA,MACRORREGIONAL LESTE,6,1,0,1,1,0
INSTITUTO MEDICO VIRMOND FREDERICO G K VIRMOND NETO,GUARAPUAVA,5a RS GUARAPUAVA,MACRORREGIONAL LESTE,8,1,0,1,0,1
INSTITUTO MEDICO VIRMOND FREDERICO G K VIRMOND NETO,GUARAPUAVA,5a RS GUARAPUAVA,MACRORREGIONAL LESTE,9,1,0,1,1,0
INSTITUTO MEDICO VIRMOND FREDERICO G K VIRMOND NETO,GUARAPUAVA,5a RS GUARAPUAVA,MACRORREGIONAL LESTE,10,1,0,1,0,1
INSTITUTO MEDICO VIRMOND FREDERICO G K VIRMOND NETO,GUARAPUAVA,5a RS GUARAPUAVA,MACRORREGIONAL LESTE,12,1,0,1,1,1
INSTITUTO MEDICO VIRMOND FREDERICO G K VIRMOND NETO,GUARAPUAVA,5a RS GUARAPUAVA,MACRORREGIONAL LESTE,14,1,0,1,0,0
INSTITUTO MEDICO VIRMOND FREDERICO G K VIRMOND NETO,GUARAPUAVA,5a RS GUARAPUAVA,MACRORREGIONAL LESTE,15,2,0,2,0,2
INSTITUTO MEDICO VIRMOND FREDERICO G K VIRMOND NETO,GUARAPUAVA,5a RS GUARAPUAVA,MACRORREGIONAL LESTE,16,1,0,1,0,1
INSTITUTO MEDICO VIRMOND FREDERICO G K VIRMOND NETO,GUARAPUAVA,5a RS GUARAPUAVA,MACRORREGIONAL LESTE,17,2,0,2,1,1
INSTITUTO MEDICO VIRMOND FREDERICO G K VIRMOND NETO,GUARAPUAVA,5a RS GUARAPUAVA,MACRORREGIONAL LESTE,18,2,0,2,2,0
INSTITUTO MEDICO VIRMOND FREDERICO G K VIRMOND NETO,GUARAPUAVA,5a RS GUARAPUAVA,MACRORREGIONAL LESTE,19,2,0,2,2,0
INSTITUTO MEDICO VIRMOND FREDERICO G K VIRMOND NETO,GUARAPUAVA,5a RS GUARAPUAVA,MACRORREGIONAL LESTE,20,4,0,4,2,3
INSTITUTO MEDICO VIRMOND FREDERICO G K VIRMOND NETO,GUARAPUAVA,5a RS GUARAPUAVA,MACRORREGIONAL LESTE,21,1,1,1,1,1
INSTITUTO MEDICO VIRMOND FREDERICO G K VIRMOND NETO,GUARAPUAVA,5a RS GUARAPUAVA,MACRORREGIONAL LESTE,22,2,0,2,1,0
INSTITUTO MEDICO VIRMOND FREDERICO G K VIRMOND NETO,GUARAPUAVA,5a RS GUARAPUAVA,MACRORREGIONAL LESTE,23,3,0,3,3,1
INSTITUTO MEDICO VIRMOND FREDERICO G K VIRMOND NETO,GUARAPUAVA,5a RS GUARAPUAVA,MACRORREGIONAL LESTE,24,1,0,1,0,1
INSTITUTO MEDICO VIRMOND FREDERICO G K VIRMOND NETO,GUARAPUAVA,5a RS GUARAPUAVA,MACRORREGIONAL LESTE,25,4,0,4,4,3
INSTITUTO MEDICO VIRMOND FREDERICO G K VIRMOND NETO,GUARAPUAVA,5a RS GUARAPUAVA,MACRORREGIONAL LESTE,26,6,0,6,5,4
INSTITUTO MEDICO VIRMOND FREDERICO G K VIRMOND NETO,GUARAPUAVA,5a RS GUARAPUAVA,MACRORREGIONAL LESTE,27,3,0,3,1,2
INSTITUTO MEDICO VIRMOND FREDERICO G K VIRMOND NETO,GUARAPUAVA,5a RS GUARAPUAVA,MACRORREGIONAL LESTE,28,2,0,2,2,1
INSTITUTO MEDICO VIRMOND FREDERICO G K VIRMOND NETO,GUARAPUAVA,5a RS GUARAPUAVA,MACRORREGIONAL LESTE,30,1,0,1,1,1
INSTITUTO MEDICO VIRMOND FREDERICO G K VIRMOND NETO,GUARAPUAVA,5a RS GUARAPUAVA,MACRORREGIONAL LESTE,31,3,0,3,3,2
INSTITUTO MEDICO VIRMOND FREDERICO G K VIRMOND NETO,GUARAPUAVA,5a RS GUARAPUAVA,MACRORREGIONAL LESTE,32,4,0,4,4,3
INSTITUTO MEDICO VIRMOND FREDERICO G K VIRMOND NETO,GUARAPUAVA,5a RS GUARAPUAVA,MACRORREGIONAL LESTE,33,3,0,3,3,3
INSTITUTO MEDICO VIRMOND FREDERICO G K VIRMOND NETO,GUARAPUAVA,5a RS GUARAPUAVA,MACRORREGIONAL LESTE,34,6,0,4,6,2
INSTITUTO MEDICO VIRMOND FREDERICO G K VIRMOND NETO,GUARAPUAVA,5a RS GUARAPUAVA,MACRORREGIONAL LESTE,35,4,0,0,4,0
INSTITUTO MEDICO VIRMOND FREDERICO G K VIRMOND NETO,GUARAPUAVA,5a RS GUARAPUAVA,MACRORREGIONAL LESTE,36,1,0,0,1,0
INSTITUTO MEDICO VIRMOND FREDERICO G K VIRMOND NETO,GUARAPUAVA,5a RS GUARAPUAVA,MACRORREGIONAL LESTE,37,4,0,0,4,0
INSTITUTO MEDICO VIRMOND FREDERICO G K VIRMOND NETO,GUARAPUAVA,5a RS GUARAPUAVA,MACRORREGIONAL LESTE,38,3,0,0,3,0
INSTITUTO SAO JOSE,LARANJEIRAS DO SUL,5a RS GUARAPUAVA,MACRORREGIONAL LESTE,1,5,0,4,2,3
INSTITUTO SAO JOSE,LARANJEIRAS DO SUL,5a RS GUARAPUAVA,MACRORREGIONAL LESTE,3,1,0,1,0,0
INSTITUTO SAO JOSE,LARANJEIRAS DO SUL,5a RS GUARAPUAVA,MACRORREGIONAL LESTE,6,5,0,4,0,2
INSTITUTO SAO JOSE,LARANJEIRAS DO SUL,5a RS GUARAPUAVA,MACRORREGIONAL LESTE,10,1,0,1,0,0
INSTITUTO SAO JOSE,LARANJEIRAS DO SUL,5a RS GUARAPUAVA,MACRORREGIONAL LESTE,11,1,0,1,0,1
INSTITUTO SAO JOSE,LARANJEIRAS DO SUL,5a RS GUARAPUAVA,MACRORREGIONAL LESTE,12,5,0,5,0,5
INSTITUTO SAO JOSE,LARANJEIRAS DO SUL,5a RS GUARAPUAVA,MACRORREGIONAL LESTE,13,4,0,4,1,1
INSTITUTO SAO JOSE,LARANJEIRAS DO SUL,5a RS GUARAPUAVA,MACRORREGIONAL LESTE,14,5,0,4,0,3
INSTITUTO SAO JOSE,LARANJEIRAS DO SUL,5a RS GUARAPUAVA,MACRORREGIONAL LESTE,15,4,0,4,0,2
INSTITUTO SAO JOSE,LARANJEIRAS DO SUL,5a RS GUARAPUAVA,MACRORREGIONAL LESTE,16,4,0,3,0,2
INSTITUTO SAO JOSE,LARANJEIRAS DO SUL,5a RS GUARAPUAVA,MACRORREGIONAL LESTE,17,5,0,4,0,2
INSTITUTO SAO JOSE,LARANJEIRAS DO SUL,5a RS GUARAPUAVA,MACRORREGIONAL LESTE,18,1,0,1,0,1
INSTITUTO SAO JOSE,LARANJEIRAS DO SUL,5a RS GUARAPUAVA,MACRORREGIONAL LESTE,19,4,0,4,1,3
INSTITUTO SAO JOSE,LARANJEIRAS DO SUL,5a RS GUARAPUAVA,MACRORREGIONAL LESTE,20,6,0,5,3,3
INSTITUTO SAO JOSE,LARANJEIRAS DO SUL,5a RS GUARAPUAVA,MACRORREGIONAL LESTE,21,1,0,1,0,0
INSTITUTO SAO JOSE,LARANJEIRAS DO SUL,5a RS GUARAPUAVA,MACRORREGIONAL LESTE,22,4,0,3,1,1
INSTITUTO SAO JOSE,LARANJEIRAS DO SUL,5a RS GUARAPUAVA,MACRORREGIONAL LESTE,23,2,0,2,0,0
INSTITUTO SAO JOSE,LARANJEIRAS DO SUL,5a RS GUARAPUAVA,MACRORREGIONAL LESTE,24,2,0,2,1,1
INSTITUTO SAO JOSE,LARANJEIRAS DO SUL,5a RS GUARAPUAVA,MACRORREGIONAL LESTE,25,8,0,8,0,5
INSTITUTO SAO JOSE,LARANJEIRAS DO SUL,5a RS GUARAPUAVA,MACRORREGIONAL LESTE,26,8,0,8,0,7
INSTITUTO SAO JOSE,LARANJEIRAS DO SUL,5a RS GUARAPUAVA,MACRORREGIONAL LESTE,27,6,0,6,0,3
INSTITUTO SAO JOSE,LARANJEIRAS DO SUL,5a RS GUARAPUAVA,MACRORREGIONAL LESTE,28,3,0,3,0,2
INSTITUTO SAO JOSE,LARANJEIRAS DO SUL,5a RS GUARAPUAVA,MACRORREGIONAL LESTE,29,3,0,3,1,0
INSTITUTO SAO JOSE,LARANJEIRAS DO SUL,5a RS GUARAPUAVA,MACRORREGIONAL LESTE,30,3,0,3,0,2
INSTITUTO SAO JOSE,LARANJEIRAS DO SUL,5a RS GUARAPUAVA,MACRORREGIONAL LESTE,32,1,0,1,0,0
PRONTO ATENDIMENTO MUNICIPAL,PITANGA,5a RS GUARAPUAVA,MACRORREGIONAL LESTE,21,1,0,1,0,0
ASSOCIACAO DE PROTECAO A MATERNIDADE E A INFANCIA,UNIAO DA VITORIA,6a RS UNIAO DA VITORIA,MACRORREGIONAL LESTE,2,1,0,1,1,0
ASSOCIACAO DE PROTECAO A MATERNIDADE E A INFANCIA,UNIAO DA VITORIA,6a RS UNIAO DA VITORIA,MACRORREGIONAL LESTE,3,1,0,1,0,0
ASSOCIACAO DE PROTECAO A MATERNIDADE E A INFANCIA,UNIAO DA VITORIA,6a RS UNIAO DA VITORIA,MACRORREGIONAL LESTE,8,1,0,1,1,0
ASSOCIACAO DE PROTECAO A MATERNIDADE E A INFANCIA,UNIAO DA VITORIA,6a RS UNIAO DA VITORIA,MACRORREGIONAL LESTE,9,1,0,1,1,0
ASSOCIACAO DE PROTECAO A MATERNIDADE E A INFANCIA,UNIAO DA VITORIA,6a RS UNIAO DA VITORIA,MACRORREGIONAL LESTE,10,4,0,4,3,4
ASSOCIACAO DE PROTECAO A MATERNIDADE E A INFANCIA,UNIAO DA VITORIA,6a RS UNIAO DA VITORIA,MACRORREGIONAL LESTE,11,1,0,1,1,1
ASSOCIACAO DE PROTECAO A MATERNIDADE E A INFANCIA,UNIAO DA VITORIA,6a RS UNIAO DA VITORIA,MACRORREGIONAL LESTE,12,1,0,1,0,1
ASSOCIACAO DE PROTECAO A MATERNIDADE E A INFANCIA,UNIAO DA VITORIA,6a RS UNIAO DA VITORIA,MACRORREGIONAL LESTE,13,3,0,3,3,3
ASSOCIACAO DE PROTECAO A MATERNIDADE E A INFANCIA,UNIAO DA VITORIA,6a RS UNIAO DA VITORIA,MACRORREGIONAL LESTE,14,1,0,1,1,1
ASSOCIACAO DE PROTECAO A MATERNIDADE E A INFANCIA,UNIAO DA VITORIA,6a RS UNIAO DA VITORIA,MACRORREGIONAL LESTE,15,5,0,5,4,5
ASSOCIACAO DE PROTECAO A MATERNIDADE E A INFANCIA,UNIAO DA VITORIA,6a RS UNIAO DA VITORIA,MACRORREGIONAL LESTE,16,4,0,4,4,4
ASSOCIACAO DE PROTECAO A MATERNIDADE E A INFANCIA,UNIAO DA VITORIA,6a RS UNIAO DA VITORIA,MACRORREGIONAL LESTE,17,3,0,3,3,3
ASSOCIACAO DE PROTECAO A MATERNIDADE E A INFANCIA,UNIAO DA VITORIA,6a RS UNIAO DA VITORIA,MACRORREGIONAL LESTE,18,4,0,4,3,4
ASSOCIACAO DE PROTECAO A MATERNIDADE E A INFANCIA,UNIAO DA VITORIA,6a RS UNIAO DA VITORIA,MACRORREGIONAL LESTE,19,4,1,4,2,4
ASSOCIACAO DE PROTECAO A MATERNIDADE E A INFANCIA,UNIAO DA VITORIA,6a RS UNIAO DA VITORIA,MACRORREGIONAL LESTE,20,5,0,5,2,5
ASSOCIACAO DE PROTECAO A MATERNIDADE E A INFANCIA,UNIAO DA VITORIA,6a RS UNIAO DA VITORIA,MACRORREGIONAL LESTE,21,3,1,3,3,3
ASSOCIACAO DE PROTECAO A MATERNIDADE E A INFANCIA,UNIAO DA VITORIA,6a RS UNIAO DA VITORIA,MACRORREGIONAL LESTE,22,5,1,5,4,5
ASSOCIACAO DE PROTECAO A MATERNIDADE E A INFANCIA,UNIAO DA VITORIA,6a RS UNIAO DA VITORIA,MACRORREGIONAL LESTE,24,1,0,1,1,0
ASSOCIACAO DE PROTECAO A MATERNIDADE E A INFANCIA,UNIAO DA VITORIA,6a RS UNIAO DA VITORIA,MACRORREGIONAL LESTE,25,1,0,1,1,1
ASSOCIACAO DE PROTECAO A MATERNIDADE E A INFANCIA,UNIAO DA VITORIA,6a RS UNIAO DA VITORIA,MACRORREGIONAL LESTE,26,3,0,3,2,2
ASSOCIACAO DE PROTECAO A MATERNIDADE E A INFANCIA,UNIAO DA VITORIA,6a RS UNIAO DA VITORIA,MACRORREGIONAL LESTE,27,6,1,6,6,5
ASSOCIACAO DE PROTECAO A MATERNIDADE E A INFANCIA,UNIAO DA VITORIA,6a RS UNIAO DA VITORIA,MACRORREGIONAL LESTE,28,4,0,4,2,4
ASSOCIACAO DE PROTECAO A MATERNIDADE E A INFANCIA,UNIAO DA VITORIA,6a RS UNIAO DA VITORIA,MACRORREGIONAL LESTE,30,3,0,3,1,3
ASSOCIACAO DE PROTECAO A MATERNIDADE E A INFANCIA,UNIAO DA VITORIA,6a RS UNIAO DA VITORIA,MACRORREGIONAL LESTE,31,2,0,2,2,2
ASSOCIACAO DE PROTECAO A MATERNIDADE E A INFANCIA,UNIAO DA VITORIA,6a RS UNIAO DA VITORIA,MACRORREGIONAL LESTE,32,1,0,1,1,1
ASSOCIACAO DE PROTECAO A MATERNIDADE E A INFANCIA,UNIAO DA VITORIA,6a RS UNIAO DA VITORIA,MACRORREGIONAL LESTE,34,2,0,2,1,2
ASSOCIACAO DE PROTECAO A MATERNIDADE E A INFANCIA,UNIAO DA VITORIA,6a RS UNIAO DA VITORIA,MACRORREGIONAL LESTE,38,1,0,0,0,0
HOSPITAL MUNICIPAL SANTA TEREZINHA,CRUZ MACHADO,6a RS UNIAO DA VITORIA,MACRORREGIONAL LESTE,3,1,0,1,0,0
HOSPITAL MUNICIPAL SANTA TEREZINHA,CRUZ MACHADO,6a RS UNIAO DA VITORIA,MACRORREGIONAL LESTE,16,1,1,1,0,1
HOSPITAL MUNICIPAL SANTA TEREZINHA,CRUZ MACHADO,6a RS UNIAO DA VITORIA,MACRORREGIONAL LESTE,18,1,0,1,0,1
HOSPITAL MUNICIPAL SANTA TEREZINHA,CRUZ MACHADO,6a RS UNIAO DA VITORIA,MACRORREGIONAL LESTE,19,2,0,2,0,1
HOSPITAL MUNICIPAL SANTA TEREZINHA,CRUZ MACHADO,6a RS UNIAO DA VITORIA,MACRORREGIONAL LESTE,20,2,0,2,0,1
HOSPITAL MUNICIPAL SANTA TEREZINHA,CRUZ MACHADO,6a RS UNIAO DA VITORIA,MACRORREGIONAL LESTE,21,3,0,3,0,2
HOSPITAL MUNICIPAL SANTA TEREZINHA,CRUZ MACHADO,6a RS UNIAO DA VITORIA,MACRORREGIONAL LESTE,22,1,0,1,0,0
HOSPITAL MUNICIPAL SANTA TEREZINHA,CRUZ MACHADO,6a RS UNIAO DA VITORIA,MACRORREGIONAL LESTE,23,1,0,1,0,1
HOSPITAL MUNICIPAL SANTA TEREZINHA,CRUZ MACHADO,6a RS UNIAO DA VITORIA,MACRORREGIONAL LESTE,27,1,0,1,0,1
HOSPITAL MUNICIPAL SANTA TEREZINHA,CRUZ MACHADO,6a RS UNIAO DA VITORIA,MACRORREGIONAL LESTE,28,1,0,1,0,0
HOSPITAL MUNICIPAL SANTA TEREZINHA,CRUZ MACHADO,6a RS UNIAO DA VITORIA,MACRORREGIONAL LESTE,29,1,0,1,0,0
HOSPITAL MUNICIPAL SANTA TEREZINHA,CRUZ MACHADO,6a RS UNIAO DA VITORIA,MACRORREGIONAL LESTE,32,1,1,1,0,1
HOSPITAL MUNICIPAL SANTA TEREZINHA,CRUZ MACHADO,6a RS UNIAO DA VITORIA,MACRORREGIONAL LESTE,33,1,0,1,0,0
HOSPITAL MUNICIPAL SANTA TEREZINHA,CRUZ MACHADO,6a RS UNIAO DA VITORIA,MACRORREGIONAL LESTE,34,2,0,2,0,0
HOSPITAL MUNICIPAL SANTA TEREZINHA,CRUZ MACHADO,6a RS UNIAO DA VITORIA,MACRORREGIONAL LESTE,35,1,0,1,0,0
HOSPITAL PAULO FORTES,SAO MATEUS DO SUL,6a RS UNIAO DA VITORIA,MACRORREGIONAL LESTE,25,3,0,2,0,2
HOSPITAL REGIONAL DE CARIDADE NOSSA SRA APARECIDA,UNIAO DA VITORIA,6a RS UNIAO DA VITORIA,MACRORREGIONAL LESTE,16,1,1,1,1,1
HOSPITAL REGIONAL DE CARIDADE NOSSA SRA APARECIDA,UNIAO DA VITORIA,6a RS UNIAO DA VITORIA,MACRORREGIONAL LESTE,18,1,0,1,0,0
HOSPITAL REGIONAL DE CARIDADE NOSSA SRA APARECIDA,UNIAO DA VITORIA,6a RS UNIAO DA VITORIA,MACRORREGIONAL LESTE,23,2,0,2,1,1
HOSPITAL REGIONAL DE CARIDADE NOSSA SRA APARECIDA,UNIAO DA VITORIA,6a RS UNIAO DA VITORIA,MACRORREGIONAL LESTE,24,2,0,2,2,0
HOSPITAL REGIONAL DE CARIDADE NOSSA SRA APARECIDA,UNIAO DA VITORIA,6a RS UNIAO DA VITORIA,MACRORREGIONAL LESTE,29,1,1,1,1,0
HOSPITAL REGIONAL DE CARIDADE NOSSA SRA APARECIDA,UNIAO DA VITORIA,6a RS UNIAO DA VITORIA,MACRORREGIONAL LESTE,31,1,0,1,0,0
HOSPITAL REGIONAL DE CARIDADE NOSSA SRA APARECIDA,UNIAO DA VITORIA,6a RS UNIAO DA VITORIA,MACRORREGIONAL LESTE,32,1,1,1,1,0
HOSPITAL REGIONAL DE CARIDADE NOSSA SRA APARECIDA,UNIAO DA VITORIA,6a RS UNIAO DA VITORIA,MACRORREGIONAL LESTE,35,1,1,1,1,1
HOSPITAL SAO VICENTE DE PAULA,BITURUNA,6a RS UNIAO DA VITORIA,MACRORREGIONAL LESTE,1,3,0,3,1,0
HOSPITAL SAO VICENTE DE PAULA,BITURUNA,6a RS UNIAO DA VITORIA,MACRORREGIONAL LESTE,5,1,0,1,0,0
HOSPITAL SAO VICENTE DE PAULA,BITURUNA,6a RS UNIAO DA VITORIA,MACRORREGIONAL LESTE,6,1,0,1,0,0
HOSPITAL SAO VICENTE DE PAULA,BITURUNA,6a RS UNIAO DA VITORIA,MACRORREGIONAL LESTE,18,1,0,1,0,0
HOSPITAL SAO VICENTE DE PAULA,BITURUNA,6a RS UNIAO DA VITORIA,MACRORREGIONAL LESTE,19,4,1,4,0,0
HOSPITAL SAO VICENTE DE PAULA,BITURUNA,6a RS UNIAO DA VITORIA,MACRORREGIONAL LESTE,20,2,0,2,0,1
HOSPITAL SAO VICENTE DE PAULA,BITURUNA,6a RS UNIAO DA VITORIA,MACRORREGIONAL LESTE,21,2,0,2,0,0
HOSPITAL SAO VICENTE DE PAULA,BITURUNA,6a RS UNIAO DA VITORIA,MACRORREGIONAL LESTE,22,1,0,1,0,0
HOSPITAL SAO VICENTE DE PAULA,BITURUNA,6a RS UNIAO DA VITORIA,MACRORREGIONAL LESTE,23,1,0,1,0,1
HOSPITAL SAO VICENTE DE PAULA,BITURUNA,6a RS UNIAO DA VITORIA,MACRORREGIONAL LESTE,24,1,0,1,0,0
HOSPITAL SAO VICENTE DE PAULA,BITURUNA,6a RS UNIAO DA VITORIA,MACRORREGIONAL LESTE,25,1,0,1,0,0
HOSPITAL SAO VICENTE DE PAULA,BITURUNA,6a RS UNIAO DA VITORIA,MACRORREGIONAL LESTE,26,1,0,1,0,0
CENTRO DE SAUDE DE CHOPINZINHO,CHOPINZINHO,7a RS PATO BRANCO,MACRORREGIAO OESTE,37,1,0,0,0,0
HOSPITAL FILANTROPICO POLICLINICA,PATO BRANCO,7a RS PATO BRANCO,MACRORREGIAO OESTE,1,4,0,4,1,1
HOSPITAL FILANTROPICO POLICLINICA,PATO BRANCO,7a RS PATO BRANCO,MACRORREGIAO OESTE,4,3,0,3,1,0
HOSPITAL FILANTROPICO POLICLINICA,PATO BRANCO,7a RS PATO BRANCO,MACRORREGIAO OESTE,6,2,0,2,1,1
HOSPITAL FILANTROPICO POLICLINICA,PATO BRANCO,7a RS PATO BRANCO,MACRORREGIAO OESTE,7,3,0,3,1,2
HOSPITAL FILANTROPICO POLICLINICA,PATO BRANCO,7a RS PATO BRANCO,MACRORREGIAO OESTE,8,5,0,5,1,3
HOSPITAL FILANTROPICO POLICLINICA,PATO BRANCO,7a RS PATO BRANCO,MACRORREGIAO OESTE,9,5,0,5,0,4
HOSPITAL FILANTROPICO POLICLINICA,PATO BRANCO,7a RS PATO BRANCO,MACRORREGIAO OESTE,10,9,0,7,4,4
HOSPITAL FILANTROPICO POLICLINICA,PATO BRANCO,7a RS PATO BRANCO,MACRORREGIAO OESTE,11,7,0,7,2,6
HOSPITAL FILANTROPICO POLICLINICA,PATO BRANCO,7a RS PATO BRANCO,MACRORREGIAO OESTE,12,1,0,1,0,0
HOSPITAL FILANTROPICO POLICLINICA,PATO BRANCO,7a RS PATO BRANCO,MACRORREGIAO OESTE,13,5,0,5,1,2
HOSPITAL FILANTROPICO POLICLINICA,PATO BRANCO,7a RS PATO BRANCO,MACRORREGIAO OESTE,14,5,0,5,1,4
HOSPITAL FILANTROPICO POLICLINICA,PATO BRANCO,7a RS PATO BRANCO,MACRORREGIAO OESTE,15,11,0,11,0,6
HOSPITAL FILANTROPICO POLICLINICA,PATO BRANCO,7a RS PATO BRANCO,MACRORREGIAO OESTE,16,8,0,8,3,5
HOSPITAL FILANTROPICO POLICLINICA,PATO BRANCO,7a RS PATO BRANCO,MACRORREGIAO OESTE,17,3,0,3,1,2
HOSPITAL FILANTROPICO POLICLINICA,PATO BRANCO,7a RS PATO BRANCO,MACRORREGIAO OESTE,18,13,0,12,1,8
HOSPITAL FILANTROPICO POLICLINICA,PATO BRANCO,7a RS PATO BRANCO,MACRORREGIAO OESTE,19,11,0,11,2,8
HOSPITAL FILANTROPICO POLICLINICA,PATO BRANCO,7a RS PATO BRANCO,MACRORREGIAO OESTE,20,11,0,7,3,6
HOSPITAL FILANTROPICO POLICLINICA,PATO BRANCO,7a RS PATO BRANCO,MACRORREGIAO OESTE,21,13,0,13,2,6
HOSPITAL FILANTROPICO POLICLINICA,PATO BRANCO,7a RS PATO BRANCO,MACRORREGIAO OESTE,22,12,0,10,4,6
HOSPITAL FILANTROPICO POLICLINICA,PATO BRANCO,7a RS PATO BRANCO,MACRORREGIAO OESTE,23,15,0,13,2,8
HOSPITAL FILANTROPICO POLICLINICA,PATO BRANCO,7a RS PATO BRANCO,MACRORREGIAO OESTE,24,12,0,9,3,8
HOSPITAL FILANTROPICO POLICLINICA,PATO BRANCO,7a RS PATO BRANCO,MACRORREGIAO OESTE,25,16,0,15,3,13
HOSPITAL FILANTROPICO POLICLINICA,PATO BRANCO,7a RS PATO BRANCO,MACRORREGIAO OESTE,26,10,0,6,1,4
HOSPITAL FILANTROPICO POLICLINICA,PATO BRANCO,7a RS PATO BRANCO,MACRORREGIAO OESTE,27,7,0,3,2,2
HOSPITAL FILANTROPICO POLICLINICA,PATO BRANCO,7a RS PATO BRANCO,MACRORREGIAO OESTE,28,12,0,7,4,4
HOSPITAL FILANTROPICO POLICLINICA,PATO BRANCO,7a RS PATO BRANCO,MACRORREGIAO OESTE,29,7,0,4,2,2
HOSPITAL FILANTROPICO POLICLINICA,PATO BRANCO,7a RS PATO BRANCO,MACRORREGIAO OESTE,30,7,1,3,2,2
HOSPITAL FILANTROPICO POLICLINICA,PATO BRANCO,7a RS PATO BRANCO,MACRORREGIAO OESTE,31,8,0,1,0,1
HOSPITAL FILANTROPICO POLICLINICA,PATO BRANCO,7a RS PATO BRANCO,MACRORREGIAO OESTE,32,5,0,5,1,2
HOSPITAL FILANTROPICO POLICLINICA,PATO BRANCO,7a RS PATO BRANCO,MACRORREGIAO OESTE,33,6,0,3,0,2
HOSPITAL FILANTROPICO POLICLINICA,PATO BRANCO,7a RS PATO BRANCO,MACRORREGIAO OESTE,34,9,0,6,1,3
HOSPITAL FILANTROPICO POLICLINICA,PATO BRANCO,7a RS PATO BRANCO,MACRORREGIAO OESTE,35,4,0,1,1,1
HOSPITAL FILANTROPICO POLICLINICA,PATO BRANCO,7a RS PATO BRANCO,MACRORREGIAO OESTE,36,4,0,3,0,2
HOSPITAL FILANTROPICO POLICLINICA,PATO BRANCO,7a RS PATO BRANCO,MACRORREGIAO OESTE,37,7,0,3,1,1
HOSPITAL FILANTROPICO POLICLINICA,PATO BRANCO,7a RS PATO BRANCO,MACRORREGIAO OESTE,38,5,0,2,0,0
HOSPITAL FILANTROPICO POLICLINICA,PATO BRANCO,7a RS PATO BRANCO,MACRORREGIAO OESTE,39,2,0,0,0,0
INSTITUTO SANTA PELIZZARI,PALMAS,7a RS PATO BRANCO,MACRORREGIAO OESTE,8,1,0,1,0,1
INSTITUTO SAO RAFAEL,CHOPINZINHO,7a RS PATO BRANCO,MACRORREGIAO OESTE,2,1,0,1,0,0
INSTITUTO SAO RAFAEL,CHOPINZINHO,7a RS PATO BRANCO,MACRORREGIAO OESTE,3,1,0,1,1,0
INSTITUTO SAO RAFAEL,CHOPINZINHO,7a RS PATO BRANCO,MACRORREGIAO OESTE,4,1,0,1,0,0
INSTITUTO SAO RAFAEL,CHOPINZINHO,7a RS PATO BRANCO,MACRORREGIAO OESTE,5,1,0,1,0,0
INSTITUTO SAO RAFAEL,CHOPINZINHO,7a RS PATO BRANCO,MACRORREGIAO OESTE,6,1,0,1,0,0
INSTITUTO SAO RAFAEL,CHOPINZINHO,7a RS PATO BRANCO,MACRORREGIAO OESTE,7,1,0,1,1,0
INSTITUTO SAO RAFAEL,CHOPINZINHO,7a RS PATO BRANCO,MACRORREGIAO OESTE,8,1,0,1,0,0
INSTITUTO SAO RAFAEL,CHOPINZINHO,7a RS PATO BRANCO,MACRORREGIAO OESTE,9,2,0,2,0,0
INSTITUTO SAO RAFAEL,CHOPINZINHO,7a RS PATO BRANCO,MACRORREGIAO OESTE,17,2,0,2,0,0
INSTITUTO SAO RAFAEL,CHOPINZINHO,7a RS PATO BRANCO,MACRORREGIAO OESTE,18,9,0,9,0,1
INSTITUTO SAO RAFAEL,CHOPINZINHO,7a RS PATO BRANCO,MACRORREGIAO OESTE,19,4,0,4,0,1
INSTITUTO SAO RAFAEL,CHOPINZINHO,7a RS PATO BRANCO,MACRORREGIAO OESTE,20,3,0,3,1,1
INSTITUTO SAO RAFAEL,CHOPINZINHO,7a RS PATO BRANCO,MACRORREGIAO OESTE,21,5,0,5,1,0
INSTITUTO SAO RAFAEL,CHOPINZINHO,7a RS PATO BRANCO,MACRORREGIAO OESTE,22,6,0,6,0,0
INSTITUTO SAO RAFAEL,CHOPINZINHO,7a RS PATO BRANCO,MACRORREGIAO OESTE,23,2,0,2,0,0
INSTITUTO SAO RAFAEL,CHOPINZINHO,7a RS PATO BRANCO,MACRORREGIAO OESTE,24,3,0,2,0,0
INSTITUTO SAO RAFAEL,CHOPINZINHO,7a RS PATO BRANCO,MACRORREGIAO OESTE,25,2,0,2,0,0
INSTITUTO SAO RAFAEL,CHOPINZINHO,7a RS PATO BRANCO,MACRORREGIAO OESTE,26,8,0,8,1,0
INSTITUTO SAO RAFAEL,CHOPINZINHO,7a RS PATO BRANCO,MACRORREGIAO OESTE,27,6,0,6,0,0
INSTITUTO SAO RAFAEL,CHOPINZINHO,7a RS PATO BRANCO,MACRORREGIAO OESTE,28,3,0,3,0,0
INSTITUTO SAO RAFAEL,CHOPINZINHO,7a RS PATO BRANCO,MACRORREGIAO OESTE,30,1,0,1,0,0
INSTITUTO SAO RAFAEL,CHOPINZINHO,7a RS PATO BRANCO,MACRORREGIAO OESTE,32,1,0,1,0,0
INSTITUTO SAO RAFAEL,CHOPINZINHO,7a RS PATO BRANCO,MACRORREGIAO OESTE,33,1,0,1,0,0
INSTITUTO SAO RAFAEL,CHOPINZINHO,7a RS PATO BRANCO,MACRORREGIAO OESTE,37,2,0,0,0,0
ISSAL,PATO BRANCO,7a RS PATO BRANCO,MACRORREGIAO OESTE,2,2,0,1,1,1
ISSAL,PATO BRANCO,7a RS PATO BRANCO,MACRORREGIAO OESTE,5,2,0,2,0,1
ISSAL,PATO BRANCO,7a RS PATO BRANCO,MACRORREGIAO OESTE,9,4,0,4,1,2
ISSAL,PATO BRANCO,7a RS PATO BRANCO,MACRORREGIAO OESTE,10,3,0,3,0,2
ISSAL,PATO BRANCO,7a RS PATO BRANCO,MACRORREGIAO OESTE,11,1,0,1,0,0
ISSAL,PATO BRANCO,7a RS PATO BRANCO,MACRORREGIAO OESTE,13,1,0,1,0,1
ISSAL,PATO BRANCO,7a RS PATO BRANCO,MACRORREGIAO OESTE,14,2,0,2,0,2
ISSAL,PATO BRANCO,7a RS PATO BRANCO,MACRORREGIAO OESTE,17,6,1,6,3,4
ISSAL,PATO BRANCO,7a RS PATO BRANCO,MACRORREGIAO OESTE,18,6,1,5,0,6
ISSAL,PATO BRANCO,7a RS PATO BRANCO,MACRORREGIAO OESTE,19,5,0,5,0,2
ISSAL,PATO BRANCO,7a RS PATO BRANCO,MACRORREGIAO OESTE,20,5,0,5,0,2
ISSAL,PATO BRANCO,7a RS PATO BRANCO,MACRORREGIAO OESTE,21,3,1,3,1,3
ISSAL,PATO BRANCO,7a RS PATO BRANCO,MACRORREGIAO OESTE,22,3,0,3,0,1
ISSAL,PATO BRANCO,7a RS PATO BRANCO,MACRORREGIAO OESTE,23,2,0,2,0,1
ISSAL,PATO BRANCO,7a RS PATO BRANCO,MACRORREGIAO OESTE,24,1,0,1,0,1
ISSAL,PATO BRANCO,7a RS PATO BRANCO,MACRORREGIAO OESTE,25,3,0,3,0,3
ISSAL,PATO BRANCO,7a RS PATO BRANCO,MACRORREGIAO OESTE,26,1,0,1,0,1
ISSAL,PATO BRANCO,7a RS PATO BRANCO,MACRORREGIAO OESTE,27,3,0,2,1,1
ISSAL,PATO BRANCO,7a RS PATO BRANCO,MACRORREGIAO OESTE,28,3,0,2,0,0
ISSAL,PATO BRANCO,7a RS PATO BRANCO,MACRORREGIAO OESTE,30,2,0,2,0,2
ISSAL,PATO BRANCO,7a RS PATO BRANCO,MACRORREGIAO OESTE,32,3,0,2,0,2
ISSAL,PATO BRANCO,7a RS PATO BRANCO,MACRORREGIAO OESTE,33,2,0,0,2,0
ISSAL,PATO BRANCO,7a RS PATO BRANCO,MACRORREGIAO OESTE,34,1,0,1,1,1
ISSAL,PATO BRANCO,7a RS PATO BRANCO,MACRORREGIAO OESTE,35,1,0,1,0,0
ISSAL,PATO BRANCO,7a RS PATO BRANCO,MACRORREGIAO OESTE,36,5,1,5,3,4
ISSAL,PATO BRANCO,7a RS PATO BRANCO,MACRORREGIAO OESTE,37,2,0,2,0,1
ISSAL,PATO BRANCO,7a RS PATO BRANCO,MACRORREGIAO OESTE,38,1,0,0,0,1
ISSAL,PATO BRANCO,7a RS PATO BRANCO,MACRORREGIAO OESTE,39,1,0,0,0,0
PRO VITTA ASSOCIACAO BENEF DE ASSIST SOCIAL E SAUDE,CLEVELANDIA,7a RS PATO BRANCO,MACRORREGIAO OESTE,16,1,0,1,0,0
PRO VITTA ASSOCIACAO BENEF DE ASSIST SOCIAL E SAUDE,CLEVELANDIA,7a RS PATO BRANCO,MACRORREGIAO OESTE,18,4,0,4,0,3
PRO VITTA ASSOCIACAO BENEF DE ASSIST SOCIAL E SAUDE,CLEVELANDIA,7a RS PATO BRANCO,MACRORREGIAO OESTE,19,1,0,1,0,1
PRO VITTA ASSOCIACAO BENEF DE ASSIST SOCIAL E SAUDE,CLEVELANDIA,7a RS PATO BRANCO,MACRORREGIAO OESTE,20,5,0,5,0,5
PRO VITTA ASSOCIACAO BENEF DE ASSIST SOCIAL E SAUDE,CLEVELANDIA,7a RS PATO BRANCO,MACRORREGIAO OESTE,24,1,0,1,0,0
PRO VITTA ASSOCIACAO BENEF DE ASSIST SOCIAL E SAUDE,CLEVELANDIA,7a RS PATO BRANCO,MACRORREGIAO OESTE,25,4,0,4,0,1
PRO VITTA ASSOCIACAO BENEF DE ASSIST SOCIAL E SAUDE,CLEVELANDIA,7a RS PATO BRANCO,MACRORREGIAO OESTE,26,5,0,4,0,1
PRO VITTA ASSOCIACAO BENEF DE ASSIST SOCIAL E SAUDE,CLEVELANDIA,7a RS PATO BRANCO,MACRORREGIAO OESTE,27,2,0,2,0,2
PRO VITTA ASSOCIACAO BENEF DE ASSIST SOCIAL E SAUDE,CLEVELANDIA,7a RS PATO BRANCO,MACRORREGIAO OESTE,28,2,0,2,0,0
PRO VITTA ASSOCIACAO BENEF DE ASSIST SOCIAL E SAUDE,CLEVELANDIA,7a RS PATO BRANCO,MACRORREGIAO OESTE,29,1,0,1,0,0
PRO VITTA ASSOCIACAO BENEF DE ASSIST SOCIAL E SAUDE,CLEVELANDIA,7a RS PATO BRANCO,MACRORREGIAO OESTE,30,4,0,4,1,0
PRO VITTA ASSOCIACAO BENEF DE ASSIST SOCIAL E SAUDE,CLEVELANDIA,7a RS PATO BRANCO,MACRORREGIAO OESTE,31,3,0,3,0,2
PRO VITTA ASSOCIACAO BENEF DE ASSIST SOCIAL E SAUDE,CLEVELANDIA,7a RS PATO BRANCO,MACRORREGIAO OESTE,33,5,0,5,0,2
PRO VITTA ASSOCIACAO BENEF DE ASSIST SOCIAL E SAUDE,CLEVELANDIA,7a RS PATO BRANCO,MACRORREGIAO OESTE,34,5,0,5,0,0
PRO VITTA ASSOCIACAO BENEF DE ASSIST SOCIAL E SAUDE,CLEVELANDIA,7a RS PATO BRANCO,MACRORREGIAO OESTE,35,2,0,2,0,2
UNIDADE DE PRONTO ATENDIMENTO MARECHAL CANDIDO RONDON,CHOPINZINHO,7a RS PATO BRANCO,MACRORREGIAO OESTE,12,1,1,1,1,1
UPA 24 HORAS MARIA ITALIA FREDDO,PATO BRANCO,7a RS PATO BRANCO,MACRORREGIAO OESTE,31,1,0,0,0,0
UPA BRASILIA,CHOPINZINHO,7a RS PATO BRANCO,MACRORREGIAO OESTE,17,1,0,1,1,0
UPA BRASILIA,CHOPINZINHO,7a RS PATO BRANCO,MACRORREGIAO OESTE,22,1,0,1,0,0
UPA TANCREDO NEVES,CHOPINZINHO,7a RS PATO BRANCO,MACRORREGIAO OESTE,25,1,0,1,0,0
CASA DE SAUDE DE SANTA IZABEL DOESTE,SANTA IZABEL DO OESTE,8a RS FRANCISCO BELTRAO,MACRORREGIAO OESTE,1,1,0,1,0,0
CASA DE SAUDE DE SANTA IZABEL DOESTE,SANTA IZABEL DO OESTE,8a RS FRANCISCO BELTRAO,MACRORREGIAO OESTE,3,1,1,1,0,1
CASA DE SAUDE DE SANTA IZABEL DOESTE,SANTA IZABEL DO OESTE,8a RS FRANCISCO BELTRAO,MACRORREGIAO OESTE,4,1,0,1,0,0
CASA DE SAUDE DE SANTA IZABEL DOESTE,SANTA IZABEL DO OESTE,8a RS FRANCISCO BELTRAO,MACRORREGIAO OESTE,6,1,0,1,0,0
CASA DE SAUDE DE SANTA IZABEL DOESTE,SANTA IZABEL DO OESTE,8a RS FRANCISCO BELTRAO,MACRORREGIAO OESTE,7,1,0,1,0,0
CASA DE SAUDE DE SANTA IZABEL DOESTE,SANTA IZABEL DO OESTE,8a RS FRANCISCO BELTRAO,MACRORREGIAO OESTE,8,1,0,1,0,0
CASA DE SAUDE DE SANTA IZABEL DOESTE,SANTA IZABEL DO OESTE,8a RS FRANCISCO BELTRAO,MACRORREGIAO OESTE,9,2,0,2,0,1
CASA DE SAUDE DE SANTA IZABEL DOESTE,SANTA IZABEL DO OESTE,8a RS FRANCISCO BELTRAO,MACRORREGIAO OESTE,11,1,0,1,0,1
CASA DE SAUDE DE SANTA IZABEL DOESTE,SANTA IZABEL DO OESTE,8a RS FRANCISCO BELTRAO,MACRORREGIAO OESTE,12,1,0,1,0,1
CASA DE SAUDE DE SANTA IZABEL DOESTE,SANTA IZABEL DO OESTE,8a RS FRANCISCO BELTRAO,MACRORREGIAO OESTE,14,1,0,1,0,0
CASA DE SAUDE DE SANTA IZABEL DOESTE,SANTA IZABEL DO OESTE,8a RS FRANCISCO BELTRAO,MACRORREGIAO OESTE,16,2,0,2,0,2
CASA DE SAUDE DE SANTA IZABEL DOESTE,SANTA IZABEL DO OESTE,8a RS FRANCISCO BELTRAO,MACRORREGIAO OESTE,17,2,0,2,0,1
CASA DE SAUDE DE SANTA IZABEL DOESTE,SANTA IZABEL DO OESTE,8a RS FRANCISCO BELTRAO,MACRORREGIAO OESTE,18,4,0,4,0,1
CASA DE SAUDE DE SANTA IZABEL DOESTE,SANTA IZABEL DO OESTE,8a RS FRANCISCO BELTRAO,MACRORREGIAO OESTE,19,4,0,3,0,2
CASA DE SAUDE DE SANTA IZABEL DOESTE,SANTA IZABEL DO OESTE,8a RS FRANCISCO BELTRAO,MACRORREGIAO OESTE,20,1,0,0,0,0
CASA DE SAUDE DE SANTA IZABEL DOESTE,SANTA IZABEL DO OESTE,8a RS FRANCISCO BELTRAO,MACRORREGIAO OESTE,21,2,0,2,0,1
CASA DE SAUDE DE SANTA IZABEL DOESTE,SANTA IZABEL DO OESTE,8a RS FRANCISCO BELTRAO,MACRORREGIAO OESTE,22,1,0,1,0,1
CASA DE SAUDE DE SANTA IZABEL DOESTE,SANTA IZABEL DO OESTE,8a RS FRANCISCO BELTRAO,MACRORREGIAO OESTE,23,4,0,4,0,4
CASA DE SAUDE DE SANTA IZABEL DOESTE,SANTA IZABEL DO OESTE,8a RS FRANCISCO BELTRAO,MACRORREGIAO OESTE,24,5,0,5,0,2
CASA DE SAUDE DE SANTA IZABEL DOESTE,SANTA IZABEL DO OESTE,8a RS FRANCISCO BELTRAO,MACRORREGIAO OESTE,25,3,0,3,0,3
CASA DE SAUDE DE SANTA IZABEL DOESTE,SANTA IZABEL DO OESTE,8a RS FRANCISCO BELTRAO,MACRORREGIAO OESTE,26,3,0,3,0,2
CASA DE SAUDE DE SANTA IZABEL DOESTE,SANTA IZABEL DO OESTE,8a RS FRANCISCO BELTRAO,MACRORREGIAO OESTE,27,6,0,6,0,3
CASA DE SAUDE DE SANTA IZABEL DOESTE,SANTA IZABEL DO OESTE,8a RS FRANCISCO BELTRAO,MACRORREGIAO OESTE,28,3,0,3,0,3
CASA DE SAUDE DE SANTA IZABEL DOESTE,SANTA IZABEL DO OESTE,8a RS FRANCISCO BELTRAO,MACRORREGIAO OESTE,29,2,0,2,0,2
CASA DE SAUDE DE SANTA IZABEL DOESTE,SANTA IZABEL DO OESTE,8a RS FRANCISCO BELTRAO,MACRORREGIAO OESTE,30,1,0,1,0,1
CASA DE SAUDE DE SANTA IZABEL DOESTE,SANTA IZABEL DO OESTE,8a RS FRANCISCO BELTRAO,MACRORREGIAO OESTE,31,2,0,2,0,0
CASA DE SAUDE DE SANTA IZABEL DOESTE,SANTA IZABEL DO OESTE,8a RS FRANCISCO BELTRAO,MACRORREGIAO OESTE,32,4,0,4,0,1
CASA DE SAUDE DE SANTA IZABEL DOESTE,SANTA IZABEL DO OESTE,8a RS FRANCISCO BELTRAO,MACRORREGIAO OESTE,33,2,0,2,0,1
CASA DE SAUDE DE SANTA IZABEL DOESTE,SANTA IZABEL DO OESTE,8a RS FRANCISCO BELTRAO,MACRORREGIAO OESTE,34,1,0,1,0,0
CASA DE SAUDE DE SANTA IZABEL DOESTE,SANTA IZABEL DO OESTE,8a RS FRANCISCO BELTRAO,MACRORREGIAO OESTE,35,1,0,1,0,1
FUNDACAO HOSPITALAR DA FRONTEIRA PRANCHITA,PRANCHITA,8a RS FRANCISCO BELTRAO,MACRORREGIAO OESTE,18,1,0,0,0,0
FUNDACAO HOSPITALAR DA FRONTEIRA PRANCHITA,PRANCHITA,8a RS FRANCISCO BELTRAO,MACRORREGIAO OESTE,19,2,0,2,1,2
FUNDACAO HOSPITALAR DA FRONTEIRA PRANCHITA,PRANCHITA,8a RS FRANCISCO BELTRAO,MACRORREGIAO OESTE,20,2,0,2,0,2
FUNDACAO HOSPITALAR DA FRONTEIRA PRANCHITA,PRANCHITA,8a RS FRANCISCO BELTRAO,MACRORREGIAO OESTE,21,1,0,1,0,1
FUNDACAO HOSPITALAR DA FRONTEIRA PRANCHITA,PRANCHITA,8a RS FRANCISCO BELTRAO,MACRORREGIAO OESTE,22,3,0,3,0,3
FUNDACAO HOSPITALAR DA FRONTEIRA PRANCHITA,PRANCHITA,8a RS FRANCISCO BELTRAO,MACRORREGIAO OESTE,26,2,0,2,0,2
FUNDACAO HOSPITALAR DA FRONTEIRA PRANCHITA,PRANCHITA,8a RS FRANCISCO BELTRAO,MACRORREGIAO OESTE,27,1,0,1,0,1
FUNDACAO HOSPITALAR DA FRONTEIRA PRANCHITA,PRANCHITA,8a RS FRANCISCO BELTRAO,MACRORREGIAO OESTE,28,2,0,2,0,2
FUNDACAO HOSPITALAR DA FRONTEIRA PRANCHITA,PRANCHITA,8a RS FRANCISCO BELTRAO,MACRORREGIAO OESTE,31,1,0,1,0,1
FUNDACAO HOSPITALAR DA FRONTEIRA PRANCHITA,PRANCHITA,8a RS FRANCISCO BELTRAO,MACRORREGIAO OESTE,33,1,0,1,0,1
FUNDACAO HOSPITALAR DA FRONTEIRA PRANCHITA,PRANCHITA,8a RS FRANCISCO BELTRAO,MACRORREGIAO OESTE,35,1,0,1,0,0
HOSPITAL DR JOAO FRANCISCO CIOCCARI,VERE,8a RS FRANCISCO BELTRAO,MACRORREGIAO OESTE,21,1,0,1,0,1
HOSPITAL GERAL INTERMUNICIPAL HGI DR ARYZONE MENDES D,FRANCISCO BELTRAO,8a RS FRANCISCO BELTRAO,MACRORREGIAO OESTE,1,1,0,1,0,0
HOSPITAL GERAL INTERMUNICIPAL HGI DR ARYZONE MENDES D,FRANCISCO BELTRAO,8a RS FRANCISCO BELTRAO,MACRORREGIAO OESTE,2,3,0,3,1,1
HOSPITAL GERAL INTERMUNICIPAL HGI DR ARYZONE MENDES D,FRANCISCO BELTRAO,8a RS FRANCISCO BELTRAO,MACRORREGIAO OESTE,3,2,0,2,2,1
HOSPITAL GERAL INTERMUNICIPAL HGI DR ARYZONE MENDES D,FRANCISCO BELTRAO,8a RS FRANCISCO BELTRAO,MACRORREGIAO OESTE,4,2,0,2,1,0
HOSPITAL GERAL INTERMUNICIPAL HGI DR ARYZONE MENDES D,FRANCISCO BELTRAO,8a RS FRANCISCO BELTRAO,MACRORREGIAO OESTE,5,3,0,3,1,1
HOSPITAL GERAL INTERMUNICIPAL HGI DR ARYZONE MENDES D,FRANCISCO BELTRAO,8a RS FRANCISCO BELTRAO,MACRORREGIAO OESTE,6,1,0,1,0,0
HOSPITAL GERAL INTERMUNICIPAL HGI DR ARYZONE MENDES D,FRANCISCO BELTRAO,8a RS FRANCISCO BELTRAO,MACRORREGIAO OESTE,7,2,0,2,0,1
HOSPITAL GERAL INTERMUNICIPAL HGI DR ARYZONE MENDES D,FRANCISCO BELTRAO,8a RS FRANCISCO BELTRAO,MACRORREGIAO OESTE,8,2,0,2,0,2
HOSPITAL GERAL INTERMUNICIPAL HGI DR ARYZONE MENDES D,FRANCISCO BELTRAO,8a RS FRANCISCO BELTRAO,MACRORREGIAO OESTE,9,1,0,1,0,0
HOSPITAL GERAL INTERMUNICIPAL HGI DR ARYZONE MENDES D,FRANCISCO BELTRAO,8a RS FRANCISCO BELTRAO,MACRORREGIAO OESTE,10,1,0,1,1,1
HOSPITAL GERAL INTERMUNICIPAL HGI DR ARYZONE MENDES D,FRANCISCO BELTRAO,8a RS FRANCISCO BELTRAO,MACRORREGIAO OESTE,11,1,0,1,0,1
HOSPITAL GERAL INTERMUNICIPAL HGI DR ARYZONE MENDES D,FRANCISCO BELTRAO,8a RS FRANCISCO BELTRAO,MACRORREGIAO OESTE,12,4,0,4,0,4
HOSPITAL GERAL INTERMUNICIPAL HGI DR ARYZONE MENDES D,FRANCISCO BELTRAO,8a RS FRANCISCO BELTRAO,MACRORREGIAO OESTE,13,5,0,5,2,3
HOSPITAL GERAL INTERMUNICIPAL HGI DR ARYZONE MENDES D,FRANCISCO BELTRAO,8a RS FRANCISCO BELTRAO,MACRORREGIAO OESTE,14,1,0,1,0,1
HOSPITAL GERAL INTERMUNICIPAL HGI DR ARYZONE MENDES D,FRANCISCO BELTRAO,8a RS FRANCISCO BELTRAO,MACRORREGIAO OESTE,15,3,0,2,0,2
HOSPITAL GERAL INTERMUNICIPAL HGI DR ARYZONE MENDES D,FRANCISCO BELTRAO,8a RS FRANCISCO BELTRAO,MACRORREGIAO OESTE,16,3,0,3,0,3
HOSPITAL GERAL INTERMUNICIPAL HGI DR ARYZONE MENDES D,FRANCISCO BELTRAO,8a RS FRANCISCO BELTRAO,MACRORREGIAO OESTE,17,5,0,5,0,4
HOSPITAL GERAL INTERMUNICIPAL HGI DR ARYZONE MENDES D,FRANCISCO BELTRAO,8a RS FRANCISCO BELTRAO,MACRORREGIAO OESTE,18,4,0,4,1,3
HOSPITAL GERAL INTERMUNICIPAL HGI DR ARYZONE MENDES D,FRANCISCO BELTRAO,8a RS FRANCISCO BELTRAO,MACRORREGIAO OESTE,19,9,1,9,2,3
HOSPITAL GERAL INTERMUNICIPAL HGI DR ARYZONE MENDES D,FRANCISCO BELTRAO,8a RS FRANCISCO BELTRAO,MACRORREGIAO OESTE,20,6,0,6,3,3
HOSPITAL GERAL INTERMUNICIPAL HGI DR ARYZONE MENDES D,FRANCISCO BELTRAO,8a RS FRANCISCO BELTRAO,MACRORREGIAO OESTE,21,1,1,1,0,1
HOSPITAL GERAL INTERMUNICIPAL HGI DR ARYZONE MENDES D,FRANCISCO BELTRAO,8a RS FRANCISCO BELTRAO,MACRORREGIAO OESTE,22,1,0,1,0,1
HOSPITAL GERAL INTERMUNICIPAL HGI DR ARYZONE MENDES D,FRANCISCO BELTRAO,8a RS FRANCISCO BELTRAO,MACRORREGIAO OESTE,23,1,0,1,1,1
HOSPITAL GERAL INTERMUNICIPAL HGI DR ARYZONE MENDES D,FRANCISCO BELTRAO,8a RS FRANCISCO BELTRAO,MACRORREGIAO OESTE,25,2,0,2,0,1
HOSPITAL GERAL INTERMUNICIPAL HGI DR ARYZONE MENDES D,FRANCISCO BELTRAO,8a RS FRANCISCO BELTRAO,MACRORREGIAO OESTE,26,1,0,1,0,1
HOSPITAL GERAL INTERMUNICIPAL HGI DR ARYZONE MENDES D,FRANCISCO BELTRAO,8a RS FRANCISCO BELTRAO,MACRORREGIAO OESTE,30,1,0,0,0,0
HOSPITAL GERAL INTERMUNICIPAL HGI DR ARYZONE MENDES D,FRANCISCO BELTRAO,8a RS FRANCISCO BELTRAO,MACRORREGIAO OESTE,32,1,0,1,0,1
HOSPITAL GERAL INTERMUNICIPAL HGI DR ARYZONE MENDES D,FRANCISCO BELTRAO,8a RS FRANCISCO BELTRAO,MACRORREGIAO OESTE,33,1,0,1,0,0
HOSPITAL GERAL INTERMUNICIPAL HGI DR ARYZONE MENDES D,FRANCISCO BELTRAO,8a RS FRANCISCO BELTRAO,MACRORREGIAO OESTE,36,2,0,0,0,0
HOSPITAL GERAL INTERMUNICIPAL HGI DR ARYZONE MENDES D,FRANCISCO BELTRAO,8a RS FRANCISCO BELTRAO,MACRORREGIAO OESTE,38,1,0,0,1,0
HOSPITAL PRO VIDA,DOIS VIZINHOS,8a RS FRANCISCO BELTRAO,MACRORREGIAO OESTE,5,1,0,1,0,1
HOSPITAL PRO VIDA,DOIS VIZINHOS,8a RS FRANCISCO BELTRAO,MACRORREGIAO OESTE,9,3,0,3,0,2
HOSPITAL PRO VIDA,DOIS VIZINHOS,8a RS FRANCISCO BELTRAO,MACRORREGIAO OESTE,11,1,0,1,0,1
HOSPITAL PRO VIDA,DOIS VIZINHOS,8a RS FRANCISCO BELTRAO,MACRORREGIAO OESTE,17,1,0,1,0,1
HOSPITAL PRO VIDA,DOIS VIZINHOS,8a RS FRANCISCO BELTRAO,MACRORREGIAO OESTE,19,2,0,2,0,2
HOSPITAL PRO VIDA,DOIS VIZINHOS,8a RS FRANCISCO BELTRAO,MACRORREGIAO OESTE,20,5,0,5,0,3
HOSPITAL PRO VIDA,DOIS VIZINHOS,8a RS FRANCISCO BELTRAO,MACRORREGIAO OESTE,21,1,0,1,0,1
HOSPITAL PRO VIDA,DOIS VIZINHOS,8a RS FRANCISCO BELTRAO,MACRORREGIAO OESTE,23,1,0,1,0,1
HOSPITAL PRO VIDA,DOIS VIZINHOS,8a RS FRANCISCO BELTRAO,MACRORREGIAO OESTE,25,1,0,1,0,1
HOSPITAL PRO VIDA,DOIS VIZINHOS,8a RS FRANCISCO BELTRAO,MACRORREGIAO OESTE,26,3,0,3,0,3
HOSPITAL PRO VIDA,DOIS VIZINHOS,8a RS FRANCISCO BELTRAO,MACRORREGIAO OESTE,27,3,0,3,0,1
HOSPITAL PRO VIDA,DOIS VIZINHOS,8a RS FRANCISCO BELTRAO,MACRORREGIAO OESTE,28,1,0,1,0,1
HOSPITAL PRO VIDA,DOIS VIZINHOS,8a RS FRANCISCO BELTRAO,MACRORREGIAO OESTE,34,2,0,2,0,2
HOSPITAL PRO VIDA,DOIS VIZINHOS,8a RS FRANCISCO BELTRAO,MACRORREGIAO OESTE,35,1,0,1,0,1
HOSPITAL PRO VIDA,DOIS VIZINHOS,8a RS FRANCISCO BELTRAO,MACRORREGIAO OESTE,38,1,0,0,0,0
HOSPITAL REGIONAL DO SUDOESTE WALTER ALBERTO PECOITS F B,FRANCISCO BELTRAO,8a RS FRANCISCO BELTRAO,MACRORREGIAO OESTE,2,1,0,1,0,1
HOSPITAL REGIONAL DO SUDOESTE WALTER ALBERTO PECOITS F B,FRANCISCO BELTRAO,8a RS FRANCISCO BELTRAO,MACRORREGIAO OESTE,3,1,0,1,0,0
HOSPITAL REGIONAL DO SUDOESTE WALTER ALBERTO PECOITS F B,FRANCISCO BELTRAO,8a RS FRANCISCO BELTRAO,MACRORREGIAO OESTE,4,2,0,2,0,1
HOSPITAL REGIONAL DO SUDOESTE WALTER ALBERTO PECOITS F B,FRANCISCO BELTRAO,8a RS FRANCISCO BELTRAO,MACRORREGIAO OESTE,5,1,0,1,1,0
HOSPITAL REGIONAL DO SUDOESTE WALTER ALBERTO PECOITS F B,FRANCISCO BELTRAO,8a RS FRANCISCO BELTRAO,MACRORREGIAO OESTE,6,1,0,1,0,0
HOSPITAL REGIONAL DO SUDOESTE WALTER ALBERTO PECOITS F B,FRANCISCO BELTRAO,8a RS FRANCISCO BELTRAO,MACRORREGIAO OESTE,7,4,0,4,2,2
HOSPITAL REGIONAL DO SUDOESTE WALTER ALBERTO PECOITS F B,FRANCISCO BELTRAO,8a RS FRANCISCO BELTRAO,MACRORREGIAO OESTE,8,1,0,1,0,1
HOSPITAL REGIONAL DO SUDOESTE WALTER ALBERTO PECOITS F B,FRANCISCO BELTRAO,8a RS FRANCISCO BELTRAO,MACRORREGIAO OESTE,9,3,0,3,0,2
HOSPITAL REGIONAL DO SUDOESTE WALTER ALBERTO PECOITS F B,FRANCISCO BELTRAO,8a RS FRANCISCO BELTRAO,MACRORREGIAO OESTE,10,3,0,3,1,2
HOSPITAL REGIONAL DO SUDOESTE WALTER ALBERTO PECOITS F B,FRANCISCO BELTRAO,8a RS FRANCISCO BELTRAO,MACRORREGIAO OESTE,11,2,0,2,1,0
HOSPITAL REGIONAL DO SUDOESTE WALTER ALBERTO PECOITS F B,FRANCISCO BELTRAO,8a RS FRANCISCO BELTRAO,MACRORREGIAO OESTE,12,3,0,3,1,2
HOSPITAL REGIONAL DO SUDOESTE WALTER ALBERTO PECOITS F B,FRANCISCO BELTRAO,8a RS FRANCISCO BELTRAO,MACRORREGIAO OESTE,13,4,0,4,0,0
HOSPITAL REGIONAL DO SUDOESTE WALTER ALBERTO PECOITS F B,FRANCISCO BELTRAO,8a RS FRANCISCO BELTRAO,MACRORREGIAO OESTE,14,3,0,3,0,3
HOSPITAL REGIONAL DO SUDOESTE WALTER ALBERTO PECOITS F B,FRANCISCO BELTRAO,8a RS FRANCISCO BELTRAO,MACRORREGIAO OESTE,15,4,0,4,1,3
HOSPITAL REGIONAL DO SUDOESTE WALTER ALBERTO PECOITS F B,FRANCISCO BELTRAO,8a RS FRANCISCO BELTRAO,MACRORREGIAO OESTE,16,4,0,4,4,2
HOSPITAL REGIONAL DO SUDOESTE WALTER ALBERTO PECOITS F B,FRANCISCO BELTRAO,8a RS FRANCISCO BELTRAO,MACRORREGIAO OESTE,17,7,0,7,2,5
HOSPITAL REGIONAL DO SUDOESTE WALTER ALBERTO PECOITS F B,FRANCISCO BELTRAO,8a RS FRANCISCO BELTRAO,MACRORREGIAO OESTE,18,8,0,7,3,5
HOSPITAL REGIONAL DO SUDOESTE WALTER ALBERTO PECOITS F B,FRANCISCO BELTRAO,8a RS FRANCISCO BELTRAO,MACRORREGIAO OESTE,19,10,0,10,5,4
HOSPITAL REGIONAL DO SUDOESTE WALTER ALBERTO PECOITS F B,FRANCISCO BELTRAO,8a RS FRANCISCO BELTRAO,MACRORREGIAO OESTE,20,6,0,6,4,2
HOSPITAL REGIONAL DO SUDOESTE WALTER ALBERTO PECOITS F B,FRANCISCO BELTRAO,8a RS FRANCISCO BELTRAO,MACRORREGIAO OESTE,21,7,0,7,6,2
HOSPITAL REGIONAL DO SUDOESTE WALTER ALBERTO PECOITS F B,FRANCISCO BELTRAO,8a RS FRANCISCO BELTRAO,MACRORREGIAO OESTE,22,5,0,5,1,4
HOSPITAL REGIONAL DO SUDOESTE WALTER ALBERTO PECOITS F B,FRANCISCO BELTRAO,8a RS FRANCISCO BELTRAO,MACRORREGIAO OESTE,23,5,0,4,1,4
HOSPITAL REGIONAL DO SUDOESTE WALTER ALBERTO PECOITS F B,FRANCISCO BELTRAO,8a RS FRANCISCO BELTRAO,MACRORREGIAO OESTE,24,6,0,6,3,3
HOSPITAL REGIONAL DO SUDOESTE WALTER ALBERTO PECOITS F B,FRANCISCO BELTRAO,8a RS FRANCISCO BELTRAO,MACRORREGIAO OESTE,25,6,0,5,3,3
HOSPITAL REGIONAL DO SUDOESTE WALTER ALBERTO PECOITS F B,FRANCISCO BELTRAO,8a RS FRANCISCO BELTRAO,MACRORREGIAO OESTE,26,7,0,7,6,5
HOSPITAL REGIONAL DO SUDOESTE WALTER ALBERTO PECOITS F B,FRANCISCO BELTRAO,8a RS FRANCISCO BELTRAO,MACRORREGIAO OESTE,27,7,0,6,4,4
HOSPITAL REGIONAL DO SUDOESTE WALTER ALBERTO PECOITS F B,FRANCISCO BELTRAO,8a RS FRANCISCO BELTRAO,MACRORREGIAO OESTE,28,6,0,6,2,4
HOSPITAL REGIONAL DO SUDOESTE WALTER ALBERTO PECOITS F B,FRANCISCO BELTRAO,8a RS FRANCISCO BELTRAO,MACRORREGIAO OESTE,29,6,0,6,2,4
HOSPITAL REGIONAL DO SUDOESTE WALTER ALBERTO PECOITS F B,FRANCISCO BELTRAO,8a RS FRANCISCO BELTRAO,MACRORREGIAO OESTE,30,3,0,3,1,1
HOSPITAL REGIONAL DO SUDOESTE WALTER ALBERTO PECOITS F B,FRANCISCO BELTRAO,8a RS FRANCISCO BELTRAO,MACRORREGIAO OESTE,31,3,0,3,2,3
HOSPITAL REGIONAL DO SUDOESTE WALTER ALBERTO PECOITS F B,FRANCISCO BELTRAO,8a RS FRANCISCO BELTRAO,MACRORREGIAO OESTE,32,1,0,1,1,0
HOSPITAL REGIONAL DO SUDOESTE WALTER ALBERTO PECOITS F B,FRANCISCO BELTRAO,8a RS FRANCISCO BELTRAO,MACRORREGIAO OESTE,33,5,0,5,0,4
HOSPITAL REGIONAL DO SUDOESTE WALTER ALBERTO PECOITS F B,FRANCISCO BELTRAO,8a RS FRANCISCO BELTRAO,MACRORREGIAO OESTE,34,8,0,7,3,4
HOSPITAL REGIONAL DO SUDOESTE WALTER ALBERTO PECOITS F B,FRANCISCO BELTRAO,8a RS FRANCISCO BELTRAO,MACRORREGIAO OESTE,35,2,0,1,1,1
HOSPITAL REGIONAL DO SUDOESTE WALTER ALBERTO PECOITS F B,FRANCISCO BELTRAO,8a RS FRANCISCO BELTRAO,MACRORREGIAO OESTE,36,1,0,1,0,0
HOSPITAL REGIONAL DO SUDOESTE WALTER ALBERTO PECOITS F B,FRANCISCO BELTRAO,8a RS FRANCISCO BELTRAO,MACRORREGIAO OESTE,37,2,0,0,1,0
HOSPITAL REGIONAL DO SUDOESTE WALTER ALBERTO PECOITS F B,FRANCISCO BELTRAO,8a RS FRANCISCO BELTRAO,MACRORREGIAO OESTE,38,1,0,0,0,0
HOSPITAL SAO FRANCISCO,FRANCISCO BELTRAO,8a RS FRANCISCO BELTRAO,MACRORREGIAO OESTE,2,1,0,1,1,0
HOSPITAL SAO FRANCISCO,FRANCISCO BELTRAO,8a RS FRANCISCO BELTRAO,MACRORREGIAO OESTE,7,1,0,1,0,0
HOSPITAL SAO FRANCISCO,FRANCISCO BELTRAO,8a RS FRANCISCO BELTRAO,MACRORREGIAO OESTE,9,1,0,1,1,1
HOSPITAL SAO FRANCISCO,FRANCISCO BELTRAO,8a RS FRANCISCO BELTRAO,MACRORREGIAO OESTE,11,1,0,1,1,1
HOSPITAL SAO FRANCISCO,FRANCISCO BELTRAO,8a RS FRANCISCO BELTRAO,MACRORREGIAO OESTE,14,1,0,1,1,0
HOSPITAL SAO FRANCISCO,FRANCISCO BELTRAO,8a RS FRANCISCO BELTRAO,MACRORREGIAO OESTE,16,2,0,2,0,2
HOSPITAL SAO FRANCISCO,FRANCISCO BELTRAO,8a RS FRANCISCO BELTRAO,MACRORREGIAO OESTE,20,1,0,0,1,1
HOSPITAL SAO FRANCISCO,FRANCISCO BELTRAO,8a RS FRANCISCO BELTRAO,MACRORREGIAO OESTE,31,1,0,1,1,1
HOSPITAL SAO FRANCISCO,FRANCISCO BELTRAO,8a RS FRANCISCO BELTRAO,MACRORREGIAO OESTE,35,1,0,1,1,0
HOSPITAL SAO FRANCISCO,FRANCISCO BELTRAO,8a RS FRANCISCO BELTRAO,MACRORREGIAO OESTE,36,1,0,0,1,1
INSTITUTO DE SAUDE DE AMPERE ISA,AMPERE,8a RS FRANCISCO BELTRAO,MACRORREGIAO OESTE,1,1,0,1,0,1
INSTITUTO DE SAUDE DE AMPERE ISA,AMPERE,8a RS FRANCISCO BELTRAO,MACRORREGIAO OESTE,3,2,0,2,0,2
INSTITUTO DE SAUDE DE AMPERE ISA,AMPERE,8a RS FRANCISCO BELTRAO,MACRORREGIAO OESTE,4,1,0,1,0,1
INSTITUTO DE SAUDE DE AMPERE ISA,AMPERE,8a RS FRANCISCO BELTRAO,MACRORREGIAO OESTE,5,1,0,1,0,0
INSTITUTO DE SAUDE DE AMPERE ISA,AMPERE,8a RS FRANCISCO BELTRAO,MACRORREGIAO OESTE,7,3,0,3,0,3
INSTITUTO DE SAUDE DE AMPERE ISA,AMPERE,8a RS FRANCISCO BELTRAO,MACRORREGIAO OESTE,8,4,0,4,0,4
INSTITUTO DE SAUDE DE AMPERE ISA,AMPERE,8a RS FRANCISCO BELTRAO,MACRORREGIAO OESTE,9,2,0,2,0,1
INSTITUTO DE SAUDE DE AMPERE ISA,AMPERE,8a RS FRANCISCO BELTRAO,MACRORREGIAO OESTE,10,5,0,5,0,1
INSTITUTO DE SAUDE DE AMPERE ISA,AMPERE,8a RS FRANCISCO BELTRAO,MACRORREGIAO OESTE,11,3,0,3,0,1
INSTITUTO DE SAUDE DE AMPERE ISA,AMPERE,8a RS FRANCISCO BELTRAO,MACRORREGIAO OESTE,12,2,0,2,0,1
INSTITUTO DE SAUDE DE AMPERE ISA,AMPERE,8a RS FRANCISCO BELTRAO,MACRORREGIAO OESTE,15,12,0,12,0,9
INSTITUTO DE SAUDE DE AMPERE ISA,AMPERE,8a RS FRANCISCO BELTRAO,MACRORREGIAO OESTE,16,5,0,5,0,4
INSTITUTO DE SAUDE DE AMPERE ISA,AMPERE,8a RS FRANCISCO BELTRAO,MACRORREGIAO OESTE,17,1,0,1,0,1
INSTITUTO DE SAUDE DE AMPERE ISA,AMPERE,8a RS FRANCISCO BELTRAO,MACRORREGIAO OESTE,18,1,0,1,0,0
INSTITUTO DE SAUDE DE AMPERE ISA,AMPERE,8a RS FRANCISCO BELTRAO,MACRORREGIAO OESTE,19,8,0,8,0,7
INSTITUTO DE SAUDE DE AMPERE ISA,AMPERE,8a RS FRANCISCO BELTRAO,MACRORREGIAO OESTE,20,6,0,6,0,6
INSTITUTO DE SAUDE DE AMPERE ISA,AMPERE,8a RS FRANCISCO BELTRAO,MACRORREGIAO OESTE,21,7,0,7,0,3
INSTITUTO DE SAUDE DE AMPERE ISA,AMPERE,8a RS FRANCISCO BELTRAO,MACRORREGIAO OESTE,22,8,1,8,1,5
INSTITUTO DE SAUDE DE AMPERE ISA,AMPERE,8a RS FRANCISCO BELTRAO,MACRORREGIAO OESTE,23,13,0,13,0,4
INSTITUTO DE SAUDE DE AMPERE ISA,AMPERE,8a RS FRANCISCO BELTRAO,MACRORREGIAO OESTE,24,6,0,6,0,3
INSTITUTO DE SAUDE DE AMPERE ISA,AMPERE,8a RS FRANCISCO BELTRAO,MACRORREGIAO OESTE,25,3,0,3,0,2
INSTITUTO DE SAUDE DE AMPERE ISA,AMPERE,8a RS FRANCISCO BELTRAO,MACRORREGIAO OESTE,26,5,0,5,0,1
INSTITUTO DE SAUDE DE AMPERE ISA,AMPERE,8a RS FRANCISCO BELTRAO,MACRORREGIAO OESTE,27,7,0,7,0,5
INSTITUTO DE SAUDE DE AMPERE ISA,AMPERE,8a RS FRANCISCO BELTRAO,MACRORREGIAO OESTE,28,7,0,7,0,7
INSTITUTO DE SAUDE DE AMPERE ISA,AMPERE,8a RS FRANCISCO BELTRAO,MACRORREGIAO OESTE,29,8,0,8,0,4
INSTITUTO DE SAUDE DE AMPERE ISA,AMPERE,8a RS FRANCISCO BELTRAO,MACRORREGIAO OESTE,30,9,0,9,0,5
INSTITUTO DE SAUDE DE AMPERE ISA,AMPERE,8a RS FRANCISCO BELTRAO,MACRORREGIAO OESTE,31,13,0,13,0,8
INSTITUTO DE SAUDE DE AMPERE ISA,AMPERE,8a RS FRANCISCO BELTRAO,MACRORREGIAO OESTE,32,11,0,10,0,5
INSTITUTO DE SAUDE DE AMPERE ISA,AMPERE,8a RS FRANCISCO BELTRAO,MACRORREGIAO OESTE,33,13,0,12,0,7
INSTITUTO DE SAUDE DE AMPERE ISA,AMPERE,8a RS FRANCISCO BELTRAO,MACRORREGIAO OESTE,34,7,1,7,0,6
INSTITUTO DE SAUDE DE AMPERE ISA,AMPERE,8a RS FRANCISCO BELTRAO,MACRORREGIAO OESTE,35,1,0,1,0,0
INSTITUTO DE SAUDE DE AMPERE ISA,AMPERE,8a RS FRANCISCO BELTRAO,MACRORREGIAO OESTE,37,4,0,0,0,0
INSTITUTO DE SAUDE DE AMPERE ISA,AMPERE,8a RS FRANCISCO BELTRAO,MACRORREGIAO OESTE,38,1,0,0,0,0
INSTITUTO DE SAUDE DE AMPERE ISA,AMPERE,8a RS FRANCISCO BELTRAO,MACRORREGIAO OESTE,39,1,0,0,0,0
POLICLINICA SAO VICENTE DE PAULA FB,FRANCISCO BELTRAO,8a RS FRANCISCO BELTRAO,MACRORREGIAO OESTE,11,1,0,1,1,0
POLICLINICA SAO VICENTE DE PAULA FB,FRANCISCO BELTRAO,8a RS FRANCISCO BELTRAO,MACRORREGIAO OESTE,16,2,0,2,0,2
POLICLINICA SAO VICENTE DE PAULA FB,FRANCISCO BELTRAO,8a RS FRANCISCO BELTRAO,MACRORREGIAO OESTE,17,1,0,1,0,1
POLICLINICA SAO VICENTE DE PAULA FB,FRANCISCO BELTRAO,8a RS FRANCISCO BELTRAO,MACRORREGIAO OESTE,20,1,0,1,0,1
POLICLINICA SAO VICENTE DE PAULA FB,FRANCISCO BELTRAO,8a RS FRANCISCO BELTRAO,MACRORREGIAO OESTE,21,1,0,1,0,1
POLICLINICA SAO VICENTE DE PAULA FB,FRANCISCO BELTRAO,8a RS FRANCISCO BELTRAO,MACRORREGIAO OESTE,24,1,0,1,0,1
POLICLINICA SAO VICENTE DE PAULA FB,FRANCISCO BELTRAO,8a RS FRANCISCO BELTRAO,MACRORREGIAO OESTE,32,1,0,1,1,0
POLICLINICA SAO VICENTE DE PAULA FB,FRANCISCO BELTRAO,8a RS FRANCISCO BELTRAO,MACRORREGIAO OESTE,34,1,0,1,0,0
HOSPITAL E MATERNIDADE ITAIPULANDIA,ITAIPULANDIA,9a RS FOZ DO IGUACU,MACRORREGIAO OESTE,10,1,0,1,0,0
HOSPITAL E MATERNIDADE MUNICIPAL SAO MIGUEL ARCANJO,SAO MIGUEL DO IGUACU,9a RS FOZ DO IGUACU,MACRORREGIAO OESTE,12,1,0,1,0,1
HOSPITAL E MATERNIDADE MUNICIPAL SAO MIGUEL ARCANJO,SAO MIGUEL DO IGUACU,9a RS FOZ DO IGUACU,MACRORREGIAO OESTE,14,3,0,3,0,3
HOSPITAL E MATERNIDADE MUNICIPAL SAO MIGUEL ARCANJO,SAO MIGUEL DO IGUACU,9a RS FOZ DO IGUACU,MACRORREGIAO OESTE,16,3,0,3,0,2
HOSPITAL E MATERNIDADE MUNICIPAL SAO MIGUEL ARCANJO,SAO MIGUEL DO IGUACU,9a RS FOZ DO IGUACU,MACRORREGIAO OESTE,17,1,0,1,0,0
HOSPITAL E MATERNIDADE MUNICIPAL SAO MIGUEL ARCANJO,SAO MIGUEL DO IGUACU,9a RS FOZ DO IGUACU,MACRORREGIAO OESTE,18,1,0,1,0,1
HOSPITAL E MATERNIDADE MUNICIPAL SAO MIGUEL ARCANJO,SAO MIGUEL DO IGUACU,9a RS FOZ DO IGUACU,MACRORREGIAO OESTE,19,8,0,8,0,5
HOSPITAL E MATERNIDADE MUNICIPAL SAO MIGUEL ARCANJO,SAO MIGUEL DO IGUACU,9a RS FOZ DO IGUACU,MACRORREGIAO OESTE,20,1,0,1,0,1
HOSPITAL E MATERNIDADE MUNICIPAL SAO MIGUEL ARCANJO,SAO MIGUEL DO IGUACU,9a RS FOZ DO IGUACU,MACRORREGIAO OESTE,21,3,0,3,0,3
HOSPITAL E MATERNIDADE MUNICIPAL SAO MIGUEL ARCANJO,SAO MIGUEL DO IGUACU,9a RS FOZ DO IGUACU,MACRORREGIAO OESTE,22,3,0,3,0,3
HOSPITAL E MATERNIDADE MUNICIPAL SAO MIGUEL ARCANJO,SAO MIGUEL DO IGUACU,9a RS FOZ DO IGUACU,MACRORREGIAO OESTE,23,3,0,3,0,3
HOSPITAL E MATERNIDADE MUNICIPAL SAO MIGUEL ARCANJO,SAO MIGUEL DO IGUACU,9a RS FOZ DO IGUACU,MACRORREGIAO OESTE,24,4,0,3,0,1
HOSPITAL E MATERNIDADE MUNICIPAL SAO MIGUEL ARCANJO,SAO MIGUEL DO IGUACU,9a RS FOZ DO IGUACU,MACRORREGIAO OESTE,25,6,1,6,0,3
HOSPITAL E MATERNIDADE MUNICIPAL SAO MIGUEL ARCANJO,SAO MIGUEL DO IGUACU,9a RS FOZ DO IGUACU,MACRORREGIAO OESTE,26,6,1,6,0,4
HOSPITAL E MATERNIDADE MUNICIPAL SAO MIGUEL ARCANJO,SAO MIGUEL DO IGUACU,9a RS FOZ DO IGUACU,MACRORREGIAO OESTE,27,1,0,1,0,1
HOSPITAL E MATERNIDADE MUNICIPAL SAO MIGUEL ARCANJO,SAO MIGUEL DO IGUACU,9a RS FOZ DO IGUACU,MACRORREGIAO OESTE,28,4,0,4,0,2
HOSPITAL E MATERNIDADE MUNICIPAL SAO MIGUEL ARCANJO,SAO MIGUEL DO IGUACU,9a RS FOZ DO IGUACU,MACRORREGIAO OESTE,33,1,0,0,0,0
HOSPITAL E MATERNIDADE MUNICIPAL SAO MIGUEL ARCANJO,SAO MIGUEL DO IGUACU,9a RS FOZ DO IGUACU,MACRORREGIAO OESTE,36,1,0,0,0,0
HOSPITAL E MATERNIDADE NOSSA SENHORA DA LUZ,MEDIANEIRA,9a RS FOZ DO IGUACU,MACRORREGIAO OESTE,3,2,1,2,1,1
HOSPITAL E MATERNIDADE NOSSA SENHORA DA LUZ,MEDIANEIRA,9a RS FOZ DO IGUACU,MACRORREGIAO OESTE,4,1,0,1,0,0
HOSPITAL E MATERNIDADE NOSSA SENHORA DA LUZ,MEDIANEIRA,9a RS FOZ DO IGUACU,MACRORREGIAO OESTE,7,2,1,2,2,1
HOSPITAL E MATERNIDADE NOSSA SENHORA DA LUZ,MEDIANEIRA,9a RS FOZ DO IGUACU,MACRORREGIAO OESTE,9,1,0,1,1,0
HOSPITAL E MATERNIDADE NOSSA SENHORA DA LUZ,MEDIANEIRA,9a RS FOZ DO IGUACU,MACRORREGIAO OESTE,10,1,1,1,1,1
HOSPITAL E MATERNIDADE NOSSA SENHORA DA LUZ,MEDIANEIRA,9a RS FOZ DO IGUACU,MACRORREGIAO OESTE,11,2,1,2,1,0
HOSPITAL E MATERNIDADE NOSSA SENHORA DA LUZ,MEDIANEIRA,9a RS FOZ DO IGUACU,MACRORREGIAO OESTE,12,3,1,3,0,1
HOSPITAL E MATERNIDADE NOSSA SENHORA DA LUZ,MEDIANEIRA,9a RS FOZ DO IGUACU,MACRORREGIAO OESTE,13,1,1,1,1,0
HOSPITAL E MATERNIDADE NOSSA SENHORA DA LUZ,MEDIANEIRA,9a RS FOZ DO IGUACU,MACRORREGIAO OESTE,14,1,0,1,0,0
HOSPITAL E MATERNIDADE NOSSA SENHORA DA LUZ,MEDIANEIRA,9a RS FOZ DO IGUACU,MACRORREGIAO OESTE,15,3,1,3,3,0
HOSPITAL E MATERNIDADE NOSSA SENHORA DA LUZ,MEDIANEIRA,9a RS FOZ DO IGUACU,MACRORREGIAO OESTE,16,4,3,4,3,0
HOSPITAL E MATERNIDADE NOSSA SENHORA DA LUZ,MEDIANEIRA,9a RS FOZ DO IGUACU,MACRORREGIAO OESTE,17,1,1,1,1,0
HOSPITAL E MATERNIDADE NOSSA SENHORA DA LUZ,MEDIANEIRA,9a RS FOZ DO IGUACU,MACRORREGIAO OESTE,18,3,1,3,3,0
HOSPITAL E MATERNIDADE NOSSA SENHORA DA LUZ,MEDIANEIRA,9a RS FOZ DO IGUACU,MACRORREGIAO OESTE,19,5,1,5,5,0
HOSPITAL E MATERNIDADE NOSSA SENHORA DA LUZ,MEDIANEIRA,9a RS FOZ DO IGUACU,MACRORREGIAO OESTE,20,2,1,2,2,1
HOSPITAL E MATERNIDADE NOSSA SENHORA DA LUZ,MEDIANEIRA,9a RS FOZ DO IGUACU,MACRORREGIAO OESTE,21,5,2,5,4,1
HOSPITAL E MATERNIDADE NOSSA SENHORA DA LUZ,MEDIANEIRA,9a RS FOZ DO IGUACU,MACRORREGIAO OESTE,22,8,1,8,3,1
HOSPITAL E MATERNIDADE NOSSA SENHORA DA LUZ,MEDIANEIRA,9a RS FOZ DO IGUACU,MACRORREGIAO OESTE,23,5,1,5,4,3
HOSPITAL E MATERNIDADE NOSSA SENHORA DA LUZ,MEDIANEIRA,9a RS FOZ DO IGUACU,MACRORREGIAO OESTE,24,1,0,1,1,0
HOSPITAL E MATERNIDADE NOSSA SENHORA DA LUZ,MEDIANEIRA,9a RS FOZ DO IGUACU,MACRORREGIAO OESTE,26,2,2,2,2,1
HOSPITAL E MATERNIDADE NOSSA SENHORA DA LUZ,MEDIANEIRA,9a RS FOZ DO IGUACU,MACRORREGIAO OESTE,27,5,0,5,4,0
HOSPITAL E MATERNIDADE NOSSA SENHORA DA LUZ,MEDIANEIRA,9a RS FOZ DO IGUACU,MACRORREGIAO OESTE,29,3,0,3,2,0
HOSPITAL E MATERNIDADE NOSSA SENHORA DA LUZ,MEDIANEIRA,9a RS FOZ DO IGUACU,MACRORREGIAO OESTE,30,3,0,3,2,0
HOSPITAL E MATERNIDADE NOSSA SENHORA DA LUZ,MEDIANEIRA,9a RS FOZ DO IGUACU,MACRORREGIAO OESTE,31,1,0,1,0,0
HOSPITAL E MATERNIDADE NOSSA SENHORA DA LUZ,MEDIANEIRA,9a RS FOZ DO IGUACU,MACRORREGIAO OESTE,32,1,1,1,1,1
HOSPITAL E MATERNIDADE NOSSA SENHORA DA LUZ,MEDIANEIRA,9a RS FOZ DO IGUACU,MACRORREGIAO OESTE,33,6,1,6,4,0
HOSPITAL E MATERNIDADE NOSSA SENHORA DA LUZ,MEDIANEIRA,9a RS FOZ DO IGUACU,MACRORREGIAO OESTE,34,3,0,3,2,0
HOSPITAL E MATERNIDADE NOSSA SENHORA DA LUZ,MEDIANEIRA,9a RS FOZ DO IGUACU,MACRORREGIAO OESTE,35,8,1,8,6,3
HOSPITAL E MATERNIDADE NOSSA SENHORA DA LUZ,MEDIANEIRA,9a RS FOZ DO IGUACU,MACRORREGIAO OESTE,36,1,0,1,0,0
HOSPITAL E MATERNIDADE NOSSA SENHORA DA LUZ,MEDIANEIRA,9a RS FOZ DO IGUACU,MACRORREGIAO OESTE,37,2,1,2,1,0
HOSPITAL E MATERNIDADE NOSSA SENHORA DA LUZ,MEDIANEIRA,9a RS FOZ DO IGUACU,MACRORREGIAO OESTE,38,3,2,2,2,0
HOSPITAL E MATERNIDADE NOSSA SENHORA DA LUZ,MEDIANEIRA,9a RS FOZ DO IGUACU,MACRORREGIAO OESTE,39,1,1,1,0,0
HOSPITAL E MATERNIDADE PADRE TEZZA,MATELANDIA,9a RS FOZ DO IGUACU,MACRORREGIAO OESTE,1,2,0,2,0,0
HOSPITAL E MATERNIDADE PADRE TEZZA,MATELANDIA,9a RS FOZ DO IGUACU,MACRORREGIAO OESTE,2,1,0,1,0,1
HOSPITAL E MATERNIDADE PADRE TEZZA,MATELANDIA,9a RS FOZ DO IGUACU,MACRORREGIAO OESTE,3,1,0,1,0,0
HOSPITAL E MATERNIDADE PADRE TEZZA,MATELANDIA,9a RS FOZ DO IGUACU,MACRORREGIAO OESTE,4,3,0,3,0,0
HOSPITAL E MATERNIDADE PADRE TEZZA,MATELANDIA,9a RS FOZ DO IGUACU,MACRORREGIAO OESTE,5,3,1,3,0,1
HOSPITAL E MATERNIDADE PADRE TEZZA,MATELANDIA,9a RS FOZ DO IGUACU,MACRORREGIAO OESTE,6,3,0,3,0,0
HOSPITAL E MATERNIDADE PADRE TEZZA,MATELANDIA,9a RS FOZ DO IGUACU,MACRORREGIAO OESTE,7,4,0,4,0,1
HOSPITAL E MATERNIDADE PADRE TEZZA,MATELANDIA,9a RS FOZ DO IGUACU,MACRORREGIAO OESTE,8,3,0,3,0,1
HOSPITAL E MATERNIDADE PADRE TEZZA,MATELANDIA,9a RS FOZ DO IGUACU,MACRORREGIAO OESTE,9,1,0,1,0,1
HOSPITAL E MATERNIDADE PADRE TEZZA,MATELANDIA,9a RS FOZ DO IGUACU,MACRORREGIAO OESTE,10,3,0,3,0,2
HOSPITAL E MATERNIDADE PADRE TEZZA,MATELANDIA,9a RS FOZ DO IGUACU,MACRORREGIAO OESTE,11,4,0,4,0,0
HOSPITAL E MATERNIDADE PADRE TEZZA,MATELANDIA,9a RS FOZ DO IGUACU,MACRORREGIAO OESTE,12,2,0,2,0,0
HOSPITAL E MATERNIDADE PADRE TEZZA,MATELANDIA,9a RS FOZ DO IGUACU,MACRORREGIAO OESTE,13,3,0,3,0,1
HOSPITAL E MATERNIDADE PADRE TEZZA,MATELANDIA,9a RS FOZ DO IGUACU,MACRORREGIAO OESTE,14,1,0,1,0,0
HOSPITAL E MATERNIDADE PADRE TEZZA,MATELANDIA,9a RS FOZ DO IGUACU,MACRORREGIAO OESTE,15,3,0,3,0,1
HOSPITAL E MATERNIDADE PADRE TEZZA,MATELANDIA,9a RS FOZ DO IGUACU,MACRORREGIAO OESTE,16,8,0,8,0,0
HOSPITAL E MATERNIDADE PADRE TEZZA,MATELANDIA,9a RS FOZ DO IGUACU,MACRORREGIAO OESTE,17,5,0,5,0,2
HOSPITAL E MATERNIDADE PADRE TEZZA,MATELANDIA,9a RS FOZ DO IGUACU,MACRORREGIAO OESTE,18,7,0,7,0,2
HOSPITAL E MATERNIDADE PADRE TEZZA,MATELANDIA,9a RS FOZ DO IGUACU,MACRORREGIAO OESTE,19,4,0,4,0,0
HOSPITAL E MATERNIDADE PADRE TEZZA,MATELANDIA,9a RS FOZ DO IGUACU,MACRORREGIAO OESTE,20,4,0,4,0,1
HOSPITAL E MATERNIDADE PADRE TEZZA,MATELANDIA,9a RS FOZ DO IGUACU,MACRORREGIAO OESTE,21,8,0,8,0,5
HOSPITAL E MATERNIDADE PADRE TEZZA,MATELANDIA,9a RS FOZ DO IGUACU,MACRORREGIAO OESTE,22,8,0,8,0,3
HOSPITAL E MATERNIDADE PADRE TEZZA,MATELANDIA,9a RS FOZ DO IGUACU,MACRORREGIAO OESTE,23,6,0,6,0,3
HOSPITAL E MATERNIDADE PADRE TEZZA,MATELANDIA,9a RS FOZ DO IGUACU,MACRORREGIAO OESTE,24,8,0,8,0,5
HOSPITAL E MATERNIDADE PADRE TEZZA,MATELANDIA,9a RS FOZ DO IGUACU,MACRORREGIAO OESTE,25,6,0,6,0,4
HOSPITAL E MATERNIDADE PADRE TEZZA,MATELANDIA,9a RS FOZ DO IGUACU,MACRORREGIAO OESTE,26,8,1,8,0,2
HOSPITAL E MATERNIDADE PADRE TEZZA,MATELANDIA,9a RS FOZ DO IGUACU,MACRORREGIAO OESTE,27,9,0,9,0,5
HOSPITAL E MATERNIDADE PADRE TEZZA,MATELANDIA,9a RS FOZ DO IGUACU,MACRORREGIAO OESTE,28,9,0,9,0,4
HOSPITAL E MATERNIDADE PADRE TEZZA,MATELANDIA,9a RS FOZ DO IGUACU,MACRORREGIAO OESTE,29,12,0,12,0,8
HOSPITAL E MATERNIDADE PADRE TEZZA,MATELANDIA,9a RS FOZ DO IGUACU,MACRORREGIAO OESTE,30,3,0,3,0,1
HOSPITAL E MATERNIDADE PADRE TEZZA,MATELANDIA,9a RS FOZ DO IGUACU,MACRORREGIAO OESTE,31,5,0,4,0,1
HOSPITAL E MATERNIDADE PADRE TEZZA,MATELANDIA,9a RS FOZ DO IGUACU,MACRORREGIAO OESTE,32,2,0,1,0,0
HOSPITAL E MATERNIDADE PADRE TEZZA,MATELANDIA,9a RS FOZ DO IGUACU,MACRORREGIAO OESTE,33,4,0,3,0,1
HOSPITAL E MATERNIDADE PADRE TEZZA,MATELANDIA,9a RS FOZ DO IGUACU,MACRORREGIAO OESTE,34,11,0,11,0,2
HOSPITAL E MATERNIDADE PADRE TEZZA,MATELANDIA,9a RS FOZ DO IGUACU,MACRORREGIAO OESTE,35,2,1,2,0,0
HOSPITAL E MATERNIDADE PADRE TEZZA,MATELANDIA,9a RS FOZ DO IGUACU,MACRORREGIAO OESTE,36,3,0,0,0,0
HOSPITAL E MATERNIDADE PADRE TEZZA,MATELANDIA,9a RS FOZ DO IGUACU,MACRORREGIAO OESTE,37,3,0,0,0,0
HOSPITAL E MATERNIDADE PADRE TEZZA,MATELANDIA,9a RS FOZ DO IGUACU,MACRORREGIAO OESTE,38,4,0,0,0,0
HOSPITAL E MATERNIDADE PADRE TEZZA,MATELANDIA,9a RS FOZ DO IGUACU,MACRORREGIAO OESTE,39,1,0,0,0,0
HOSPITAL ITAMED,FOZ DO IGUACU,9a RS FOZ DO IGUACU,MACRORREGIAO OESTE,1,3,1,3,3,0
HOSPITAL ITAMED,FOZ DO IGUACU,9a RS FOZ DO IGUACU,MACRORREGIAO OESTE,2,5,1,5,1,0
HOSPITAL ITAMED,FOZ DO IGUACU,9a RS FOZ DO IGUACU,MACRORREGIAO OESTE,3,4,0,4,3,2
HOSPITAL ITAMED,FOZ DO IGUACU,9a RS FOZ DO IGUACU,MACRORREGIAO OESTE,4,1,0,1,1,0
HOSPITAL ITAMED,FOZ DO IGUACU,9a RS FOZ DO IGUACU,MACRORREGIAO OESTE,5,7,2,7,2,3
HOSPITAL ITAMED,FOZ DO IGUACU,9a RS FOZ DO IGUACU,MACRORREGIAO OESTE,6,2,0,2,1,1
HOSPITAL ITAMED,FOZ DO IGUACU,9a RS FOZ DO IGUACU,MACRORREGIAO OESTE,7,10,3,10,7,6
HOSPITAL ITAMED,FOZ DO IGUACU,9a RS FOZ DO IGUACU,MACRORREGIAO OESTE,8,12,1,12,5,4
HOSPITAL ITAMED,FOZ DO IGUACU,9a RS FOZ DO IGUACU,MACRORREGIAO OESTE,9,6,1,6,6,3
HOSPITAL ITAMED,FOZ DO IGUACU,9a RS FOZ DO IGUACU,MACRORREGIAO OESTE,10,6,1,6,3,2
HOSPITAL ITAMED,FOZ DO IGUACU,9a RS FOZ DO IGUACU,MACRORREGIAO OESTE,11,4,0,4,1,1
HOSPITAL ITAMED,FOZ DO IGUACU,9a RS FOZ DO IGUACU,MACRORREGIAO OESTE,12,8,0,8,4,1
HOSPITAL ITAMED,FOZ DO IGUACU,9a RS FOZ DO IGUACU,MACRORREGIAO OESTE,13,3,1,3,2,1
HOSPITAL ITAMED,FOZ DO IGUACU,9a RS FOZ DO IGUACU,MACRORREGIAO OESTE,14,5,0,5,4,1
HOSPITAL ITAMED,FOZ DO IGUACU,9a RS FOZ DO IGUACU,MACRORREGIAO OESTE,15,8,1,8,4,2
HOSPITAL ITAMED,FOZ DO IGUACU,9a RS FOZ DO IGUACU,MACRORREGIAO OESTE,16,8,1,8,1,6
HOSPITAL ITAMED,FOZ DO IGUACU,9a RS FOZ DO IGUACU,MACRORREGIAO OESTE,17,11,1,11,6,5
HOSPITAL ITAMED,FOZ DO IGUACU,9a RS FOZ DO IGUACU,MACRORREGIAO OESTE,18,9,1,9,3,1
HOSPITAL ITAMED,FOZ DO IGUACU,9a RS FOZ DO IGUACU,MACRORREGIAO OESTE,19,13,0,13,6,6
HOSPITAL ITAMED,FOZ DO IGUACU,9a RS FOZ DO IGUACU,MACRORREGIAO OESTE,20,10,1,9,5,6
HOSPITAL ITAMED,FOZ DO IGUACU,9a RS FOZ DO IGUACU,MACRORREGIAO OESTE,21,19,2,19,7,9
HOSPITAL ITAMED,FOZ DO IGUACU,9a RS FOZ DO IGUACU,MACRORREGIAO OESTE,22,11,0,11,8,7
HOSPITAL ITAMED,FOZ DO IGUACU,9a RS FOZ DO IGUACU,MACRORREGIAO OESTE,23,12,0,12,5,6
HOSPITAL ITAMED,FOZ DO IGUACU,9a RS FOZ DO IGUACU,MACRORREGIAO OESTE,24,16,0,16,5,8
HOSPITAL ITAMED,FOZ DO IGUACU,9a RS FOZ DO IGUACU,MACRORREGIAO OESTE,25,19,2,19,6,10
HOSPITAL ITAMED,FOZ DO IGUACU,9a RS FOZ DO IGUACU,MACRORREGIAO OESTE,26,14,1,14,8,7
HOSPITAL ITAMED,FOZ DO IGUACU,9a RS FOZ DO IGUACU,MACRORREGIAO OESTE,27,12,1,12,4,8
HOSPITAL ITAMED,FOZ DO IGUACU,9a RS FOZ DO IGUACU,MACRORREGIAO OESTE,28,10,1,10,6,5
HOSPITAL ITAMED,FOZ DO IGUACU,9a RS FOZ DO IGUACU,MACRORREGIAO OESTE,29,6,0,6,2,3
HOSPITAL ITAMED,FOZ DO IGUACU,9a RS FOZ DO IGUACU,MACRORREGIAO OESTE,30,5,0,5,2,4
HOSPITAL ITAMED,FOZ DO IGUACU,9a RS FOZ DO IGUACU,MACRORREGIAO OESTE,31,7,1,7,4,3
HOSPITAL ITAMED,FOZ DO IGUACU,9a RS FOZ DO IGUACU,MACRORREGIAO OESTE,32,4,0,3,1,3
HOSPITAL ITAMED,FOZ DO IGUACU,9a RS FOZ DO IGUACU,MACRORREGIAO OESTE,33,6,0,6,4,4
HOSPITAL ITAMED,FOZ DO IGUACU,9a RS FOZ DO IGUACU,MACRORREGIAO OESTE,34,11,1,10,1,4
HOSPITAL ITAMED,FOZ DO IGUACU,9a RS FOZ DO IGUACU,MACRORREGIAO OESTE,35,6,1,5,1,3
HOSPITAL ITAMED,FOZ DO IGUACU,9a RS FOZ DO IGUACU,MACRORREGIAO OESTE,36,1,0,1,0,0
HOSPITAL ITAMED,FOZ DO IGUACU,9a RS FOZ DO IGUACU,MACRORREGIAO OESTE,37,6,0,3,3,2
HOSPITAL ITAMED,FOZ DO IGUACU,9a RS FOZ DO IGUACU,MACRORREGIAO OESTE,38,5,0,0,2,0
HOSPITAL ITAMED,FOZ DO IGUACU,9a RS FOZ DO IGUACU,MACRORREGIAO OESTE,39,4,0,0,4,0
HOSPITAL MADRE DE DIO,SAO MIGUEL DO IGUACU,9a RS FOZ DO IGUACU,MACRORREGIAO OESTE,19,3,0,3,0,3
HOSPITAL MADRE DE DIO,SAO MIGUEL DO IGUACU,9a RS FOZ DO IGUACU,MACRORREGIAO OESTE,20,1,0,1,0,0
HOSPITAL MADRE DE DIO,SAO MIGUEL DO IGUACU,9a RS FOZ DO IGUACU,MACRORREGIAO OESTE,28,3,0,2,3,3
HOSPITAL MADRE DE DIO,SAO MIGUEL DO IGUACU,9a RS FOZ DO IGUACU,MACRORREGIAO OESTE,29,4,1,3,4,3
HOSPITAL MADRE DE DIO,SAO MIGUEL DO IGUACU,9a RS FOZ DO IGUACU,MACRORREGIAO OESTE,30,5,0,5,3,1
HOSPITAL MADRE DE DIO,SAO MIGUEL DO IGUACU,9a RS FOZ DO IGUACU,MACRORREGIAO OESTE,31,10,0,10,6,5
HOSPITAL MADRE DE DIO,SAO MIGUEL DO IGUACU,9a RS FOZ DO IGUACU,MACRORREGIAO OESTE,32,18,2,18,12,8
HOSPITAL MADRE DE DIO,SAO MIGUEL DO IGUACU,9a RS FOZ DO IGUACU,MACRORREGIAO OESTE,33,8,0,7,3,3
HOSPITAL MADRE DE DIO,SAO MIGUEL DO IGUACU,9a RS FOZ DO IGUACU,MACRORREGIAO OESTE,34,10,0,9,3,4
HOSPITAL MUNICIPAL PADRE GERMANO LAUCK,FOZ DO IGUACU,9a RS FOZ DO IGUACU,MACRORREGIAO OESTE,1,6,1,6,1,4
HOSPITAL MUNICIPAL PADRE GERMANO LAUCK,FOZ DO IGUACU,9a RS FOZ DO IGUACU,MACRORREGIAO OESTE,2,7,0,7,0,2
HOSPITAL MUNICIPAL PADRE GERMANO LAUCK,FOZ DO IGUACU,9a RS FOZ DO IGUACU,MACRORREGIAO OESTE,3,3,0,3,1,1
HOSPITAL MUNICIPAL PADRE GERMANO LAUCK,FOZ DO IGUACU,9a RS FOZ DO IGUACU,MACRORREGIAO OESTE,4,3,0,3,1,1
HOSPITAL MUNICIPAL PADRE GERMANO LAUCK,FOZ DO IGUACU,9a RS FOZ DO IGUACU,MACRORREGIAO OESTE,5,5,0,5,1,1
HOSPITAL MUNICIPAL PADRE GERMANO LAUCK,FOZ DO IGUACU,9a RS FOZ DO IGUACU,MACRORREGIAO OESTE,6,8,1,8,2,5
HOSPITAL MUNICIPAL PADRE GERMANO LAUCK,FOZ DO IGUACU,9a RS FOZ DO IGUACU,MACRORREGIAO OESTE,7,16,2,16,4,8
HOSPITAL MUNICIPAL PADRE GERMANO LAUCK,FOZ DO IGUACU,9a RS FOZ DO IGUACU,MACRORREGIAO OESTE,8,11,1,11,1,6
HOSPITAL MUNICIPAL PADRE GERMANO LAUCK,FOZ DO IGUACU,9a RS FOZ DO IGUACU,MACRORREGIAO OESTE,9,12,2,11,1,6
HOSPITAL MUNICIPAL PADRE GERMANO LAUCK,FOZ DO IGUACU,9a RS FOZ DO IGUACU,MACRORREGIAO OESTE,10,5,0,5,1,3
HOSPITAL MUNICIPAL PADRE GERMANO LAUCK,FOZ DO IGUACU,9a RS FOZ DO IGUACU,MACRORREGIAO OESTE,11,12,1,12,2,7
HOSPITAL MUNICIPAL PADRE GERMANO LAUCK,FOZ DO IGUACU,9a RS FOZ DO IGUACU,MACRORREGIAO OESTE,12,10,1,10,2,5
HOSPITAL MUNICIPAL PADRE GERMANO LAUCK,FOZ DO IGUACU,9a RS FOZ DO IGUACU,MACRORREGIAO OESTE,13,14,1,14,1,6
HOSPITAL MUNICIPAL PADRE GERMANO LAUCK,FOZ DO IGUACU,9a RS FOZ DO IGUACU,MACRORREGIAO OESTE,14,20,1,20,2,15
HOSPITAL MUNICIPAL PADRE GERMANO LAUCK,FOZ DO IGUACU,9a RS FOZ DO IGUACU,MACRORREGIAO OESTE,15,27,1,27,2,15
HOSPITAL MUNICIPAL PADRE GERMANO LAUCK,FOZ DO IGUACU,9a RS FOZ DO IGUACU,MACRORREGIAO OESTE,16,16,1,16,1,7
HOSPITAL MUNICIPAL PADRE GERMANO LAUCK,FOZ DO IGUACU,9a RS FOZ DO IGUACU,MACRORREGIAO OESTE,17,17,1,17,0,5
HOSPITAL MUNICIPAL PADRE GERMANO LAUCK,FOZ DO IGUACU,9a RS FOZ DO IGUACU,MACRORREGIAO OESTE,18,26,4,26,7,11
HOSPITAL MUNICIPAL PADRE GERMANO LAUCK,FOZ DO IGUACU,9a RS FOZ DO IGUACU,MACRORREGIAO OESTE,19,28,6,28,10,11
HOSPITAL MUNICIPAL PADRE GERMANO LAUCK,FOZ DO IGUACU,9a RS FOZ DO IGUACU,MACRORREGIAO OESTE,20,21,4,20,1,12
HOSPITAL MUNICIPAL PADRE GERMANO LAUCK,FOZ DO IGUACU,9a RS FOZ DO IGUACU,MACRORREGIAO OESTE,21,20,4,20,2,10
HOSPITAL MUNICIPAL PADRE GERMANO LAUCK,FOZ DO IGUACU,9a RS FOZ DO IGUACU,MACRORREGIAO OESTE,22,22,4,22,2,10
HOSPITAL MUNICIPAL PADRE GERMANO LAUCK,FOZ DO IGUACU,9a RS FOZ DO IGUACU,MACRORREGIAO OESTE,23,18,3,18,3,6
HOSPITAL MUNICIPAL PADRE GERMANO LAUCK,FOZ DO IGUACU,9a RS FOZ DO IGUACU,MACRORREGIAO OESTE,24,14,0,14,2,7
HOSPITAL MUNICIPAL PADRE GERMANO LAUCK,FOZ DO IGUACU,9a RS FOZ DO IGUACU,MACRORREGIAO OESTE,25,17,3,17,4,7
HOSPITAL MUNICIPAL PADRE GERMANO LAUCK,FOZ DO IGUACU,9a RS FOZ DO IGUACU,MACRORREGIAO OESTE,26,14,2,14,3,7
HOSPITAL MUNICIPAL PADRE GERMANO LAUCK,FOZ DO IGUACU,9a RS FOZ DO IGUACU,MACRORREGIAO OESTE,27,16,1,16,2,11
HOSPITAL MUNICIPAL PADRE GERMANO LAUCK,FOZ DO IGUACU,9a RS FOZ DO IGUACU,MACRORREGIAO OESTE,28,12,1,12,0,3
HOSPITAL MUNICIPAL PADRE GERMANO LAUCK,FOZ DO IGUACU,9a RS FOZ DO IGUACU,MACRORREGIAO OESTE,29,13,3,13,3,8
HOSPITAL MUNICIPAL PADRE GERMANO LAUCK,FOZ DO IGUACU,9a RS FOZ DO IGUACU,MACRORREGIAO OESTE,30,11,4,11,3,5
HOSPITAL MUNICIPAL PADRE GERMANO LAUCK,FOZ DO IGUACU,9a RS FOZ DO IGUACU,MACRORREGIAO OESTE,31,11,1,11,2,6
HOSPITAL MUNICIPAL PADRE GERMANO LAUCK,FOZ DO IGUACU,9a RS FOZ DO IGUACU,MACRORREGIAO OESTE,32,8,0,8,1,2
HOSPITAL MUNICIPAL PADRE GERMANO LAUCK,FOZ DO IGUACU,9a RS FOZ DO IGUACU,MACRORREGIAO OESTE,33,6,1,6,1,2
HOSPITAL MUNICIPAL PADRE GERMANO LAUCK,FOZ DO IGUACU,9a RS FOZ DO IGUACU,MACRORREGIAO OESTE,34,14,1,14,4,7
HOSPITAL MUNICIPAL PADRE GERMANO LAUCK,FOZ DO IGUACU,9a RS FOZ DO IGUACU,MACRORREGIAO OESTE,35,8,2,8,1,1
HOSPITAL MUNICIPAL PADRE GERMANO LAUCK,FOZ DO IGUACU,9a RS FOZ DO IGUACU,MACRORREGIAO OESTE,36,5,0,3,1,1
HOSPITAL MUNICIPAL PADRE GERMANO LAUCK,FOZ DO IGUACU,9a RS FOZ DO IGUACU,MACRORREGIAO OESTE,37,8,1,5,1,1
HOSPITAL MUNICIPAL PADRE GERMANO LAUCK,FOZ DO IGUACU,9a RS FOZ DO IGUACU,MACRORREGIAO OESTE,38,6,0,1,2,0
HOSPITAL MUNICIPAL PADRE GERMANO LAUCK,FOZ DO IGUACU,9a RS FOZ DO IGUACU,MACRORREGIAO OESTE,39,2,0,0,0,0
HOSPITAL UNIMED FOZ,FOZ DO IGUACU,9a RS FOZ DO IGUACU,MACRORREGIAO OESTE,1,2,0,2,2,1
HOSPITAL UNIMED FOZ,FOZ DO IGUACU,9a RS FOZ DO IGUACU,MACRORREGIAO OESTE,2,3,1,3,0,3
HOSPITAL UNIMED FOZ,FOZ DO IGUACU,9a RS FOZ DO IGUACU,MACRORREGIAO OESTE,3,1,0,1,1,0
HOSPITAL UNIMED FOZ,FOZ DO IGUACU,9a RS FOZ DO IGUACU,MACRORREGIAO OESTE,4,1,0,1,0,0
HOSPITAL UNIMED FOZ,FOZ DO IGUACU,9a RS FOZ DO IGUACU,MACRORREGIAO OESTE,5,1,0,1,1,1
HOSPITAL UNIMED FOZ,FOZ DO IGUACU,9a RS FOZ DO IGUACU,MACRORREGIAO OESTE,7,2,0,2,1,0
HOSPITAL UNIMED FOZ,FOZ DO IGUACU,9a RS FOZ DO IGUACU,MACRORREGIAO OESTE,8,1,0,1,1,0
HOSPITAL UNIMED FOZ,FOZ DO IGUACU,9a RS FOZ DO IGUACU,MACRORREGIAO OESTE,9,2,0,2,0,2
HOSPITAL UNIMED FOZ,FOZ DO IGUACU,9a RS FOZ DO IGUACU,MACRORREGIAO OESTE,11,1,0,1,1,1
HOSPITAL UNIMED FOZ,FOZ DO IGUACU,9a RS FOZ DO IGUACU,MACRORREGIAO OESTE,15,1,0,1,0,1
HOSPITAL UNIMED FOZ,FOZ DO IGUACU,9a RS FOZ DO IGUACU,MACRORREGIAO OESTE,16,2,0,2,1,2
HOSPITAL UNIMED FOZ,FOZ DO IGUACU,9a RS FOZ DO IGUACU,MACRORREGIAO OESTE,17,3,0,2,0,1
HOSPITAL UNIMED FOZ,FOZ DO IGUACU,9a RS FOZ DO IGUACU,MACRORREGIAO OESTE,19,1,0,1,0,1
HOSPITAL UNIMED FOZ,FOZ DO IGUACU,9a RS FOZ DO IGUACU,MACRORREGIAO OESTE,20,3,1,3,1,2
HOSPITAL UNIMED FOZ,FOZ DO IGUACU,9a RS FOZ DO IGUACU,MACRORREGIAO OESTE,21,1,1,1,1,1
HOSPITAL UNIMED FOZ,FOZ DO IGUACU,9a RS FOZ DO IGUACU,MACRORREGIAO OESTE,22,1,1,1,1,0
HOSPITAL UNIMED FOZ,FOZ DO IGUACU,9a RS FOZ DO IGUACU,MACRORREGIAO OESTE,25,1,0,1,1,1
HOSPITAL UNIMED FOZ,FOZ DO IGUACU,9a RS FOZ DO IGUACU,MACRORREGIAO OESTE,26,2,1,2,1,0
HOSPITAL UNIMED FOZ,FOZ DO IGUACU,9a RS FOZ DO IGUACU,MACRORREGIAO OESTE,27,2,0,2,1,0
HOSPITAL UNIMED FOZ,FOZ DO IGUACU,9a RS FOZ DO IGUACU,MACRORREGIAO OESTE,28,1,0,1,0,1
HOSPITAL UNIMED FOZ,FOZ DO IGUACU,9a RS FOZ DO IGUACU,MACRORREGIAO OESTE,30,3,2,3,0,3
HOSPITAL UNIMED FOZ,FOZ DO IGUACU,9a RS FOZ DO IGUACU,MACRORREGIAO OESTE,32,3,0,3,1,2
HOSPITAL UNIMED FOZ,FOZ DO IGUACU,9a RS FOZ DO IGUACU,MACRORREGIAO OESTE,34,1,0,0,0,1
HOSPITAL UNIMED FOZ,FOZ DO IGUACU,9a RS FOZ DO IGUACU,MACRORREGIAO OESTE,36,1,0,1,0,0
HOSPITAL UNIVERSITARIO DO OESTE DO PARANA,SAO MIGUEL DO IGUACU,9a RS FOZ DO IGUACU,MACRORREGIAO OESTE,22,1,0,1,0,1
UNIDADE DE PRONTO ATENDIMENTO CABO DIEGO GUGEL DE ARAUJO,MEDIANEIRA,9a RS FOZ DO IGUACU,MACRORREGIAO OESTE,20,1,0,1,0,0
UNIDADE DE PRONTO ATENDIMENTO CABO DIEGO GUGEL DE ARAUJO,FOZ DO IGUACU,9a RS FOZ DO IGUACU,MACRORREGIAO OESTE,24,1,0,1,1,0
UNIDADE DE PRONTO ATENDIMENTO UPA,SAO MIGUEL DO IGUACU,9a RS FOZ DO IGUACU,MACRORREGIAO OESTE,24,1,0,1,0,1
UNIDADE DE PRONTO ATENDIMENTO UPA,SAO MIGUEL DO IGUACU,9a RS FOZ DO IGUACU,MACRORREGIAO OESTE,26,1,0,0,1,1
UNIDADE DE PRONTO ATENDIMENTO UPA,SAO MIGUEL DO IGUACU,9a RS FOZ DO IGUACU,MACRORREGIAO OESTE,27,2,0,1,2,2
UPA BRASILIA,SAO MIGUEL DO IGUACU,9a RS FOZ DO IGUACU,MACRORREGIAO OESTE,6,1,0,1,0,0
UPA BRASILIA,SAO MIGUEL DO IGUACU,9a RS FOZ DO IGUACU,MACRORREGIAO OESTE,8,2,0,2,0,2
UPA BRASILIA,SAO MIGUEL DO IGUACU,9a RS FOZ DO IGUACU,MACRORREGIAO OESTE,10,1,0,1,0,0
UPA BRASILIA,SAO MIGUEL DO IGUACU,9a RS FOZ DO IGUACU,MACRORREGIAO OESTE,14,1,0,1,0,1
UPA BRASILIA,SAO MIGUEL DO IGUACU,9a RS FOZ DO IGUACU,MACRORREGIAO OESTE,15,1,1,1,0,0
UPA BRASILIA,SAO MIGUEL DO IGUACU,9a RS FOZ DO IGUACU,MACRORREGIAO OESTE,21,1,1,1,0,1
UPA BRASILIA,SAO MIGUEL DO IGUACU,9a RS FOZ DO IGUACU,MACRORREGIAO OESTE,25,1,0,1,0,0
UPA BRASILIA,SAO MIGUEL DO IGUACU,9a RS FOZ DO IGUACU,MACRORREGIAO OESTE,28,1,0,1,0,0
UPA BRASILIA,SAO MIGUEL DO IGUACU,9a RS FOZ DO IGUACU,MACRORREGIAO OESTE,29,1,0,0,0,0
UPA BRASILIA,SAO MIGUEL DO IGUACU,9a RS FOZ DO IGUACU,MACRORREGIAO OESTE,34,1,0,1,1,1
UPA TANCREDO NEVES,SAO MIGUEL DO IGUACU,9a RS FOZ DO IGUACU,MACRORREGIAO OESTE,5,1,1,1,0,0
UPA TANCREDO NEVES,SAO MIGUEL DO IGUACU,9a RS FOZ DO IGUACU,MACRORREGIAO OESTE,6,2,0,2,0,1
UPA TANCREDO NEVES,SAO MIGUEL DO IGUACU,9a RS FOZ DO IGUACU,MACRORREGIAO OESTE,11,1,0,1,0,1
UPA TANCREDO NEVES,SAO MIGUEL DO IGUACU,9a RS FOZ DO IGUACU,MACRORREGIAO OESTE,12,2,0,2,0,1
UPA TANCREDO NEVES,SAO MIGUEL DO IGUACU,9a RS FOZ DO IGUACU,MACRORREGIAO OESTE,15,1,0,1,0,1
UPA TANCREDO NEVES,SAO MIGUEL DO IGUACU,9a RS FOZ DO IGUACU,MACRORREGIAO OESTE,16,1,0,1,0,0
UPA TANCREDO NEVES,SAO MIGUEL DO IGUACU,9a RS FOZ DO IGUACU,MACRORREGIAO OESTE,19,4,0,4,0,4
UPA TANCREDO NEVES,SAO MIGUEL DO IGUACU,9a RS FOZ DO IGUACU,MACRORREGIAO OESTE,20,1,0,1,0,0
UPA TANCREDO NEVES,SAO MIGUEL DO IGUACU,9a RS FOZ DO IGUACU,MACRORREGIAO OESTE,21,3,0,3,0,1
UPA TANCREDO NEVES,SAO MIGUEL DO IGUACU,9a RS FOZ DO IGUACU,MACRORREGIAO OESTE,23,3,0,3,0,2
UPA TANCREDO NEVES,SAO MIGUEL DO IGUACU,9a RS FOZ DO IGUACU,MACRORREGIAO OESTE,24,2,0,2,0,2
UPA TANCREDO NEVES,SAO MIGUEL DO IGUACU,9a RS FOZ DO IGUACU,MACRORREGIAO OESTE,25,2,0,2,0,2
UPA TANCREDO NEVES,SAO MIGUEL DO IGUACU,9a RS FOZ DO IGUACU,MACRORREGIAO OESTE,26,1,0,1,0,0
UPA TANCREDO NEVES,SAO MIGUEL DO IGUACU,9a RS FOZ DO IGUACU,MACRORREGIAO OESTE,27,1,0,1,0,1
UPA TANCREDO NEVES,SAO MIGUEL DO IGUACU,9a RS FOZ DO IGUACU,MACRORREGIAO OESTE,29,1,0,1,0,1
UPA TANCREDO NEVES,SAO MIGUEL DO IGUACU,9a RS FOZ DO IGUACU,MACRORREGIAO OESTE,30,2,0,2,0,2
UPA TANCREDO NEVES,SAO MIGUEL DO IGUACU,9a RS FOZ DO IGUACU,MACRORREGIAO OESTE,34,1,0,0,0,1
UPA TANCREDO NEVES,SAO MIGUEL DO IGUACU,9a RS FOZ DO IGUACU,MACRORREGIAO OESTE,35,1,0,0,0,0
UPA TANCREDO NEVES,SAO MIGUEL DO IGUACU,9a RS FOZ DO IGUACU,MACRORREGIAO OESTE,36,1,0,0,0,0
UPA VENEZA,SAO MIGUEL DO IGUACU,9a RS FOZ DO IGUACU,MACRORREGIAO OESTE,1,1,0,1,0,0
UPA VENEZA,SAO MIGUEL DO IGUACU,9a RS FOZ DO IGUACU,MACRORREGIAO OESTE,3,1,0,1,0,0
UPA VENEZA,SAO MIGUEL DO IGUACU,9a RS FOZ DO IGUACU,MACRORREGIAO OESTE,4,1,0,1,1,0
UPA VENEZA,SAO MIGUEL DO IGUACU,9a RS FOZ DO IGUACU,MACRORREGIAO OESTE,7,1,0,1,0,1
UPA VENEZA,SAO MIGUEL DO IGUACU,9a RS FOZ DO IGUACU,MACRORREGIAO OESTE,8,3,0,3,0,1
UPA VENEZA,SAO MIGUEL DO IGUACU,9a RS FOZ DO IGUACU,MACRORREGIAO OESTE,11,1,0,1,0,1
UPA VENEZA,SAO MIGUEL DO IGUACU,9a RS FOZ DO IGUACU,MACRORREGIAO OESTE,15,2,1,2,0,0
UPA VENEZA,SAO MIGUEL DO IGUACU,9a RS FOZ DO IGUACU,MACRORREGIAO OESTE,16,3,1,3,0,0
UPA VENEZA,SAO MIGUEL DO IGUACU,9a RS FOZ DO IGUACU,MACRORREGIAO OESTE,18,1,0,1,0,1
UPA VENEZA,SAO MIGUEL DO IGUACU,9a RS FOZ DO IGUACU,MACRORREGIAO OESTE,19,3,0,3,0,3
UPA VENEZA,SAO MIGUEL DO IGUACU,9a RS FOZ DO IGUACU,MACRORREGIAO OESTE,20,1,0,1,0,0
UPA VENEZA,SAO MIGUEL DO IGUACU,9a RS FOZ DO IGUACU,MACRORREGIAO OESTE,21,2,0,2,0,2
UPA VENEZA,SAO MIGUEL DO IGUACU,9a RS FOZ DO IGUACU,MACRORREGIAO OESTE,22,3,0,3,0,3
UPA VENEZA,SAO MIGUEL DO IGUACU,9a RS FOZ DO IGUACU,MACRORREGIAO OESTE,23,4,0,4,0,3
UPA VENEZA,SAO MIGUEL DO IGUACU,9a RS FOZ DO IGUACU,MACRORREGIAO OESTE,24,1,0,1,0,1
UPA VENEZA,SAO MIGUEL DO IGUACU,9a RS FOZ DO IGUACU,MACRORREGIAO OESTE,25,3,0,3,0,2
UPA VENEZA,MEDIANEIRA,9a RS FOZ DO IGUACU,MACRORREGIAO OESTE,26,1,0,1,0,0
UPA VENEZA,SAO MIGUEL DO IGUACU,9a RS FOZ DO IGUACU,MACRORREGIAO OESTE,28,2,0,2,0,2
UPA VENEZA,SAO MIGUEL DO IGUACU,9a RS FOZ DO IGUACU,MACRORREGIAO OESTE,30,2,1,2,0,0
UPA VENEZA,SAO MIGUEL DO IGUACU,9a RS FOZ DO IGUACU,MACRORREGIAO OESTE,31,2,0,2,0,1
UPA VENEZA,SAO MIGUEL DO IGUACU,9a RS FOZ DO IGUACU,MACRORREGIAO OESTE,32,1,0,1,0,0
UPA VENEZA,SAO MIGUEL DO IGUACU,9a RS FOZ DO IGUACU,MACRORREGIAO OESTE,34,1,0,1,0,0
